Report date,Previous report date,Period label,Zone key,Case classification,Net case change,Is negative revision,Is opening balance,Interval days
2018-08-05,,unknown - 5 August 2018,South Kivu | Mwenga,Confirmed,0,0,1,
2018-08-12,2018-08-05,5 Aug 2018 - 12 Aug 2018,South Kivu | Mwenga,Confirmed,0,0,0,7
2018-08-20,2018-08-12,12 Aug 2018 - 20 Aug 2018,South Kivu | Mwenga,Confirmed,0,0,0,8
2018-08-26,2018-08-20,20 Aug 2018 - 26 Aug 2018,South Kivu | Mwenga,Confirmed,0,0,0,6
2018-09-02,2018-08-26,26 Aug 2018 - 2 Sep 2018,South Kivu | Mwenga,Confirmed,0,0,0,7
2018-09-09,2018-09-02,2 Sep 2018 - 9 Sep 2018,South Kivu | Mwenga,Confirmed,0,0,0,7
2018-09-16,2018-09-09,9 Sep 2018 - 16 Sep 2018,South Kivu | Mwenga,Confirmed,0,0,0,7
2018-09-23,2018-09-16,16 Sep 2018 - 23 Sep 2018,South Kivu | Mwenga,Confirmed,0,0,0,7
2018-10-02,2018-09-23,23 Sep 2018 - 2 Oct 2018,South Kivu | Mwenga,Confirmed,0,0,0,9
2018-10-07,2018-10-02,2 Oct 2018 - 7 Oct 2018,South Kivu | Mwenga,Confirmed,0,0,0,5
2018-10-15,2018-10-07,7 Oct 2018 - 15 Oct 2018,South Kivu | Mwenga,Confirmed,0,0,0,8
2018-10-21,2018-10-15,15 Oct 2018 - 21 Oct 2018,South Kivu | Mwenga,Confirmed,0,0,0,6
2018-10-28,2018-10-21,21 Oct 2018 - 28 Oct 2018,South Kivu | Mwenga,Confirmed,0,0,0,7
2018-11-04,2018-10-28,28 Oct 2018 - 4 Nov 2018,South Kivu | Mwenga,Confirmed,0,0,0,7
2018-11-11,2018-11-04,4 Nov 2018 - 11 Nov 2018,South Kivu | Mwenga,Confirmed,0,0,0,7
2018-11-19,2018-11-11,11 Nov 2018 - 19 Nov 2018,South Kivu | Mwenga,Confirmed,0,0,0,8
2018-11-26,2018-11-19,19 Nov 2018 - 26 Nov 2018,South Kivu | Mwenga,Confirmed,0,0,0,7
2018-12-03,2018-11-26,26 Nov 2018 - 3 Dec 2018,South Kivu | Mwenga,Confirmed,0,0,0,7
2018-12-10,2018-12-03,3 Dec 2018 - 10 Dec 2018,South Kivu | Mwenga,Confirmed,0,0,0,7
2018-12-16,2018-12-10,10 Dec 2018 - 16 Dec 2018,South Kivu | Mwenga,Confirmed,0,0,0,6
2018-12-25,2018-12-16,16 Dec 2018 - 25 Dec 2018,South Kivu | Mwenga,Confirmed,0,0,0,9
2019-01-01,2018-12-25,25 Dec 2018 - 1 Jan 2019,South Kivu | Mwenga,Confirmed,0,0,0,7
2019-01-06,2019-01-01,1 Jan 2019 - 6 Jan 2019,South Kivu | Mwenga,Confirmed,0,0,0,5
2019-01-14,2019-01-06,6 Jan 2019 - 14 Jan 2019,South Kivu | Mwenga,Confirmed,0,0,0,8
2019-01-21,2019-01-14,14 Jan 2019 - 21 Jan 2019,South Kivu | Mwenga,Confirmed,0,0,0,7
2019-01-28,2019-01-21,21 Jan 2019 - 28 Jan 2019,South Kivu | Mwenga,Confirmed,0,0,0,7
2019-02-03,2019-01-28,28 Jan 2019 - 3 Feb 2019,South Kivu | Mwenga,Confirmed,0,0,0,6
2019-02-10,2019-02-03,3 Feb 2019 - 10 Feb 2019,South Kivu | Mwenga,Confirmed,0,0,0,7
2019-02-17,2019-02-10,10 Feb 2019 - 17 Feb 2019,South Kivu | Mwenga,Confirmed,0,0,0,7
2019-02-24,2019-02-17,17 Feb 2019 - 24 Feb 2019,South Kivu | Mwenga,Confirmed,0,0,0,7
2019-03-03,2019-02-24,24 Feb 2019 - 3 Mar 2019,South Kivu | Mwenga,Confirmed,0,0,0,7
2019-03-10,2019-03-03,3 Mar 2019 - 10 Mar 2019,South Kivu | Mwenga,Confirmed,0,0,0,7
2019-03-17,2019-03-10,10 Mar 2019 - 17 Mar 2019,South Kivu | Mwenga,Confirmed,0,0,0,7
2019-03-24,2019-03-17,17 Mar 2019 - 24 Mar 2019,South Kivu | Mwenga,Confirmed,0,0,0,7
2019-03-31,2019-03-24,24 Mar 2019 - 31 Mar 2019,South Kivu | Mwenga,Confirmed,0,0,0,7
2019-04-07,2019-03-31,31 Mar 2019 - 7 Apr 2019,South Kivu | Mwenga,Confirmed,0,0,0,7
2019-04-14,2019-04-07,7 Apr 2019 - 14 Apr 2019,South Kivu | Mwenga,Confirmed,0,0,0,7
2019-04-22,2019-04-14,14 Apr 2019 - 22 Apr 2019,South Kivu | Mwenga,Confirmed,0,0,0,8
2019-04-28,2019-04-22,22 Apr 2019 - 28 Apr 2019,South Kivu | Mwenga,Confirmed,0,0,0,6
2019-05-05,2019-04-28,28 Apr 2019 - 5 May 2019,South Kivu | Mwenga,Confirmed,0,0,0,7
2019-05-12,2019-05-05,5 May 2019 - 12 May 2019,South Kivu | Mwenga,Confirmed,0,0,0,7
2019-05-19,2019-05-12,12 May 2019 - 19 May 2019,South Kivu | Mwenga,Confirmed,0,0,0,7
2019-05-26,2019-05-19,19 May 2019 - 26 May 2019,South Kivu | Mwenga,Confirmed,0,0,0,7
2019-06-02,2019-05-26,26 May 2019 - 2 Jun 2019,South Kivu | Mwenga,Confirmed,0,0,0,7
2019-06-12,2019-06-02,2 Jun 2019 - 12 Jun 2019,South Kivu | Mwenga,Confirmed,0,0,0,10
2019-06-16,2019-06-12,12 Jun 2019 - 16 Jun 2019,South Kivu | Mwenga,Confirmed,0,0,0,4
2019-06-23,2019-06-16,16 Jun 2019 - 23 Jun 2019,South Kivu | Mwenga,Confirmed,0,0,0,7
2019-06-30,2019-06-23,23 Jun 2019 - 30 Jun 2019,South Kivu | Mwenga,Confirmed,0,0,0,7
2019-07-07,2019-06-30,30 Jun 2019 - 7 Jul 2019,South Kivu | Mwenga,Confirmed,0,0,0,7
2019-07-14,2019-07-07,7 Jul 2019 - 14 Jul 2019,South Kivu | Mwenga,Confirmed,0,0,0,7
2019-07-21,2019-07-14,14 Jul 2019 - 21 Jul 2019,South Kivu | Mwenga,Confirmed,0,0,0,7
2019-07-28,2019-07-21,21 Jul 2019 - 28 Jul 2019,South Kivu | Mwenga,Confirmed,0,0,0,7
2019-08-04,2019-07-28,28 Jul 2019 - 4 Aug 2019,South Kivu | Mwenga,Confirmed,0,0,0,7
2019-08-11,2019-08-04,4 Aug 2019 - 11 Aug 2019,South Kivu | Mwenga,Confirmed,0,0,0,7
2019-08-18,2019-08-11,11 Aug 2019 - 18 Aug 2019,South Kivu | Mwenga,Confirmed,3,0,0,7
2019-08-25,2019-08-18,18 Aug 2019 - 25 Aug 2019,South Kivu | Mwenga,Confirmed,1,0,0,7
2019-09-01,2019-08-25,25 Aug 2019 - 1 Sep 2019,South Kivu | Mwenga,Confirmed,2,0,0,7
2019-09-08,2019-09-01,1 Sep 2019 - 8 Sep 2019,South Kivu | Mwenga,Confirmed,0,0,0,7
2019-09-15,2019-09-08,8 Sep 2019 - 15 Sep 2019,South Kivu | Mwenga,Confirmed,0,0,0,7
2019-09-22,2019-09-15,15 Sep 2019 - 22 Sep 2019,South Kivu | Mwenga,Confirmed,0,0,0,7
2019-09-29,2019-09-22,22 Sep 2019 - 29 Sep 2019,South Kivu | Mwenga,Confirmed,0,0,0,7
2019-10-06,2019-09-29,29 Sep 2019 - 6 Oct 2019,South Kivu | Mwenga,Confirmed,0,0,0,7
2019-10-13,2019-10-06,6 Oct 2019 - 13 Oct 2019,South Kivu | Mwenga,Confirmed,0,0,0,7
2019-10-20,2019-10-13,13 Oct 2019 - 20 Oct 2019,South Kivu | Mwenga,Confirmed,0,0,0,7
2019-10-27,2019-10-20,20 Oct 2019 - 27 Oct 2019,South Kivu | Mwenga,Confirmed,0,0,0,7
2019-11-03,2019-10-27,27 Oct 2019 - 3 Nov 2019,South Kivu | Mwenga,Confirmed,0,0,0,7
2019-11-10,2019-11-03,3 Nov 2019 - 10 Nov 2019,South Kivu | Mwenga,Confirmed,0,0,0,7
2019-11-17,2019-11-10,10 Nov 2019 - 17 Nov 2019,South Kivu | Mwenga,Confirmed,0,0,0,7
2019-11-24,2019-11-17,17 Nov 2019 - 24 Nov 2019,South Kivu | Mwenga,Confirmed,0,0,0,7
2019-12-01,2019-11-24,24 Nov 2019 - 1 Dec 2019,South Kivu | Mwenga,Confirmed,0,0,0,7
2019-12-08,2019-12-01,1 Dec 2019 - 8 Dec 2019,South Kivu | Mwenga,Confirmed,0,0,0,7
2019-12-15,2019-12-08,8 Dec 2019 - 15 Dec 2019,South Kivu | Mwenga,Confirmed,0,0,0,7
2019-12-22,2019-12-15,15 Dec 2019 - 22 Dec 2019,South Kivu | Mwenga,Confirmed,0,0,0,7
2020-01-05,2019-12-22,22 Dec 2019 - 5 Jan 2020,South Kivu | Mwenga,Confirmed,0,0,0,14
2020-01-12,2020-01-05,5 Jan 2020 - 12 Jan 2020,South Kivu | Mwenga,Confirmed,0,0,0,7
2020-01-19,2020-01-12,12 Jan 2020 - 19 Jan 2020,South Kivu | Mwenga,Confirmed,0,0,0,7
2020-01-26,2020-01-19,19 Jan 2020 - 26 Jan 2020,South Kivu | Mwenga,Confirmed,0,0,0,7
2018-08-05,,unknown - 5 August 2018,South Kivu | Mwenga,Probable,0,0,1,
2018-08-12,2018-08-05,5 Aug 2018 - 12 Aug 2018,South Kivu | Mwenga,Probable,0,0,0,7
2018-08-20,2018-08-12,12 Aug 2018 - 20 Aug 2018,South Kivu | Mwenga,Probable,0,0,0,8
2018-08-26,2018-08-20,20 Aug 2018 - 26 Aug 2018,South Kivu | Mwenga,Probable,0,0,0,6
2018-09-02,2018-08-26,26 Aug 2018 - 2 Sep 2018,South Kivu | Mwenga,Probable,0,0,0,7
2018-09-09,2018-09-02,2 Sep 2018 - 9 Sep 2018,South Kivu | Mwenga,Probable,0,0,0,7
2018-09-16,2018-09-09,9 Sep 2018 - 16 Sep 2018,South Kivu | Mwenga,Probable,0,0,0,7
2018-09-23,2018-09-16,16 Sep 2018 - 23 Sep 2018,South Kivu | Mwenga,Probable,0,0,0,7
2018-10-02,2018-09-23,23 Sep 2018 - 2 Oct 2018,South Kivu | Mwenga,Probable,0,0,0,9
2018-10-07,2018-10-02,2 Oct 2018 - 7 Oct 2018,South Kivu | Mwenga,Probable,0,0,0,5
2018-10-15,2018-10-07,7 Oct 2018 - 15 Oct 2018,South Kivu | Mwenga,Probable,0,0,0,8
2018-10-21,2018-10-15,15 Oct 2018 - 21 Oct 2018,South Kivu | Mwenga,Probable,0,0,0,6
2018-10-28,2018-10-21,21 Oct 2018 - 28 Oct 2018,South Kivu | Mwenga,Probable,0,0,0,7
2018-11-04,2018-10-28,28 Oct 2018 - 4 Nov 2018,South Kivu | Mwenga,Probable,0,0,0,7
2018-11-11,2018-11-04,4 Nov 2018 - 11 Nov 2018,South Kivu | Mwenga,Probable,0,0,0,7
2018-11-19,2018-11-11,11 Nov 2018 - 19 Nov 2018,South Kivu | Mwenga,Probable,0,0,0,8
2018-11-26,2018-11-19,19 Nov 2018 - 26 Nov 2018,South Kivu | Mwenga,Probable,0,0,0,7
2018-12-03,2018-11-26,26 Nov 2018 - 3 Dec 2018,South Kivu | Mwenga,Probable,0,0,0,7
2018-12-10,2018-12-03,3 Dec 2018 - 10 Dec 2018,South Kivu | Mwenga,Probable,0,0,0,7
2018-12-16,2018-12-10,10 Dec 2018 - 16 Dec 2018,South Kivu | Mwenga,Probable,0,0,0,6
2018-12-25,2018-12-16,16 Dec 2018 - 25 Dec 2018,South Kivu | Mwenga,Probable,0,0,0,9
2019-01-01,2018-12-25,25 Dec 2018 - 1 Jan 2019,South Kivu | Mwenga,Probable,0,0,0,7
2019-01-06,2019-01-01,1 Jan 2019 - 6 Jan 2019,South Kivu | Mwenga,Probable,0,0,0,5
2019-01-14,2019-01-06,6 Jan 2019 - 14 Jan 2019,South Kivu | Mwenga,Probable,0,0,0,8
2019-01-21,2019-01-14,14 Jan 2019 - 21 Jan 2019,South Kivu | Mwenga,Probable,0,0,0,7
2019-01-28,2019-01-21,21 Jan 2019 - 28 Jan 2019,South Kivu | Mwenga,Probable,0,0,0,7
2019-02-03,2019-01-28,28 Jan 2019 - 3 Feb 2019,South Kivu | Mwenga,Probable,0,0,0,6
2019-02-10,2019-02-03,3 Feb 2019 - 10 Feb 2019,South Kivu | Mwenga,Probable,0,0,0,7
2019-02-17,2019-02-10,10 Feb 2019 - 17 Feb 2019,South Kivu | Mwenga,Probable,0,0,0,7
2019-02-24,2019-02-17,17 Feb 2019 - 24 Feb 2019,South Kivu | Mwenga,Probable,0,0,0,7
2019-03-03,2019-02-24,24 Feb 2019 - 3 Mar 2019,South Kivu | Mwenga,Probable,0,0,0,7
2019-03-10,2019-03-03,3 Mar 2019 - 10 Mar 2019,South Kivu | Mwenga,Probable,0,0,0,7
2019-03-17,2019-03-10,10 Mar 2019 - 17 Mar 2019,South Kivu | Mwenga,Probable,0,0,0,7
2019-03-24,2019-03-17,17 Mar 2019 - 24 Mar 2019,South Kivu | Mwenga,Probable,0,0,0,7
2019-03-31,2019-03-24,24 Mar 2019 - 31 Mar 2019,South Kivu | Mwenga,Probable,0,0,0,7
2019-04-07,2019-03-31,31 Mar 2019 - 7 Apr 2019,South Kivu | Mwenga,Probable,0,0,0,7
2019-04-14,2019-04-07,7 Apr 2019 - 14 Apr 2019,South Kivu | Mwenga,Probable,0,0,0,7
2019-04-22,2019-04-14,14 Apr 2019 - 22 Apr 2019,South Kivu | Mwenga,Probable,0,0,0,8
2019-04-28,2019-04-22,22 Apr 2019 - 28 Apr 2019,South Kivu | Mwenga,Probable,0,0,0,6
2019-05-05,2019-04-28,28 Apr 2019 - 5 May 2019,South Kivu | Mwenga,Probable,0,0,0,7
2019-05-12,2019-05-05,5 May 2019 - 12 May 2019,South Kivu | Mwenga,Probable,0,0,0,7
2019-05-19,2019-05-12,12 May 2019 - 19 May 2019,South Kivu | Mwenga,Probable,0,0,0,7
2019-05-26,2019-05-19,19 May 2019 - 26 May 2019,South Kivu | Mwenga,Probable,0,0,0,7
2019-06-02,2019-05-26,26 May 2019 - 2 Jun 2019,South Kivu | Mwenga,Probable,0,0,0,7
2019-06-12,2019-06-02,2 Jun 2019 - 12 Jun 2019,South Kivu | Mwenga,Probable,0,0,0,10
2019-06-16,2019-06-12,12 Jun 2019 - 16 Jun 2019,South Kivu | Mwenga,Probable,0,0,0,4
2019-06-23,2019-06-16,16 Jun 2019 - 23 Jun 2019,South Kivu | Mwenga,Probable,0,0,0,7
2019-06-30,2019-06-23,23 Jun 2019 - 30 Jun 2019,South Kivu | Mwenga,Probable,0,0,0,7
2019-07-07,2019-06-30,30 Jun 2019 - 7 Jul 2019,South Kivu | Mwenga,Probable,0,0,0,7
2019-07-14,2019-07-07,7 Jul 2019 - 14 Jul 2019,South Kivu | Mwenga,Probable,0,0,0,7
2019-07-21,2019-07-14,14 Jul 2019 - 21 Jul 2019,South Kivu | Mwenga,Probable,0,0,0,7
2019-07-28,2019-07-21,21 Jul 2019 - 28 Jul 2019,South Kivu | Mwenga,Probable,0,0,0,7
2019-08-04,2019-07-28,28 Jul 2019 - 4 Aug 2019,South Kivu | Mwenga,Probable,0,0,0,7
2019-08-11,2019-08-04,4 Aug 2019 - 11 Aug 2019,South Kivu | Mwenga,Probable,0,0,0,7
2019-08-18,2019-08-11,11 Aug 2019 - 18 Aug 2019,South Kivu | Mwenga,Probable,0,0,0,7
2019-08-25,2019-08-18,18 Aug 2019 - 25 Aug 2019,South Kivu | Mwenga,Probable,0,0,0,7
2019-09-01,2019-08-25,25 Aug 2019 - 1 Sep 2019,South Kivu | Mwenga,Probable,0,0,0,7
2019-09-08,2019-09-01,1 Sep 2019 - 8 Sep 2019,South Kivu | Mwenga,Probable,0,0,0,7
2019-09-15,2019-09-08,8 Sep 2019 - 15 Sep 2019,South Kivu | Mwenga,Probable,0,0,0,7
2019-09-22,2019-09-15,15 Sep 2019 - 22 Sep 2019,South Kivu | Mwenga,Probable,0,0,0,7
2019-09-29,2019-09-22,22 Sep 2019 - 29 Sep 2019,South Kivu | Mwenga,Probable,0,0,0,7
2019-10-06,2019-09-29,29 Sep 2019 - 6 Oct 2019,South Kivu | Mwenga,Probable,0,0,0,7
2019-10-13,2019-10-06,6 Oct 2019 - 13 Oct 2019,South Kivu | Mwenga,Probable,0,0,0,7
2019-10-20,2019-10-13,13 Oct 2019 - 20 Oct 2019,South Kivu | Mwenga,Probable,0,0,0,7
2019-10-27,2019-10-20,20 Oct 2019 - 27 Oct 2019,South Kivu | Mwenga,Probable,0,0,0,7
2019-11-03,2019-10-27,27 Oct 2019 - 3 Nov 2019,South Kivu | Mwenga,Probable,0,0,0,7
2019-11-10,2019-11-03,3 Nov 2019 - 10 Nov 2019,South Kivu | Mwenga,Probable,0,0,0,7
2019-11-17,2019-11-10,10 Nov 2019 - 17 Nov 2019,South Kivu | Mwenga,Probable,0,0,0,7
2019-11-24,2019-11-17,17 Nov 2019 - 24 Nov 2019,South Kivu | Mwenga,Probable,0,0,0,7
2019-12-01,2019-11-24,24 Nov 2019 - 1 Dec 2019,South Kivu | Mwenga,Probable,0,0,0,7
2019-12-08,2019-12-01,1 Dec 2019 - 8 Dec 2019,South Kivu | Mwenga,Probable,0,0,0,7
2019-12-15,2019-12-08,8 Dec 2019 - 15 Dec 2019,South Kivu | Mwenga,Probable,0,0,0,7
2019-12-22,2019-12-15,15 Dec 2019 - 22 Dec 2019,South Kivu | Mwenga,Probable,0,0,0,7
2020-01-05,2019-12-22,22 Dec 2019 - 5 Jan 2020,South Kivu | Mwenga,Probable,0,0,0,14
2020-01-12,2020-01-05,5 Jan 2020 - 12 Jan 2020,South Kivu | Mwenga,Probable,0,0,0,7
2020-01-19,2020-01-12,12 Jan 2020 - 19 Jan 2020,South Kivu | Mwenga,Probable,0,0,0,7
2020-01-26,2020-01-19,19 Jan 2020 - 26 Jan 2020,South Kivu | Mwenga,Probable,0,0,0,7
2018-08-05,,unknown - 5 August 2018,North Kivu | Alimbongo,Confirmed,0,0,1,
2018-08-12,2018-08-05,5 Aug 2018 - 12 Aug 2018,North Kivu | Alimbongo,Confirmed,0,0,0,7
2018-08-20,2018-08-12,12 Aug 2018 - 20 Aug 2018,North Kivu | Alimbongo,Confirmed,0,0,0,8
2018-08-26,2018-08-20,20 Aug 2018 - 26 Aug 2018,North Kivu | Alimbongo,Confirmed,0,0,0,6
2018-09-02,2018-08-26,26 Aug 2018 - 2 Sep 2018,North Kivu | Alimbongo,Confirmed,0,0,0,7
2018-09-09,2018-09-02,2 Sep 2018 - 9 Sep 2018,North Kivu | Alimbongo,Confirmed,0,0,0,7
2018-09-16,2018-09-09,9 Sep 2018 - 16 Sep 2018,North Kivu | Alimbongo,Confirmed,0,0,0,7
2018-09-23,2018-09-16,16 Sep 2018 - 23 Sep 2018,North Kivu | Alimbongo,Confirmed,0,0,0,7
2018-10-02,2018-09-23,23 Sep 2018 - 2 Oct 2018,North Kivu | Alimbongo,Confirmed,0,0,0,9
2018-10-07,2018-10-02,2 Oct 2018 - 7 Oct 2018,North Kivu | Alimbongo,Confirmed,0,0,0,5
2018-10-15,2018-10-07,7 Oct 2018 - 15 Oct 2018,North Kivu | Alimbongo,Confirmed,0,0,0,8
2018-10-21,2018-10-15,15 Oct 2018 - 21 Oct 2018,North Kivu | Alimbongo,Confirmed,0,0,0,6
2018-10-28,2018-10-21,21 Oct 2018 - 28 Oct 2018,North Kivu | Alimbongo,Confirmed,0,0,0,7
2018-11-04,2018-10-28,28 Oct 2018 - 4 Nov 2018,North Kivu | Alimbongo,Confirmed,0,0,0,7
2018-11-11,2018-11-04,4 Nov 2018 - 11 Nov 2018,North Kivu | Alimbongo,Confirmed,0,0,0,7
2018-11-19,2018-11-11,11 Nov 2018 - 19 Nov 2018,North Kivu | Alimbongo,Confirmed,0,0,0,8
2018-11-26,2018-11-19,19 Nov 2018 - 26 Nov 2018,North Kivu | Alimbongo,Confirmed,0,0,0,7
2018-12-03,2018-11-26,26 Nov 2018 - 3 Dec 2018,North Kivu | Alimbongo,Confirmed,0,0,0,7
2018-12-10,2018-12-03,3 Dec 2018 - 10 Dec 2018,North Kivu | Alimbongo,Confirmed,0,0,0,7
2018-12-16,2018-12-10,10 Dec 2018 - 16 Dec 2018,North Kivu | Alimbongo,Confirmed,0,0,0,6
2018-12-25,2018-12-16,16 Dec 2018 - 25 Dec 2018,North Kivu | Alimbongo,Confirmed,0,0,0,9
2019-01-01,2018-12-25,25 Dec 2018 - 1 Jan 2019,North Kivu | Alimbongo,Confirmed,0,0,0,7
2019-01-06,2019-01-01,1 Jan 2019 - 6 Jan 2019,North Kivu | Alimbongo,Confirmed,0,0,0,5
2019-01-14,2019-01-06,6 Jan 2019 - 14 Jan 2019,North Kivu | Alimbongo,Confirmed,0,0,0,8
2019-01-21,2019-01-14,14 Jan 2019 - 21 Jan 2019,North Kivu | Alimbongo,Confirmed,0,0,0,7
2019-01-28,2019-01-21,21 Jan 2019 - 28 Jan 2019,North Kivu | Alimbongo,Confirmed,0,0,0,7
2019-02-03,2019-01-28,28 Jan 2019 - 3 Feb 2019,North Kivu | Alimbongo,Confirmed,0,0,0,6
2019-02-10,2019-02-03,3 Feb 2019 - 10 Feb 2019,North Kivu | Alimbongo,Confirmed,0,0,0,7
2019-02-17,2019-02-10,10 Feb 2019 - 17 Feb 2019,North Kivu | Alimbongo,Confirmed,0,0,0,7
2019-02-24,2019-02-17,17 Feb 2019 - 24 Feb 2019,North Kivu | Alimbongo,Confirmed,0,0,0,7
2019-03-03,2019-02-24,24 Feb 2019 - 3 Mar 2019,North Kivu | Alimbongo,Confirmed,0,0,0,7
2019-03-10,2019-03-03,3 Mar 2019 - 10 Mar 2019,North Kivu | Alimbongo,Confirmed,0,0,0,7
2019-03-17,2019-03-10,10 Mar 2019 - 17 Mar 2019,North Kivu | Alimbongo,Confirmed,0,0,0,7
2019-03-24,2019-03-17,17 Mar 2019 - 24 Mar 2019,North Kivu | Alimbongo,Confirmed,0,0,0,7
2019-03-31,2019-03-24,24 Mar 2019 - 31 Mar 2019,North Kivu | Alimbongo,Confirmed,0,0,0,7
2019-04-07,2019-03-31,31 Mar 2019 - 7 Apr 2019,North Kivu | Alimbongo,Confirmed,0,0,0,7
2019-04-14,2019-04-07,7 Apr 2019 - 14 Apr 2019,North Kivu | Alimbongo,Confirmed,0,0,0,7
2019-04-22,2019-04-14,14 Apr 2019 - 22 Apr 2019,North Kivu | Alimbongo,Confirmed,0,0,0,8
2019-04-28,2019-04-22,22 Apr 2019 - 28 Apr 2019,North Kivu | Alimbongo,Confirmed,0,0,0,6
2019-05-05,2019-04-28,28 Apr 2019 - 5 May 2019,North Kivu | Alimbongo,Confirmed,0,0,0,7
2019-05-12,2019-05-05,5 May 2019 - 12 May 2019,North Kivu | Alimbongo,Confirmed,0,0,0,7
2019-05-19,2019-05-12,12 May 2019 - 19 May 2019,North Kivu | Alimbongo,Confirmed,1,0,0,7
2019-05-26,2019-05-19,19 May 2019 - 26 May 2019,North Kivu | Alimbongo,Confirmed,0,0,0,7
2019-06-02,2019-05-26,26 May 2019 - 2 Jun 2019,North Kivu | Alimbongo,Confirmed,0,0,0,7
2019-06-12,2019-06-02,2 Jun 2019 - 12 Jun 2019,North Kivu | Alimbongo,Confirmed,0,0,0,10
2019-06-16,2019-06-12,12 Jun 2019 - 16 Jun 2019,North Kivu | Alimbongo,Confirmed,0,0,0,4
2019-06-23,2019-06-16,16 Jun 2019 - 23 Jun 2019,North Kivu | Alimbongo,Confirmed,1,0,0,7
2019-06-30,2019-06-23,23 Jun 2019 - 30 Jun 2019,North Kivu | Alimbongo,Confirmed,1,0,0,7
2019-07-07,2019-06-30,30 Jun 2019 - 7 Jul 2019,North Kivu | Alimbongo,Confirmed,0,0,0,7
2019-07-14,2019-07-07,7 Jul 2019 - 14 Jul 2019,North Kivu | Alimbongo,Confirmed,1,0,0,7
2019-07-21,2019-07-14,14 Jul 2019 - 21 Jul 2019,North Kivu | Alimbongo,Confirmed,0,0,0,7
2019-07-28,2019-07-21,21 Jul 2019 - 28 Jul 2019,North Kivu | Alimbongo,Confirmed,0,0,0,7
2019-08-04,2019-07-28,28 Jul 2019 - 4 Aug 2019,North Kivu | Alimbongo,Confirmed,1,0,0,7
2019-08-11,2019-08-04,4 Aug 2019 - 11 Aug 2019,North Kivu | Alimbongo,Confirmed,0,0,0,7
2019-08-18,2019-08-11,11 Aug 2019 - 18 Aug 2019,North Kivu | Alimbongo,Confirmed,0,0,0,7
2019-08-25,2019-08-18,18 Aug 2019 - 25 Aug 2019,North Kivu | Alimbongo,Confirmed,0,0,0,7
2019-09-01,2019-08-25,25 Aug 2019 - 1 Sep 2019,North Kivu | Alimbongo,Confirmed,0,0,0,7
2019-09-08,2019-09-01,1 Sep 2019 - 8 Sep 2019,North Kivu | Alimbongo,Confirmed,0,0,0,7
2019-09-15,2019-09-08,8 Sep 2019 - 15 Sep 2019,North Kivu | Alimbongo,Confirmed,0,0,0,7
2019-09-22,2019-09-15,15 Sep 2019 - 22 Sep 2019,North Kivu | Alimbongo,Confirmed,0,0,0,7
2019-09-29,2019-09-22,22 Sep 2019 - 29 Sep 2019,North Kivu | Alimbongo,Confirmed,0,0,0,7
2019-10-06,2019-09-29,29 Sep 2019 - 6 Oct 2019,North Kivu | Alimbongo,Confirmed,0,0,0,7
2019-10-13,2019-10-06,6 Oct 2019 - 13 Oct 2019,North Kivu | Alimbongo,Confirmed,0,0,0,7
2019-10-20,2019-10-13,13 Oct 2019 - 20 Oct 2019,North Kivu | Alimbongo,Confirmed,0,0,0,7
2019-10-27,2019-10-20,20 Oct 2019 - 27 Oct 2019,North Kivu | Alimbongo,Confirmed,0,0,0,7
2019-11-03,2019-10-27,27 Oct 2019 - 3 Nov 2019,North Kivu | Alimbongo,Confirmed,0,0,0,7
2019-11-10,2019-11-03,3 Nov 2019 - 10 Nov 2019,North Kivu | Alimbongo,Confirmed,0,0,0,7
2019-11-17,2019-11-10,10 Nov 2019 - 17 Nov 2019,North Kivu | Alimbongo,Confirmed,0,0,0,7
2019-11-24,2019-11-17,17 Nov 2019 - 24 Nov 2019,North Kivu | Alimbongo,Confirmed,0,0,0,7
2019-12-01,2019-11-24,24 Nov 2019 - 1 Dec 2019,North Kivu | Alimbongo,Confirmed,0,0,0,7
2019-12-08,2019-12-01,1 Dec 2019 - 8 Dec 2019,North Kivu | Alimbongo,Confirmed,0,0,0,7
2019-12-15,2019-12-08,8 Dec 2019 - 15 Dec 2019,North Kivu | Alimbongo,Confirmed,0,0,0,7
2019-12-22,2019-12-15,15 Dec 2019 - 22 Dec 2019,North Kivu | Alimbongo,Confirmed,0,0,0,7
2020-01-05,2019-12-22,22 Dec 2019 - 5 Jan 2020,North Kivu | Alimbongo,Confirmed,0,0,0,14
2020-01-12,2020-01-05,5 Jan 2020 - 12 Jan 2020,North Kivu | Alimbongo,Confirmed,0,0,0,7
2020-01-19,2020-01-12,12 Jan 2020 - 19 Jan 2020,North Kivu | Alimbongo,Confirmed,0,0,0,7
2020-01-26,2020-01-19,19 Jan 2020 - 26 Jan 2020,North Kivu | Alimbongo,Confirmed,0,0,0,7
2018-08-05,,unknown - 5 August 2018,North Kivu | Alimbongo,Probable,0,0,1,
2018-08-12,2018-08-05,5 Aug 2018 - 12 Aug 2018,North Kivu | Alimbongo,Probable,0,0,0,7
2018-08-20,2018-08-12,12 Aug 2018 - 20 Aug 2018,North Kivu | Alimbongo,Probable,0,0,0,8
2018-08-26,2018-08-20,20 Aug 2018 - 26 Aug 2018,North Kivu | Alimbongo,Probable,0,0,0,6
2018-09-02,2018-08-26,26 Aug 2018 - 2 Sep 2018,North Kivu | Alimbongo,Probable,0,0,0,7
2018-09-09,2018-09-02,2 Sep 2018 - 9 Sep 2018,North Kivu | Alimbongo,Probable,0,0,0,7
2018-09-16,2018-09-09,9 Sep 2018 - 16 Sep 2018,North Kivu | Alimbongo,Probable,0,0,0,7
2018-09-23,2018-09-16,16 Sep 2018 - 23 Sep 2018,North Kivu | Alimbongo,Probable,0,0,0,7
2018-10-02,2018-09-23,23 Sep 2018 - 2 Oct 2018,North Kivu | Alimbongo,Probable,0,0,0,9
2018-10-07,2018-10-02,2 Oct 2018 - 7 Oct 2018,North Kivu | Alimbongo,Probable,0,0,0,5
2018-10-15,2018-10-07,7 Oct 2018 - 15 Oct 2018,North Kivu | Alimbongo,Probable,0,0,0,8
2018-10-21,2018-10-15,15 Oct 2018 - 21 Oct 2018,North Kivu | Alimbongo,Probable,0,0,0,6
2018-10-28,2018-10-21,21 Oct 2018 - 28 Oct 2018,North Kivu | Alimbongo,Probable,0,0,0,7
2018-11-04,2018-10-28,28 Oct 2018 - 4 Nov 2018,North Kivu | Alimbongo,Probable,0,0,0,7
2018-11-11,2018-11-04,4 Nov 2018 - 11 Nov 2018,North Kivu | Alimbongo,Probable,0,0,0,7
2018-11-19,2018-11-11,11 Nov 2018 - 19 Nov 2018,North Kivu | Alimbongo,Probable,0,0,0,8
2018-11-26,2018-11-19,19 Nov 2018 - 26 Nov 2018,North Kivu | Alimbongo,Probable,0,0,0,7
2018-12-03,2018-11-26,26 Nov 2018 - 3 Dec 2018,North Kivu | Alimbongo,Probable,0,0,0,7
2018-12-10,2018-12-03,3 Dec 2018 - 10 Dec 2018,North Kivu | Alimbongo,Probable,0,0,0,7
2018-12-16,2018-12-10,10 Dec 2018 - 16 Dec 2018,North Kivu | Alimbongo,Probable,0,0,0,6
2018-12-25,2018-12-16,16 Dec 2018 - 25 Dec 2018,North Kivu | Alimbongo,Probable,0,0,0,9
2019-01-01,2018-12-25,25 Dec 2018 - 1 Jan 2019,North Kivu | Alimbongo,Probable,0,0,0,7
2019-01-06,2019-01-01,1 Jan 2019 - 6 Jan 2019,North Kivu | Alimbongo,Probable,0,0,0,5
2019-01-14,2019-01-06,6 Jan 2019 - 14 Jan 2019,North Kivu | Alimbongo,Probable,0,0,0,8
2019-01-21,2019-01-14,14 Jan 2019 - 21 Jan 2019,North Kivu | Alimbongo,Probable,0,0,0,7
2019-01-28,2019-01-21,21 Jan 2019 - 28 Jan 2019,North Kivu | Alimbongo,Probable,0,0,0,7
2019-02-03,2019-01-28,28 Jan 2019 - 3 Feb 2019,North Kivu | Alimbongo,Probable,0,0,0,6
2019-02-10,2019-02-03,3 Feb 2019 - 10 Feb 2019,North Kivu | Alimbongo,Probable,0,0,0,7
2019-02-17,2019-02-10,10 Feb 2019 - 17 Feb 2019,North Kivu | Alimbongo,Probable,0,0,0,7
2019-02-24,2019-02-17,17 Feb 2019 - 24 Feb 2019,North Kivu | Alimbongo,Probable,0,0,0,7
2019-03-03,2019-02-24,24 Feb 2019 - 3 Mar 2019,North Kivu | Alimbongo,Probable,0,0,0,7
2019-03-10,2019-03-03,3 Mar 2019 - 10 Mar 2019,North Kivu | Alimbongo,Probable,0,0,0,7
2019-03-17,2019-03-10,10 Mar 2019 - 17 Mar 2019,North Kivu | Alimbongo,Probable,0,0,0,7
2019-03-24,2019-03-17,17 Mar 2019 - 24 Mar 2019,North Kivu | Alimbongo,Probable,0,0,0,7
2019-03-31,2019-03-24,24 Mar 2019 - 31 Mar 2019,North Kivu | Alimbongo,Probable,0,0,0,7
2019-04-07,2019-03-31,31 Mar 2019 - 7 Apr 2019,North Kivu | Alimbongo,Probable,0,0,0,7
2019-04-14,2019-04-07,7 Apr 2019 - 14 Apr 2019,North Kivu | Alimbongo,Probable,0,0,0,7
2019-04-22,2019-04-14,14 Apr 2019 - 22 Apr 2019,North Kivu | Alimbongo,Probable,0,0,0,8
2019-04-28,2019-04-22,22 Apr 2019 - 28 Apr 2019,North Kivu | Alimbongo,Probable,0,0,0,6
2019-05-05,2019-04-28,28 Apr 2019 - 5 May 2019,North Kivu | Alimbongo,Probable,0,0,0,7
2019-05-12,2019-05-05,5 May 2019 - 12 May 2019,North Kivu | Alimbongo,Probable,0,0,0,7
2019-05-19,2019-05-12,12 May 2019 - 19 May 2019,North Kivu | Alimbongo,Probable,0,0,0,7
2019-05-26,2019-05-19,19 May 2019 - 26 May 2019,North Kivu | Alimbongo,Probable,0,0,0,7
2019-06-02,2019-05-26,26 May 2019 - 2 Jun 2019,North Kivu | Alimbongo,Probable,0,0,0,7
2019-06-12,2019-06-02,2 Jun 2019 - 12 Jun 2019,North Kivu | Alimbongo,Probable,0,0,0,10
2019-06-16,2019-06-12,12 Jun 2019 - 16 Jun 2019,North Kivu | Alimbongo,Probable,0,0,0,4
2019-06-23,2019-06-16,16 Jun 2019 - 23 Jun 2019,North Kivu | Alimbongo,Probable,0,0,0,7
2019-06-30,2019-06-23,23 Jun 2019 - 30 Jun 2019,North Kivu | Alimbongo,Probable,0,0,0,7
2019-07-07,2019-06-30,30 Jun 2019 - 7 Jul 2019,North Kivu | Alimbongo,Probable,0,0,0,7
2019-07-14,2019-07-07,7 Jul 2019 - 14 Jul 2019,North Kivu | Alimbongo,Probable,0,0,0,7
2019-07-21,2019-07-14,14 Jul 2019 - 21 Jul 2019,North Kivu | Alimbongo,Probable,0,0,0,7
2019-07-28,2019-07-21,21 Jul 2019 - 28 Jul 2019,North Kivu | Alimbongo,Probable,0,0,0,7
2019-08-04,2019-07-28,28 Jul 2019 - 4 Aug 2019,North Kivu | Alimbongo,Probable,0,0,0,7
2019-08-11,2019-08-04,4 Aug 2019 - 11 Aug 2019,North Kivu | Alimbongo,Probable,0,0,0,7
2019-08-18,2019-08-11,11 Aug 2019 - 18 Aug 2019,North Kivu | Alimbongo,Probable,0,0,0,7
2019-08-25,2019-08-18,18 Aug 2019 - 25 Aug 2019,North Kivu | Alimbongo,Probable,0,0,0,7
2019-09-01,2019-08-25,25 Aug 2019 - 1 Sep 2019,North Kivu | Alimbongo,Probable,0,0,0,7
2019-09-08,2019-09-01,1 Sep 2019 - 8 Sep 2019,North Kivu | Alimbongo,Probable,0,0,0,7
2019-09-15,2019-09-08,8 Sep 2019 - 15 Sep 2019,North Kivu | Alimbongo,Probable,0,0,0,7
2019-09-22,2019-09-15,15 Sep 2019 - 22 Sep 2019,North Kivu | Alimbongo,Probable,0,0,0,7
2019-09-29,2019-09-22,22 Sep 2019 - 29 Sep 2019,North Kivu | Alimbongo,Probable,0,0,0,7
2019-10-06,2019-09-29,29 Sep 2019 - 6 Oct 2019,North Kivu | Alimbongo,Probable,0,0,0,7
2019-10-13,2019-10-06,6 Oct 2019 - 13 Oct 2019,North Kivu | Alimbongo,Probable,0,0,0,7
2019-10-20,2019-10-13,13 Oct 2019 - 20 Oct 2019,North Kivu | Alimbongo,Probable,0,0,0,7
2019-10-27,2019-10-20,20 Oct 2019 - 27 Oct 2019,North Kivu | Alimbongo,Probable,0,0,0,7
2019-11-03,2019-10-27,27 Oct 2019 - 3 Nov 2019,North Kivu | Alimbongo,Probable,0,0,0,7
2019-11-10,2019-11-03,3 Nov 2019 - 10 Nov 2019,North Kivu | Alimbongo,Probable,0,0,0,7
2019-11-17,2019-11-10,10 Nov 2019 - 17 Nov 2019,North Kivu | Alimbongo,Probable,0,0,0,7
2019-11-24,2019-11-17,17 Nov 2019 - 24 Nov 2019,North Kivu | Alimbongo,Probable,0,0,0,7
2019-12-01,2019-11-24,24 Nov 2019 - 1 Dec 2019,North Kivu | Alimbongo,Probable,0,0,0,7
2019-12-08,2019-12-01,1 Dec 2019 - 8 Dec 2019,North Kivu | Alimbongo,Probable,0,0,0,7
2019-12-15,2019-12-08,8 Dec 2019 - 15 Dec 2019,North Kivu | Alimbongo,Probable,0,0,0,7
2019-12-22,2019-12-15,15 Dec 2019 - 22 Dec 2019,North Kivu | Alimbongo,Probable,0,0,0,7
2020-01-05,2019-12-22,22 Dec 2019 - 5 Jan 2020,North Kivu | Alimbongo,Probable,0,0,0,14
2020-01-12,2020-01-05,5 Jan 2020 - 12 Jan 2020,North Kivu | Alimbongo,Probable,0,0,0,7
2020-01-19,2020-01-12,12 Jan 2020 - 19 Jan 2020,North Kivu | Alimbongo,Probable,0,0,0,7
2020-01-26,2020-01-19,19 Jan 2020 - 26 Jan 2020,North Kivu | Alimbongo,Probable,0,0,0,7
2018-08-05,,unknown - 5 August 2018,North Kivu | Beni,Confirmed,3,0,1,
2018-08-12,2018-08-05,5 Aug 2018 - 12 Aug 2018,North Kivu | Beni,Confirmed,2,0,0,7
2018-08-20,2018-08-12,12 Aug 2018 - 20 Aug 2018,North Kivu | Beni,Confirmed,1,0,0,8
2018-08-26,2018-08-20,20 Aug 2018 - 26 Aug 2018,North Kivu | Beni,Confirmed,4,0,0,6
2018-09-02,2018-08-26,26 Aug 2018 - 2 Sep 2018,North Kivu | Beni,Confirmed,5,0,0,7
2018-09-09,2018-09-02,2 Sep 2018 - 9 Sep 2018,North Kivu | Beni,Confirmed,5,0,0,7
2018-09-16,2018-09-09,9 Sep 2018 - 16 Sep 2018,North Kivu | Beni,Confirmed,5,0,0,7
2018-09-23,2018-09-16,16 Sep 2018 - 23 Sep 2018,North Kivu | Beni,Confirmed,4,0,0,7
2018-10-02,2018-09-23,23 Sep 2018 - 2 Oct 2018,North Kivu | Beni,Confirmed,9,0,0,9
2018-10-07,2018-10-02,2 Oct 2018 - 7 Oct 2018,North Kivu | Beni,Confirmed,11,0,0,5
2018-10-15,2018-10-07,7 Oct 2018 - 15 Oct 2018,North Kivu | Beni,Confirmed,28,0,0,8
2018-10-21,2018-10-15,15 Oct 2018 - 21 Oct 2018,North Kivu | Beni,Confirmed,19,0,0,6
2018-10-28,2018-10-21,21 Oct 2018 - 28 Oct 2018,North Kivu | Beni,Confirmed,28,0,0,7
2018-11-04,2018-10-28,28 Oct 2018 - 4 Nov 2018,North Kivu | Beni,Confirmed,16,0,0,7
2018-11-11,2018-11-04,4 Nov 2018 - 11 Nov 2018,North Kivu | Beni,Confirmed,13,0,0,7
2018-11-19,2018-11-11,11 Nov 2018 - 19 Nov 2018,North Kivu | Beni,Confirmed,14,0,0,8
2018-11-26,2018-11-19,19 Nov 2018 - 26 Nov 2018,North Kivu | Beni,Confirmed,13,0,0,7
2018-12-03,2018-11-26,26 Nov 2018 - 3 Dec 2018,North Kivu | Beni,Confirmed,8,0,0,7
2018-12-10,2018-12-03,3 Dec 2018 - 10 Dec 2018,North Kivu | Beni,Confirmed,16,0,0,7
2018-12-16,2018-12-10,10 Dec 2018 - 16 Dec 2018,North Kivu | Beni,Confirmed,3,0,0,6
2018-12-25,2018-12-16,16 Dec 2018 - 25 Dec 2018,North Kivu | Beni,Confirmed,5,0,0,9
2019-01-01,2018-12-25,25 Dec 2018 - 1 Jan 2019,North Kivu | Beni,Confirmed,4,0,0,7
2019-01-06,2019-01-01,1 Jan 2019 - 6 Jan 2019,North Kivu | Beni,Confirmed,2,0,0,5
2019-01-14,2019-01-06,6 Jan 2019 - 14 Jan 2019,North Kivu | Beni,Confirmed,-2,1,0,8
2019-01-21,2019-01-14,14 Jan 2019 - 21 Jan 2019,North Kivu | Beni,Confirmed,1,0,0,7
2019-01-28,2019-01-21,21 Jan 2019 - 28 Jan 2019,North Kivu | Beni,Confirmed,7,0,0,7
2019-02-03,2019-01-28,28 Jan 2019 - 3 Feb 2019,North Kivu | Beni,Confirmed,1,0,0,6
2019-02-10,2019-02-03,3 Feb 2019 - 10 Feb 2019,North Kivu | Beni,Confirmed,0,0,0,7
2019-02-17,2019-02-10,10 Feb 2019 - 17 Feb 2019,North Kivu | Beni,Confirmed,0,0,0,7
2019-02-24,2019-02-17,17 Feb 2019 - 24 Feb 2019,North Kivu | Beni,Confirmed,1,0,0,7
2019-03-03,2019-02-24,24 Feb 2019 - 3 Mar 2019,North Kivu | Beni,Confirmed,0,0,0,7
2019-03-10,2019-03-03,3 Mar 2019 - 10 Mar 2019,North Kivu | Beni,Confirmed,0,0,0,7
2019-03-17,2019-03-10,10 Mar 2019 - 17 Mar 2019,North Kivu | Beni,Confirmed,0,0,0,7
2019-03-24,2019-03-17,17 Mar 2019 - 24 Mar 2019,North Kivu | Beni,Confirmed,4,0,0,7
2019-03-31,2019-03-24,24 Mar 2019 - 31 Mar 2019,North Kivu | Beni,Confirmed,9,0,0,7
2019-04-07,2019-03-31,31 Mar 2019 - 7 Apr 2019,North Kivu | Beni,Confirmed,6,0,0,7
2019-04-14,2019-04-07,7 Apr 2019 - 14 Apr 2019,North Kivu | Beni,Confirmed,5,0,0,7
2019-04-22,2019-04-14,14 Apr 2019 - 22 Apr 2019,North Kivu | Beni,Confirmed,5,0,0,8
2019-04-28,2019-04-22,22 Apr 2019 - 28 Apr 2019,North Kivu | Beni,Confirmed,5,0,0,6
2019-05-05,2019-04-28,28 Apr 2019 - 5 May 2019,North Kivu | Beni,Confirmed,10,0,0,7
2019-05-12,2019-05-05,5 May 2019 - 12 May 2019,North Kivu | Beni,Confirmed,9,0,0,7
2019-05-19,2019-05-12,12 May 2019 - 19 May 2019,North Kivu | Beni,Confirmed,17,0,0,7
2019-05-26,2019-05-19,19 May 2019 - 26 May 2019,North Kivu | Beni,Confirmed,10,0,0,7
2019-06-02,2019-05-26,26 May 2019 - 2 Jun 2019,North Kivu | Beni,Confirmed,8,0,0,7
2019-06-12,2019-06-02,2 Jun 2019 - 12 Jun 2019,North Kivu | Beni,Confirmed,5,0,0,10
2019-06-16,2019-06-12,12 Jun 2019 - 16 Jun 2019,North Kivu | Beni,Confirmed,10,0,0,4
2019-06-23,2019-06-16,16 Jun 2019 - 23 Jun 2019,North Kivu | Beni,Confirmed,20,0,0,7
2019-06-30,2019-06-23,23 Jun 2019 - 30 Jun 2019,North Kivu | Beni,Confirmed,35,0,0,7
2019-07-07,2019-06-30,30 Jun 2019 - 7 Jul 2019,North Kivu | Beni,Confirmed,36,0,0,7
2019-07-14,2019-07-07,7 Jul 2019 - 14 Jul 2019,North Kivu | Beni,Confirmed,50,0,0,7
2019-07-21,2019-07-14,14 Jul 2019 - 21 Jul 2019,North Kivu | Beni,Confirmed,47,0,0,7
2019-07-28,2019-07-21,21 Jul 2019 - 28 Jul 2019,North Kivu | Beni,Confirmed,48,0,0,7
2019-08-04,2019-07-28,28 Jul 2019 - 4 Aug 2019,North Kivu | Beni,Confirmed,29,0,0,7
2019-08-11,2019-08-04,4 Aug 2019 - 11 Aug 2019,North Kivu | Beni,Confirmed,29,0,0,7
2019-08-18,2019-08-11,11 Aug 2019 - 18 Aug 2019,North Kivu | Beni,Confirmed,15,0,0,7
2019-08-25,2019-08-18,18 Aug 2019 - 25 Aug 2019,North Kivu | Beni,Confirmed,16,0,0,7
2019-09-01,2019-08-25,25 Aug 2019 - 1 Sep 2019,North Kivu | Beni,Confirmed,7,0,0,7
2019-09-08,2019-09-01,1 Sep 2019 - 8 Sep 2019,North Kivu | Beni,Confirmed,5,0,0,7
2019-09-15,2019-09-08,8 Sep 2019 - 15 Sep 2019,North Kivu | Beni,Confirmed,3,0,0,7
2019-09-22,2019-09-15,15 Sep 2019 - 22 Sep 2019,North Kivu | Beni,Confirmed,6,0,0,7
2019-09-29,2019-09-22,22 Sep 2019 - 29 Sep 2019,North Kivu | Beni,Confirmed,0,0,0,7
2019-10-06,2019-09-29,29 Sep 2019 - 6 Oct 2019,North Kivu | Beni,Confirmed,1,0,0,7
2019-10-13,2019-10-06,6 Oct 2019 - 13 Oct 2019,North Kivu | Beni,Confirmed,1,0,0,7
2019-10-20,2019-10-13,13 Oct 2019 - 20 Oct 2019,North Kivu | Beni,Confirmed,2,0,0,7
2019-10-27,2019-10-20,20 Oct 2019 - 27 Oct 2019,North Kivu | Beni,Confirmed,0,0,0,7
2019-11-03,2019-10-27,27 Oct 2019 - 3 Nov 2019,North Kivu | Beni,Confirmed,1,0,0,7
2019-11-10,2019-11-03,3 Nov 2019 - 10 Nov 2019,North Kivu | Beni,Confirmed,5,0,0,7
2019-11-17,2019-11-10,10 Nov 2019 - 17 Nov 2019,North Kivu | Beni,Confirmed,3,0,0,7
2019-11-24,2019-11-17,17 Nov 2019 - 24 Nov 2019,North Kivu | Beni,Confirmed,1,0,0,7
2019-12-01,2019-11-24,24 Nov 2019 - 1 Dec 2019,North Kivu | Beni,Confirmed,0,0,0,7
2019-12-08,2019-12-01,1 Dec 2019 - 8 Dec 2019,North Kivu | Beni,Confirmed,6,0,0,7
2019-12-15,2019-12-08,8 Dec 2019 - 15 Dec 2019,North Kivu | Beni,Confirmed,0,0,0,7
2019-12-22,2019-12-15,15 Dec 2019 - 22 Dec 2019,North Kivu | Beni,Confirmed,0,0,0,7
2020-01-05,2019-12-22,22 Dec 2019 - 5 Jan 2020,North Kivu | Beni,Confirmed,0,0,0,14
2020-01-12,2020-01-05,5 Jan 2020 - 12 Jan 2020,North Kivu | Beni,Confirmed,3,0,0,7
2020-01-19,2020-01-12,12 Jan 2020 - 19 Jan 2020,North Kivu | Beni,Confirmed,9,0,0,7
2020-01-26,2020-01-19,19 Jan 2020 - 26 Jan 2020,North Kivu | Beni,Confirmed,4,0,0,7
2018-08-05,,unknown - 5 August 2018,North Kivu | Beni,Probable,0,0,1,
2018-08-12,2018-08-05,5 Aug 2018 - 12 Aug 2018,North Kivu | Beni,Probable,0,0,0,7
2018-08-20,2018-08-12,12 Aug 2018 - 20 Aug 2018,North Kivu | Beni,Probable,0,0,0,8
2018-08-26,2018-08-20,20 Aug 2018 - 26 Aug 2018,North Kivu | Beni,Probable,1,0,0,6
2018-09-02,2018-08-26,26 Aug 2018 - 2 Sep 2018,North Kivu | Beni,Probable,3,0,0,7
2018-09-09,2018-09-02,2 Sep 2018 - 9 Sep 2018,North Kivu | Beni,Probable,0,0,0,7
2018-09-16,2018-09-09,9 Sep 2018 - 16 Sep 2018,North Kivu | Beni,Probable,0,0,0,7
2018-09-23,2018-09-16,16 Sep 2018 - 23 Sep 2018,North Kivu | Beni,Probable,0,0,0,7
2018-10-02,2018-09-23,23 Sep 2018 - 2 Oct 2018,North Kivu | Beni,Probable,1,0,0,9
2018-10-07,2018-10-02,2 Oct 2018 - 7 Oct 2018,North Kivu | Beni,Probable,3,0,0,5
2018-10-15,2018-10-07,7 Oct 2018 - 15 Oct 2018,North Kivu | Beni,Probable,0,0,0,8
2018-10-21,2018-10-15,15 Oct 2018 - 21 Oct 2018,North Kivu | Beni,Probable,0,0,0,6
2018-10-28,2018-10-21,21 Oct 2018 - 28 Oct 2018,North Kivu | Beni,Probable,0,0,0,7
2018-11-04,2018-10-28,28 Oct 2018 - 4 Nov 2018,North Kivu | Beni,Probable,0,0,0,7
2018-11-11,2018-11-04,4 Nov 2018 - 11 Nov 2018,North Kivu | Beni,Probable,1,0,0,7
2018-11-19,2018-11-11,11 Nov 2018 - 19 Nov 2018,North Kivu | Beni,Probable,0,0,0,8
2018-11-26,2018-11-19,19 Nov 2018 - 26 Nov 2018,North Kivu | Beni,Probable,0,0,0,7
2018-12-03,2018-11-26,26 Nov 2018 - 3 Dec 2018,North Kivu | Beni,Probable,0,0,0,7
2018-12-10,2018-12-03,3 Dec 2018 - 10 Dec 2018,North Kivu | Beni,Probable,0,0,0,7
2018-12-16,2018-12-10,10 Dec 2018 - 16 Dec 2018,North Kivu | Beni,Probable,0,0,0,6
2018-12-25,2018-12-16,16 Dec 2018 - 25 Dec 2018,North Kivu | Beni,Probable,0,0,0,9
2019-01-01,2018-12-25,25 Dec 2018 - 1 Jan 2019,North Kivu | Beni,Probable,0,0,0,7
2019-01-06,2019-01-01,1 Jan 2019 - 6 Jan 2019,North Kivu | Beni,Probable,0,0,0,5
2019-01-14,2019-01-06,6 Jan 2019 - 14 Jan 2019,North Kivu | Beni,Probable,0,0,0,8
2019-01-21,2019-01-14,14 Jan 2019 - 21 Jan 2019,North Kivu | Beni,Probable,0,0,0,7
2019-01-28,2019-01-21,21 Jan 2019 - 28 Jan 2019,North Kivu | Beni,Probable,0,0,0,7
2019-02-03,2019-01-28,28 Jan 2019 - 3 Feb 2019,North Kivu | Beni,Probable,0,0,0,6
2019-02-10,2019-02-03,3 Feb 2019 - 10 Feb 2019,North Kivu | Beni,Probable,0,0,0,7
2019-02-17,2019-02-10,10 Feb 2019 - 17 Feb 2019,North Kivu | Beni,Probable,0,0,0,7
2019-02-24,2019-02-17,17 Feb 2019 - 24 Feb 2019,North Kivu | Beni,Probable,0,0,0,7
2019-03-03,2019-02-24,24 Feb 2019 - 3 Mar 2019,North Kivu | Beni,Probable,0,0,0,7
2019-03-10,2019-03-03,3 Mar 2019 - 10 Mar 2019,North Kivu | Beni,Probable,0,0,0,7
2019-03-17,2019-03-10,10 Mar 2019 - 17 Mar 2019,North Kivu | Beni,Probable,0,0,0,7
2019-03-24,2019-03-17,17 Mar 2019 - 24 Mar 2019,North Kivu | Beni,Probable,0,0,0,7
2019-03-31,2019-03-24,24 Mar 2019 - 31 Mar 2019,North Kivu | Beni,Probable,0,0,0,7
2019-04-07,2019-03-31,31 Mar 2019 - 7 Apr 2019,North Kivu | Beni,Probable,0,0,0,7
2019-04-14,2019-04-07,7 Apr 2019 - 14 Apr 2019,North Kivu | Beni,Probable,0,0,0,7
2019-04-22,2019-04-14,14 Apr 2019 - 22 Apr 2019,North Kivu | Beni,Probable,0,0,0,8
2019-04-28,2019-04-22,22 Apr 2019 - 28 Apr 2019,North Kivu | Beni,Probable,0,0,0,6
2019-05-05,2019-04-28,28 Apr 2019 - 5 May 2019,North Kivu | Beni,Probable,0,0,0,7
2019-05-12,2019-05-05,5 May 2019 - 12 May 2019,North Kivu | Beni,Probable,0,0,0,7
2019-05-19,2019-05-12,12 May 2019 - 19 May 2019,North Kivu | Beni,Probable,0,0,0,7
2019-05-26,2019-05-19,19 May 2019 - 26 May 2019,North Kivu | Beni,Probable,0,0,0,7
2019-06-02,2019-05-26,26 May 2019 - 2 Jun 2019,North Kivu | Beni,Probable,0,0,0,7
2019-06-12,2019-06-02,2 Jun 2019 - 12 Jun 2019,North Kivu | Beni,Probable,0,0,0,10
2019-06-16,2019-06-12,12 Jun 2019 - 16 Jun 2019,North Kivu | Beni,Probable,0,0,0,4
2019-06-23,2019-06-16,16 Jun 2019 - 23 Jun 2019,North Kivu | Beni,Probable,0,0,0,7
2019-06-30,2019-06-23,23 Jun 2019 - 30 Jun 2019,North Kivu | Beni,Probable,0,0,0,7
2019-07-07,2019-06-30,30 Jun 2019 - 7 Jul 2019,North Kivu | Beni,Probable,0,0,0,7
2019-07-14,2019-07-07,7 Jul 2019 - 14 Jul 2019,North Kivu | Beni,Probable,0,0,0,7
2019-07-21,2019-07-14,14 Jul 2019 - 21 Jul 2019,North Kivu | Beni,Probable,0,0,0,7
2019-07-28,2019-07-21,21 Jul 2019 - 28 Jul 2019,North Kivu | Beni,Probable,0,0,0,7
2019-08-04,2019-07-28,28 Jul 2019 - 4 Aug 2019,North Kivu | Beni,Probable,0,0,0,7
2019-08-11,2019-08-04,4 Aug 2019 - 11 Aug 2019,North Kivu | Beni,Probable,0,0,0,7
2019-08-18,2019-08-11,11 Aug 2019 - 18 Aug 2019,North Kivu | Beni,Probable,0,0,0,7
2019-08-25,2019-08-18,18 Aug 2019 - 25 Aug 2019,North Kivu | Beni,Probable,0,0,0,7
2019-09-01,2019-08-25,25 Aug 2019 - 1 Sep 2019,North Kivu | Beni,Probable,0,0,0,7
2019-09-08,2019-09-01,1 Sep 2019 - 8 Sep 2019,North Kivu | Beni,Probable,0,0,0,7
2019-09-15,2019-09-08,8 Sep 2019 - 15 Sep 2019,North Kivu | Beni,Probable,0,0,0,7
2019-09-22,2019-09-15,15 Sep 2019 - 22 Sep 2019,North Kivu | Beni,Probable,0,0,0,7
2019-09-29,2019-09-22,22 Sep 2019 - 29 Sep 2019,North Kivu | Beni,Probable,0,0,0,7
2019-10-06,2019-09-29,29 Sep 2019 - 6 Oct 2019,North Kivu | Beni,Probable,0,0,0,7
2019-10-13,2019-10-06,6 Oct 2019 - 13 Oct 2019,North Kivu | Beni,Probable,0,0,0,7
2019-10-20,2019-10-13,13 Oct 2019 - 20 Oct 2019,North Kivu | Beni,Probable,0,0,0,7
2019-10-27,2019-10-20,20 Oct 2019 - 27 Oct 2019,North Kivu | Beni,Probable,0,0,0,7
2019-11-03,2019-10-27,27 Oct 2019 - 3 Nov 2019,North Kivu | Beni,Probable,0,0,0,7
2019-11-10,2019-11-03,3 Nov 2019 - 10 Nov 2019,North Kivu | Beni,Probable,0,0,0,7
2019-11-17,2019-11-10,10 Nov 2019 - 17 Nov 2019,North Kivu | Beni,Probable,0,0,0,7
2019-11-24,2019-11-17,17 Nov 2019 - 24 Nov 2019,North Kivu | Beni,Probable,0,0,0,7
2019-12-01,2019-11-24,24 Nov 2019 - 1 Dec 2019,North Kivu | Beni,Probable,0,0,0,7
2019-12-08,2019-12-01,1 Dec 2019 - 8 Dec 2019,North Kivu | Beni,Probable,0,0,0,7
2019-12-15,2019-12-08,8 Dec 2019 - 15 Dec 2019,North Kivu | Beni,Probable,0,0,0,7
2019-12-22,2019-12-15,15 Dec 2019 - 22 Dec 2019,North Kivu | Beni,Probable,0,0,0,7
2020-01-05,2019-12-22,22 Dec 2019 - 5 Jan 2020,North Kivu | Beni,Probable,0,0,0,14
2020-01-12,2020-01-05,5 Jan 2020 - 12 Jan 2020,North Kivu | Beni,Probable,0,0,0,7
2020-01-19,2020-01-12,12 Jan 2020 - 19 Jan 2020,North Kivu | Beni,Probable,0,0,0,7
2020-01-26,2020-01-19,19 Jan 2020 - 26 Jan 2020,North Kivu | Beni,Probable,0,0,0,7
2018-08-05,,unknown - 5 August 2018,North Kivu | Biena,Confirmed,0,0,1,
2018-08-12,2018-08-05,5 Aug 2018 - 12 Aug 2018,North Kivu | Biena,Confirmed,0,0,0,7
2018-08-20,2018-08-12,12 Aug 2018 - 20 Aug 2018,North Kivu | Biena,Confirmed,0,0,0,8
2018-08-26,2018-08-20,20 Aug 2018 - 26 Aug 2018,North Kivu | Biena,Confirmed,0,0,0,6
2018-09-02,2018-08-26,26 Aug 2018 - 2 Sep 2018,North Kivu | Biena,Confirmed,0,0,0,7
2018-09-09,2018-09-02,2 Sep 2018 - 9 Sep 2018,North Kivu | Biena,Confirmed,0,0,0,7
2018-09-16,2018-09-09,9 Sep 2018 - 16 Sep 2018,North Kivu | Biena,Confirmed,0,0,0,7
2018-09-23,2018-09-16,16 Sep 2018 - 23 Sep 2018,North Kivu | Biena,Confirmed,0,0,0,7
2018-10-02,2018-09-23,23 Sep 2018 - 2 Oct 2018,North Kivu | Biena,Confirmed,0,0,0,9
2018-10-07,2018-10-02,2 Oct 2018 - 7 Oct 2018,North Kivu | Biena,Confirmed,0,0,0,5
2018-10-15,2018-10-07,7 Oct 2018 - 15 Oct 2018,North Kivu | Biena,Confirmed,0,0,0,8
2018-10-21,2018-10-15,15 Oct 2018 - 21 Oct 2018,North Kivu | Biena,Confirmed,0,0,0,6
2018-10-28,2018-10-21,21 Oct 2018 - 28 Oct 2018,North Kivu | Biena,Confirmed,0,0,0,7
2018-11-04,2018-10-28,28 Oct 2018 - 4 Nov 2018,North Kivu | Biena,Confirmed,0,0,0,7
2018-11-11,2018-11-04,4 Nov 2018 - 11 Nov 2018,North Kivu | Biena,Confirmed,0,0,0,7
2018-11-19,2018-11-11,11 Nov 2018 - 19 Nov 2018,North Kivu | Biena,Confirmed,0,0,0,8
2018-11-26,2018-11-19,19 Nov 2018 - 26 Nov 2018,North Kivu | Biena,Confirmed,0,0,0,7
2018-12-03,2018-11-26,26 Nov 2018 - 3 Dec 2018,North Kivu | Biena,Confirmed,0,0,0,7
2018-12-10,2018-12-03,3 Dec 2018 - 10 Dec 2018,North Kivu | Biena,Confirmed,0,0,0,7
2018-12-16,2018-12-10,10 Dec 2018 - 16 Dec 2018,North Kivu | Biena,Confirmed,1,0,0,6
2018-12-25,2018-12-16,16 Dec 2018 - 25 Dec 2018,North Kivu | Biena,Confirmed,0,0,0,9
2019-01-01,2018-12-25,25 Dec 2018 - 1 Jan 2019,North Kivu | Biena,Confirmed,0,0,0,7
2019-01-06,2019-01-01,1 Jan 2019 - 6 Jan 2019,North Kivu | Biena,Confirmed,0,0,0,5
2019-01-14,2019-01-06,6 Jan 2019 - 14 Jan 2019,North Kivu | Biena,Confirmed,1,0,0,8
2019-01-21,2019-01-14,14 Jan 2019 - 21 Jan 2019,North Kivu | Biena,Confirmed,1,0,0,7
2019-01-28,2019-01-21,21 Jan 2019 - 28 Jan 2019,North Kivu | Biena,Confirmed,1,0,0,7
2019-02-03,2019-01-28,28 Jan 2019 - 3 Feb 2019,North Kivu | Biena,Confirmed,1,0,0,6
2019-02-10,2019-02-03,3 Feb 2019 - 10 Feb 2019,North Kivu | Biena,Confirmed,0,0,0,7
2019-02-17,2019-02-10,10 Feb 2019 - 17 Feb 2019,North Kivu | Biena,Confirmed,0,0,0,7
2019-02-24,2019-02-17,17 Feb 2019 - 24 Feb 2019,North Kivu | Biena,Confirmed,0,0,0,7
2019-03-03,2019-02-24,24 Feb 2019 - 3 Mar 2019,North Kivu | Biena,Confirmed,0,0,0,7
2019-03-10,2019-03-03,3 Mar 2019 - 10 Mar 2019,North Kivu | Biena,Confirmed,1,0,0,7
2019-03-17,2019-03-10,10 Mar 2019 - 17 Mar 2019,North Kivu | Biena,Confirmed,0,0,0,7
2019-03-24,2019-03-17,17 Mar 2019 - 24 Mar 2019,North Kivu | Biena,Confirmed,0,0,0,7
2019-03-31,2019-03-24,24 Mar 2019 - 31 Mar 2019,North Kivu | Biena,Confirmed,0,0,0,7
2019-04-07,2019-03-31,31 Mar 2019 - 7 Apr 2019,North Kivu | Biena,Confirmed,0,0,0,7
2019-04-14,2019-04-07,7 Apr 2019 - 14 Apr 2019,North Kivu | Biena,Confirmed,0,0,0,7
2019-04-22,2019-04-14,14 Apr 2019 - 22 Apr 2019,North Kivu | Biena,Confirmed,0,0,0,8
2019-04-28,2019-04-22,22 Apr 2019 - 28 Apr 2019,North Kivu | Biena,Confirmed,1,0,0,6
2019-05-05,2019-04-28,28 Apr 2019 - 5 May 2019,North Kivu | Biena,Confirmed,0,0,0,7
2019-05-12,2019-05-05,5 May 2019 - 12 May 2019,North Kivu | Biena,Confirmed,0,0,0,7
2019-05-19,2019-05-12,12 May 2019 - 19 May 2019,North Kivu | Biena,Confirmed,1,0,0,7
2019-05-26,2019-05-19,19 May 2019 - 26 May 2019,North Kivu | Biena,Confirmed,0,0,0,7
2019-06-02,2019-05-26,26 May 2019 - 2 Jun 2019,North Kivu | Biena,Confirmed,0,0,0,7
2019-06-12,2019-06-02,2 Jun 2019 - 12 Jun 2019,North Kivu | Biena,Confirmed,0,0,0,10
2019-06-16,2019-06-12,12 Jun 2019 - 16 Jun 2019,North Kivu | Biena,Confirmed,3,0,0,4
2019-06-23,2019-06-16,16 Jun 2019 - 23 Jun 2019,North Kivu | Biena,Confirmed,1,0,0,7
2019-06-30,2019-06-23,23 Jun 2019 - 30 Jun 2019,North Kivu | Biena,Confirmed,2,0,0,7
2019-07-07,2019-06-30,30 Jun 2019 - 7 Jul 2019,North Kivu | Biena,Confirmed,1,0,0,7
2019-07-14,2019-07-07,7 Jul 2019 - 14 Jul 2019,North Kivu | Biena,Confirmed,0,0,0,7
2019-07-21,2019-07-14,14 Jul 2019 - 21 Jul 2019,North Kivu | Biena,Confirmed,0,0,0,7
2019-07-28,2019-07-21,21 Jul 2019 - 28 Jul 2019,North Kivu | Biena,Confirmed,0,0,0,7
2019-08-04,2019-07-28,28 Jul 2019 - 4 Aug 2019,North Kivu | Biena,Confirmed,1,0,0,7
2019-08-11,2019-08-04,4 Aug 2019 - 11 Aug 2019,North Kivu | Biena,Confirmed,0,0,0,7
2019-08-18,2019-08-11,11 Aug 2019 - 18 Aug 2019,North Kivu | Biena,Confirmed,0,0,0,7
2019-08-25,2019-08-18,18 Aug 2019 - 25 Aug 2019,North Kivu | Biena,Confirmed,0,0,0,7
2019-09-01,2019-08-25,25 Aug 2019 - 1 Sep 2019,North Kivu | Biena,Confirmed,0,0,0,7
2019-09-08,2019-09-01,1 Sep 2019 - 8 Sep 2019,North Kivu | Biena,Confirmed,0,0,0,7
2019-09-15,2019-09-08,8 Sep 2019 - 15 Sep 2019,North Kivu | Biena,Confirmed,1,0,0,7
2019-09-22,2019-09-15,15 Sep 2019 - 22 Sep 2019,North Kivu | Biena,Confirmed,1,0,0,7
2019-09-29,2019-09-22,22 Sep 2019 - 29 Sep 2019,North Kivu | Biena,Confirmed,0,0,0,7
2019-10-06,2019-09-29,29 Sep 2019 - 6 Oct 2019,North Kivu | Biena,Confirmed,0,0,0,7
2019-10-13,2019-10-06,6 Oct 2019 - 13 Oct 2019,North Kivu | Biena,Confirmed,0,0,0,7
2019-10-20,2019-10-13,13 Oct 2019 - 20 Oct 2019,North Kivu | Biena,Confirmed,0,0,0,7
2019-10-27,2019-10-20,20 Oct 2019 - 27 Oct 2019,North Kivu | Biena,Confirmed,0,0,0,7
2019-11-03,2019-10-27,27 Oct 2019 - 3 Nov 2019,North Kivu | Biena,Confirmed,0,0,0,7
2019-11-10,2019-11-03,3 Nov 2019 - 10 Nov 2019,North Kivu | Biena,Confirmed,0,0,0,7
2019-11-17,2019-11-10,10 Nov 2019 - 17 Nov 2019,North Kivu | Biena,Confirmed,0,0,0,7
2019-11-24,2019-11-17,17 Nov 2019 - 24 Nov 2019,North Kivu | Biena,Confirmed,0,0,0,7
2019-12-01,2019-11-24,24 Nov 2019 - 1 Dec 2019,North Kivu | Biena,Confirmed,0,0,0,7
2019-12-08,2019-12-01,1 Dec 2019 - 8 Dec 2019,North Kivu | Biena,Confirmed,0,0,0,7
2019-12-15,2019-12-08,8 Dec 2019 - 15 Dec 2019,North Kivu | Biena,Confirmed,1,0,0,7
2019-12-22,2019-12-15,15 Dec 2019 - 22 Dec 2019,North Kivu | Biena,Confirmed,0,0,0,7
2020-01-05,2019-12-22,22 Dec 2019 - 5 Jan 2020,North Kivu | Biena,Confirmed,0,0,0,14
2020-01-12,2020-01-05,5 Jan 2020 - 12 Jan 2020,North Kivu | Biena,Confirmed,0,0,0,7
2020-01-19,2020-01-12,12 Jan 2020 - 19 Jan 2020,North Kivu | Biena,Confirmed,0,0,0,7
2020-01-26,2020-01-19,19 Jan 2020 - 26 Jan 2020,North Kivu | Biena,Confirmed,0,0,0,7
2018-08-05,,unknown - 5 August 2018,North Kivu | Biena,Probable,0,0,1,
2018-08-12,2018-08-05,5 Aug 2018 - 12 Aug 2018,North Kivu | Biena,Probable,0,0,0,7
2018-08-20,2018-08-12,12 Aug 2018 - 20 Aug 2018,North Kivu | Biena,Probable,0,0,0,8
2018-08-26,2018-08-20,20 Aug 2018 - 26 Aug 2018,North Kivu | Biena,Probable,0,0,0,6
2018-09-02,2018-08-26,26 Aug 2018 - 2 Sep 2018,North Kivu | Biena,Probable,0,0,0,7
2018-09-09,2018-09-02,2 Sep 2018 - 9 Sep 2018,North Kivu | Biena,Probable,0,0,0,7
2018-09-16,2018-09-09,9 Sep 2018 - 16 Sep 2018,North Kivu | Biena,Probable,0,0,0,7
2018-09-23,2018-09-16,16 Sep 2018 - 23 Sep 2018,North Kivu | Biena,Probable,0,0,0,7
2018-10-02,2018-09-23,23 Sep 2018 - 2 Oct 2018,North Kivu | Biena,Probable,0,0,0,9
2018-10-07,2018-10-02,2 Oct 2018 - 7 Oct 2018,North Kivu | Biena,Probable,0,0,0,5
2018-10-15,2018-10-07,7 Oct 2018 - 15 Oct 2018,North Kivu | Biena,Probable,0,0,0,8
2018-10-21,2018-10-15,15 Oct 2018 - 21 Oct 2018,North Kivu | Biena,Probable,0,0,0,6
2018-10-28,2018-10-21,21 Oct 2018 - 28 Oct 2018,North Kivu | Biena,Probable,0,0,0,7
2018-11-04,2018-10-28,28 Oct 2018 - 4 Nov 2018,North Kivu | Biena,Probable,0,0,0,7
2018-11-11,2018-11-04,4 Nov 2018 - 11 Nov 2018,North Kivu | Biena,Probable,0,0,0,7
2018-11-19,2018-11-11,11 Nov 2018 - 19 Nov 2018,North Kivu | Biena,Probable,0,0,0,8
2018-11-26,2018-11-19,19 Nov 2018 - 26 Nov 2018,North Kivu | Biena,Probable,0,0,0,7
2018-12-03,2018-11-26,26 Nov 2018 - 3 Dec 2018,North Kivu | Biena,Probable,0,0,0,7
2018-12-10,2018-12-03,3 Dec 2018 - 10 Dec 2018,North Kivu | Biena,Probable,0,0,0,7
2018-12-16,2018-12-10,10 Dec 2018 - 16 Dec 2018,North Kivu | Biena,Probable,0,0,0,6
2018-12-25,2018-12-16,16 Dec 2018 - 25 Dec 2018,North Kivu | Biena,Probable,0,0,0,9
2019-01-01,2018-12-25,25 Dec 2018 - 1 Jan 2019,North Kivu | Biena,Probable,0,0,0,7
2019-01-06,2019-01-01,1 Jan 2019 - 6 Jan 2019,North Kivu | Biena,Probable,0,0,0,5
2019-01-14,2019-01-06,6 Jan 2019 - 14 Jan 2019,North Kivu | Biena,Probable,0,0,0,8
2019-01-21,2019-01-14,14 Jan 2019 - 21 Jan 2019,North Kivu | Biena,Probable,0,0,0,7
2019-01-28,2019-01-21,21 Jan 2019 - 28 Jan 2019,North Kivu | Biena,Probable,0,0,0,7
2019-02-03,2019-01-28,28 Jan 2019 - 3 Feb 2019,North Kivu | Biena,Probable,0,0,0,6
2019-02-10,2019-02-03,3 Feb 2019 - 10 Feb 2019,North Kivu | Biena,Probable,0,0,0,7
2019-02-17,2019-02-10,10 Feb 2019 - 17 Feb 2019,North Kivu | Biena,Probable,0,0,0,7
2019-02-24,2019-02-17,17 Feb 2019 - 24 Feb 2019,North Kivu | Biena,Probable,0,0,0,7
2019-03-03,2019-02-24,24 Feb 2019 - 3 Mar 2019,North Kivu | Biena,Probable,0,0,0,7
2019-03-10,2019-03-03,3 Mar 2019 - 10 Mar 2019,North Kivu | Biena,Probable,0,0,0,7
2019-03-17,2019-03-10,10 Mar 2019 - 17 Mar 2019,North Kivu | Biena,Probable,0,0,0,7
2019-03-24,2019-03-17,17 Mar 2019 - 24 Mar 2019,North Kivu | Biena,Probable,0,0,0,7
2019-03-31,2019-03-24,24 Mar 2019 - 31 Mar 2019,North Kivu | Biena,Probable,0,0,0,7
2019-04-07,2019-03-31,31 Mar 2019 - 7 Apr 2019,North Kivu | Biena,Probable,0,0,0,7
2019-04-14,2019-04-07,7 Apr 2019 - 14 Apr 2019,North Kivu | Biena,Probable,0,0,0,7
2019-04-22,2019-04-14,14 Apr 2019 - 22 Apr 2019,North Kivu | Biena,Probable,0,0,0,8
2019-04-28,2019-04-22,22 Apr 2019 - 28 Apr 2019,North Kivu | Biena,Probable,0,0,0,6
2019-05-05,2019-04-28,28 Apr 2019 - 5 May 2019,North Kivu | Biena,Probable,0,0,0,7
2019-05-12,2019-05-05,5 May 2019 - 12 May 2019,North Kivu | Biena,Probable,1,0,0,7
2019-05-19,2019-05-12,12 May 2019 - 19 May 2019,North Kivu | Biena,Probable,0,0,0,7
2019-05-26,2019-05-19,19 May 2019 - 26 May 2019,North Kivu | Biena,Probable,0,0,0,7
2019-06-02,2019-05-26,26 May 2019 - 2 Jun 2019,North Kivu | Biena,Probable,0,0,0,7
2019-06-12,2019-06-02,2 Jun 2019 - 12 Jun 2019,North Kivu | Biena,Probable,0,0,0,10
2019-06-16,2019-06-12,12 Jun 2019 - 16 Jun 2019,North Kivu | Biena,Probable,0,0,0,4
2019-06-23,2019-06-16,16 Jun 2019 - 23 Jun 2019,North Kivu | Biena,Probable,0,0,0,7
2019-06-30,2019-06-23,23 Jun 2019 - 30 Jun 2019,North Kivu | Biena,Probable,0,0,0,7
2019-07-07,2019-06-30,30 Jun 2019 - 7 Jul 2019,North Kivu | Biena,Probable,0,0,0,7
2019-07-14,2019-07-07,7 Jul 2019 - 14 Jul 2019,North Kivu | Biena,Probable,0,0,0,7
2019-07-21,2019-07-14,14 Jul 2019 - 21 Jul 2019,North Kivu | Biena,Probable,0,0,0,7
2019-07-28,2019-07-21,21 Jul 2019 - 28 Jul 2019,North Kivu | Biena,Probable,0,0,0,7
2019-08-04,2019-07-28,28 Jul 2019 - 4 Aug 2019,North Kivu | Biena,Probable,0,0,0,7
2019-08-11,2019-08-04,4 Aug 2019 - 11 Aug 2019,North Kivu | Biena,Probable,0,0,0,7
2019-08-18,2019-08-11,11 Aug 2019 - 18 Aug 2019,North Kivu | Biena,Probable,0,0,0,7
2019-08-25,2019-08-18,18 Aug 2019 - 25 Aug 2019,North Kivu | Biena,Probable,0,0,0,7
2019-09-01,2019-08-25,25 Aug 2019 - 1 Sep 2019,North Kivu | Biena,Probable,0,0,0,7
2019-09-08,2019-09-01,1 Sep 2019 - 8 Sep 2019,North Kivu | Biena,Probable,1,0,0,7
2019-09-15,2019-09-08,8 Sep 2019 - 15 Sep 2019,North Kivu | Biena,Probable,0,0,0,7
2019-09-22,2019-09-15,15 Sep 2019 - 22 Sep 2019,North Kivu | Biena,Probable,0,0,0,7
2019-09-29,2019-09-22,22 Sep 2019 - 29 Sep 2019,North Kivu | Biena,Probable,0,0,0,7
2019-10-06,2019-09-29,29 Sep 2019 - 6 Oct 2019,North Kivu | Biena,Probable,0,0,0,7
2019-10-13,2019-10-06,6 Oct 2019 - 13 Oct 2019,North Kivu | Biena,Probable,0,0,0,7
2019-10-20,2019-10-13,13 Oct 2019 - 20 Oct 2019,North Kivu | Biena,Probable,0,0,0,7
2019-10-27,2019-10-20,20 Oct 2019 - 27 Oct 2019,North Kivu | Biena,Probable,0,0,0,7
2019-11-03,2019-10-27,27 Oct 2019 - 3 Nov 2019,North Kivu | Biena,Probable,0,0,0,7
2019-11-10,2019-11-03,3 Nov 2019 - 10 Nov 2019,North Kivu | Biena,Probable,0,0,0,7
2019-11-17,2019-11-10,10 Nov 2019 - 17 Nov 2019,North Kivu | Biena,Probable,0,0,0,7
2019-11-24,2019-11-17,17 Nov 2019 - 24 Nov 2019,North Kivu | Biena,Probable,0,0,0,7
2019-12-01,2019-11-24,24 Nov 2019 - 1 Dec 2019,North Kivu | Biena,Probable,0,0,0,7
2019-12-08,2019-12-01,1 Dec 2019 - 8 Dec 2019,North Kivu | Biena,Probable,0,0,0,7
2019-12-15,2019-12-08,8 Dec 2019 - 15 Dec 2019,North Kivu | Biena,Probable,0,0,0,7
2019-12-22,2019-12-15,15 Dec 2019 - 22 Dec 2019,North Kivu | Biena,Probable,0,0,0,7
2020-01-05,2019-12-22,22 Dec 2019 - 5 Jan 2020,North Kivu | Biena,Probable,0,0,0,14
2020-01-12,2020-01-05,5 Jan 2020 - 12 Jan 2020,North Kivu | Biena,Probable,0,0,0,7
2020-01-19,2020-01-12,12 Jan 2020 - 19 Jan 2020,North Kivu | Biena,Probable,0,0,0,7
2020-01-26,2020-01-19,19 Jan 2020 - 26 Jan 2020,North Kivu | Biena,Probable,0,0,0,7
2018-08-05,,unknown - 5 August 2018,North Kivu | Butembo,Confirmed,0,0,1,
2018-08-12,2018-08-05,5 Aug 2018 - 12 Aug 2018,North Kivu | Butembo,Confirmed,0,0,0,7
2018-08-20,2018-08-12,12 Aug 2018 - 20 Aug 2018,North Kivu | Butembo,Confirmed,0,0,0,8
2018-08-26,2018-08-20,20 Aug 2018 - 26 Aug 2018,North Kivu | Butembo,Confirmed,0,0,0,6
2018-09-02,2018-08-26,26 Aug 2018 - 2 Sep 2018,North Kivu | Butembo,Confirmed,0,0,0,7
2018-09-09,2018-09-02,2 Sep 2018 - 9 Sep 2018,North Kivu | Butembo,Confirmed,2,0,0,7
2018-09-16,2018-09-09,9 Sep 2018 - 16 Sep 2018,North Kivu | Butembo,Confirmed,3,0,0,7
2018-09-23,2018-09-16,16 Sep 2018 - 23 Sep 2018,North Kivu | Butembo,Confirmed,1,0,0,7
2018-10-02,2018-09-23,23 Sep 2018 - 2 Oct 2018,North Kivu | Butembo,Confirmed,1,0,0,9
2018-10-07,2018-10-02,2 Oct 2018 - 7 Oct 2018,North Kivu | Butembo,Confirmed,4,0,0,5
2018-10-15,2018-10-07,7 Oct 2018 - 15 Oct 2018,North Kivu | Butembo,Confirmed,2,0,0,8
2018-10-21,2018-10-15,15 Oct 2018 - 21 Oct 2018,North Kivu | Butembo,Confirmed,3,0,0,6
2018-10-28,2018-10-21,21 Oct 2018 - 28 Oct 2018,North Kivu | Butembo,Confirmed,8,0,0,7
2018-11-04,2018-10-28,28 Oct 2018 - 4 Nov 2018,North Kivu | Butembo,Confirmed,6,0,0,7
2018-11-11,2018-11-04,4 Nov 2018 - 11 Nov 2018,North Kivu | Butembo,Confirmed,-8,1,0,7
2018-11-19,2018-11-11,11 Nov 2018 - 19 Nov 2018,North Kivu | Butembo,Confirmed,-11,1,0,8
2018-11-26,2018-11-19,19 Nov 2018 - 26 Nov 2018,North Kivu | Butembo,Confirmed,6,0,0,7
2018-12-03,2018-11-26,26 Nov 2018 - 3 Dec 2018,North Kivu | Butembo,Confirmed,1,0,0,7
2018-12-10,2018-12-03,3 Dec 2018 - 10 Dec 2018,North Kivu | Butembo,Confirmed,12,0,0,7
2018-12-16,2018-12-10,10 Dec 2018 - 16 Dec 2018,North Kivu | Butembo,Confirmed,4,0,0,6
2018-12-25,2018-12-16,16 Dec 2018 - 25 Dec 2018,North Kivu | Butembo,Confirmed,5,0,0,9
2019-01-01,2018-12-25,25 Dec 2018 - 1 Jan 2019,North Kivu | Butembo,Confirmed,4,0,0,7
2019-01-06,2019-01-01,1 Jan 2019 - 6 Jan 2019,North Kivu | Butembo,Confirmed,3,0,0,5
2019-01-14,2019-01-06,6 Jan 2019 - 14 Jan 2019,North Kivu | Butembo,Confirmed,2,0,0,8
2019-01-21,2019-01-14,14 Jan 2019 - 21 Jan 2019,North Kivu | Butembo,Confirmed,3,0,0,7
2019-01-28,2019-01-21,21 Jan 2019 - 28 Jan 2019,North Kivu | Butembo,Confirmed,2,0,0,7
2019-02-03,2019-01-28,28 Jan 2019 - 3 Feb 2019,North Kivu | Butembo,Confirmed,5,0,0,6
2019-02-10,2019-02-03,3 Feb 2019 - 10 Feb 2019,North Kivu | Butembo,Confirmed,3,0,0,7
2019-02-17,2019-02-10,10 Feb 2019 - 17 Feb 2019,North Kivu | Butembo,Confirmed,6,0,0,7
2019-02-24,2019-02-17,17 Feb 2019 - 24 Feb 2019,North Kivu | Butembo,Confirmed,9,0,0,7
2019-03-03,2019-02-24,24 Feb 2019 - 3 Mar 2019,North Kivu | Butembo,Confirmed,7,0,0,7
2019-03-10,2019-03-03,3 Mar 2019 - 10 Mar 2019,North Kivu | Butembo,Confirmed,5,0,0,7
2019-03-17,2019-03-10,10 Mar 2019 - 17 Mar 2019,North Kivu | Butembo,Confirmed,3,0,0,7
2019-03-24,2019-03-17,17 Mar 2019 - 24 Mar 2019,North Kivu | Butembo,Confirmed,6,0,0,7
2019-03-31,2019-03-24,24 Mar 2019 - 31 Mar 2019,North Kivu | Butembo,Confirmed,1,0,0,7
2019-04-07,2019-03-31,31 Mar 2019 - 7 Apr 2019,North Kivu | Butembo,Confirmed,9,0,0,7
2019-04-14,2019-04-07,7 Apr 2019 - 14 Apr 2019,North Kivu | Butembo,Confirmed,6,0,0,7
2019-04-22,2019-04-14,14 Apr 2019 - 22 Apr 2019,North Kivu | Butembo,Confirmed,15,0,0,8
2019-04-28,2019-04-22,22 Apr 2019 - 28 Apr 2019,North Kivu | Butembo,Confirmed,15,0,0,6
2019-05-05,2019-04-28,28 Apr 2019 - 5 May 2019,North Kivu | Butembo,Confirmed,11,0,0,7
2019-05-12,2019-05-05,5 May 2019 - 12 May 2019,North Kivu | Butembo,Confirmed,13,0,0,7
2019-05-19,2019-05-12,12 May 2019 - 19 May 2019,North Kivu | Butembo,Confirmed,20,0,0,7
2019-05-26,2019-05-19,19 May 2019 - 26 May 2019,North Kivu | Butembo,Confirmed,26,0,0,7
2019-06-02,2019-05-26,26 May 2019 - 2 Jun 2019,North Kivu | Butembo,Confirmed,18,0,0,7
2019-06-12,2019-06-02,2 Jun 2019 - 12 Jun 2019,North Kivu | Butembo,Confirmed,7,0,0,10
2019-06-16,2019-06-12,12 Jun 2019 - 16 Jun 2019,North Kivu | Butembo,Confirmed,3,0,0,4
2019-06-23,2019-06-16,16 Jun 2019 - 23 Jun 2019,North Kivu | Butembo,Confirmed,2,0,0,7
2019-06-30,2019-06-23,23 Jun 2019 - 30 Jun 2019,North Kivu | Butembo,Confirmed,5,0,0,7
2019-07-07,2019-06-30,30 Jun 2019 - 7 Jul 2019,North Kivu | Butembo,Confirmed,6,0,0,7
2019-07-14,2019-07-07,7 Jul 2019 - 14 Jul 2019,North Kivu | Butembo,Confirmed,1,0,0,7
2019-07-21,2019-07-14,14 Jul 2019 - 21 Jul 2019,North Kivu | Butembo,Confirmed,3,0,0,7
2019-07-28,2019-07-21,21 Jul 2019 - 28 Jul 2019,North Kivu | Butembo,Confirmed,1,0,0,7
2019-08-04,2019-07-28,28 Jul 2019 - 4 Aug 2019,North Kivu | Butembo,Confirmed,5,0,0,7
2019-08-11,2019-08-04,4 Aug 2019 - 11 Aug 2019,North Kivu | Butembo,Confirmed,5,0,0,7
2019-08-18,2019-08-11,11 Aug 2019 - 18 Aug 2019,North Kivu | Butembo,Confirmed,3,0,0,7
2019-08-25,2019-08-18,18 Aug 2019 - 25 Aug 2019,North Kivu | Butembo,Confirmed,5,0,0,7
2019-09-01,2019-08-25,25 Aug 2019 - 1 Sep 2019,North Kivu | Butembo,Confirmed,2,0,0,7
2019-09-08,2019-09-01,1 Sep 2019 - 8 Sep 2019,North Kivu | Butembo,Confirmed,3,0,0,7
2019-09-15,2019-09-08,8 Sep 2019 - 15 Sep 2019,North Kivu | Butembo,Confirmed,-1,1,0,7
2019-09-22,2019-09-15,15 Sep 2019 - 22 Sep 2019,North Kivu | Butembo,Confirmed,1,0,0,7
2019-09-29,2019-09-22,22 Sep 2019 - 29 Sep 2019,North Kivu | Butembo,Confirmed,1,0,0,7
2019-10-06,2019-09-29,29 Sep 2019 - 6 Oct 2019,North Kivu | Butembo,Confirmed,0,0,0,7
2019-10-13,2019-10-06,6 Oct 2019 - 13 Oct 2019,North Kivu | Butembo,Confirmed,0,0,0,7
2019-10-20,2019-10-13,13 Oct 2019 - 20 Oct 2019,North Kivu | Butembo,Confirmed,0,0,0,7
2019-10-27,2019-10-20,20 Oct 2019 - 27 Oct 2019,North Kivu | Butembo,Confirmed,2,0,0,7
2019-11-03,2019-10-27,27 Oct 2019 - 3 Nov 2019,North Kivu | Butembo,Confirmed,0,0,0,7
2019-11-10,2019-11-03,3 Nov 2019 - 10 Nov 2019,North Kivu | Butembo,Confirmed,0,0,0,7
2019-11-17,2019-11-10,10 Nov 2019 - 17 Nov 2019,North Kivu | Butembo,Confirmed,0,0,0,7
2019-11-24,2019-11-17,17 Nov 2019 - 24 Nov 2019,North Kivu | Butembo,Confirmed,0,0,0,7
2019-12-01,2019-11-24,24 Nov 2019 - 1 Dec 2019,North Kivu | Butembo,Confirmed,0,0,0,7
2019-12-08,2019-12-01,1 Dec 2019 - 8 Dec 2019,North Kivu | Butembo,Confirmed,0,0,0,7
2019-12-15,2019-12-08,8 Dec 2019 - 15 Dec 2019,North Kivu | Butembo,Confirmed,0,0,0,7
2019-12-22,2019-12-15,15 Dec 2019 - 22 Dec 2019,North Kivu | Butembo,Confirmed,2,0,0,7
2020-01-05,2019-12-22,22 Dec 2019 - 5 Jan 2020,North Kivu | Butembo,Confirmed,8,0,0,14
2020-01-12,2020-01-05,5 Jan 2020 - 12 Jan 2020,North Kivu | Butembo,Confirmed,0,0,0,7
2020-01-19,2020-01-12,12 Jan 2020 - 19 Jan 2020,North Kivu | Butembo,Confirmed,0,0,0,7
2020-01-26,2020-01-19,19 Jan 2020 - 26 Jan 2020,North Kivu | Butembo,Confirmed,0,0,0,7
2018-08-05,,unknown - 5 August 2018,North Kivu | Butembo,Probable,2,0,1,
2018-08-12,2018-08-05,5 Aug 2018 - 12 Aug 2018,North Kivu | Butembo,Probable,0,0,0,7
2018-08-20,2018-08-12,12 Aug 2018 - 20 Aug 2018,North Kivu | Butembo,Probable,0,0,0,8
2018-08-26,2018-08-20,20 Aug 2018 - 26 Aug 2018,North Kivu | Butembo,Probable,0,0,0,6
2018-09-02,2018-08-26,26 Aug 2018 - 2 Sep 2018,North Kivu | Butembo,Probable,0,0,0,7
2018-09-09,2018-09-02,2 Sep 2018 - 9 Sep 2018,North Kivu | Butembo,Probable,0,0,0,7
2018-09-16,2018-09-09,9 Sep 2018 - 16 Sep 2018,North Kivu | Butembo,Probable,0,0,0,7
2018-09-23,2018-09-16,16 Sep 2018 - 23 Sep 2018,North Kivu | Butembo,Probable,0,0,0,7
2018-10-02,2018-09-23,23 Sep 2018 - 2 Oct 2018,North Kivu | Butembo,Probable,0,0,0,9
2018-10-07,2018-10-02,2 Oct 2018 - 7 Oct 2018,North Kivu | Butembo,Probable,0,0,0,5
2018-10-15,2018-10-07,7 Oct 2018 - 15 Oct 2018,North Kivu | Butembo,Probable,0,0,0,8
2018-10-21,2018-10-15,15 Oct 2018 - 21 Oct 2018,North Kivu | Butembo,Probable,0,0,0,6
2018-10-28,2018-10-21,21 Oct 2018 - 28 Oct 2018,North Kivu | Butembo,Probable,0,0,0,7
2018-11-04,2018-10-28,28 Oct 2018 - 4 Nov 2018,North Kivu | Butembo,Probable,0,0,0,7
2018-11-11,2018-11-04,4 Nov 2018 - 11 Nov 2018,North Kivu | Butembo,Probable,1,0,0,7
2018-11-19,2018-11-11,11 Nov 2018 - 19 Nov 2018,North Kivu | Butembo,Probable,-3,1,0,8
2018-11-26,2018-11-19,19 Nov 2018 - 26 Nov 2018,North Kivu | Butembo,Probable,0,0,0,7
2018-12-03,2018-11-26,26 Nov 2018 - 3 Dec 2018,North Kivu | Butembo,Probable,0,0,0,7
2018-12-10,2018-12-03,3 Dec 2018 - 10 Dec 2018,North Kivu | Butembo,Probable,0,0,0,7
2018-12-16,2018-12-10,10 Dec 2018 - 16 Dec 2018,North Kivu | Butembo,Probable,0,0,0,6
2018-12-25,2018-12-16,16 Dec 2018 - 25 Dec 2018,North Kivu | Butembo,Probable,0,0,0,9
2019-01-01,2018-12-25,25 Dec 2018 - 1 Jan 2019,North Kivu | Butembo,Probable,0,0,0,7
2019-01-06,2019-01-01,1 Jan 2019 - 6 Jan 2019,North Kivu | Butembo,Probable,0,0,0,5
2019-01-14,2019-01-06,6 Jan 2019 - 14 Jan 2019,North Kivu | Butembo,Probable,1,0,0,8
2019-01-21,2019-01-14,14 Jan 2019 - 21 Jan 2019,North Kivu | Butembo,Probable,-1,1,0,7
2019-01-28,2019-01-21,21 Jan 2019 - 28 Jan 2019,North Kivu | Butembo,Probable,0,0,0,7
2019-02-03,2019-01-28,28 Jan 2019 - 3 Feb 2019,North Kivu | Butembo,Probable,0,0,0,6
2019-02-10,2019-02-03,3 Feb 2019 - 10 Feb 2019,North Kivu | Butembo,Probable,0,0,0,7
2019-02-17,2019-02-10,10 Feb 2019 - 17 Feb 2019,North Kivu | Butembo,Probable,0,0,0,7
2019-02-24,2019-02-17,17 Feb 2019 - 24 Feb 2019,North Kivu | Butembo,Probable,0,0,0,7
2019-03-03,2019-02-24,24 Feb 2019 - 3 Mar 2019,North Kivu | Butembo,Probable,0,0,0,7
2019-03-10,2019-03-03,3 Mar 2019 - 10 Mar 2019,North Kivu | Butembo,Probable,0,0,0,7
2019-03-17,2019-03-10,10 Mar 2019 - 17 Mar 2019,North Kivu | Butembo,Probable,0,0,0,7
2019-03-24,2019-03-17,17 Mar 2019 - 24 Mar 2019,North Kivu | Butembo,Probable,0,0,0,7
2019-03-31,2019-03-24,24 Mar 2019 - 31 Mar 2019,North Kivu | Butembo,Probable,0,0,0,7
2019-04-07,2019-03-31,31 Mar 2019 - 7 Apr 2019,North Kivu | Butembo,Probable,0,0,0,7
2019-04-14,2019-04-07,7 Apr 2019 - 14 Apr 2019,North Kivu | Butembo,Probable,0,0,0,7
2019-04-22,2019-04-14,14 Apr 2019 - 22 Apr 2019,North Kivu | Butembo,Probable,0,0,0,8
2019-04-28,2019-04-22,22 Apr 2019 - 28 Apr 2019,North Kivu | Butembo,Probable,0,0,0,6
2019-05-05,2019-04-28,28 Apr 2019 - 5 May 2019,North Kivu | Butembo,Probable,0,0,0,7
2019-05-12,2019-05-05,5 May 2019 - 12 May 2019,North Kivu | Butembo,Probable,0,0,0,7
2019-05-19,2019-05-12,12 May 2019 - 19 May 2019,North Kivu | Butembo,Probable,0,0,0,7
2019-05-26,2019-05-19,19 May 2019 - 26 May 2019,North Kivu | Butembo,Probable,3,0,0,7
2019-06-02,2019-05-26,26 May 2019 - 2 Jun 2019,North Kivu | Butembo,Probable,-3,1,0,7
2019-06-12,2019-06-02,2 Jun 2019 - 12 Jun 2019,North Kivu | Butembo,Probable,0,0,0,10
2019-06-16,2019-06-12,12 Jun 2019 - 16 Jun 2019,North Kivu | Butembo,Probable,0,0,0,4
2019-06-23,2019-06-16,16 Jun 2019 - 23 Jun 2019,North Kivu | Butembo,Probable,0,0,0,7
2019-06-30,2019-06-23,23 Jun 2019 - 30 Jun 2019,North Kivu | Butembo,Probable,0,0,0,7
2019-07-07,2019-06-30,30 Jun 2019 - 7 Jul 2019,North Kivu | Butembo,Probable,0,0,0,7
2019-07-14,2019-07-07,7 Jul 2019 - 14 Jul 2019,North Kivu | Butembo,Probable,0,0,0,7
2019-07-21,2019-07-14,14 Jul 2019 - 21 Jul 2019,North Kivu | Butembo,Probable,0,0,0,7
2019-07-28,2019-07-21,21 Jul 2019 - 28 Jul 2019,North Kivu | Butembo,Probable,0,0,0,7
2019-08-04,2019-07-28,28 Jul 2019 - 4 Aug 2019,North Kivu | Butembo,Probable,0,0,0,7
2019-08-11,2019-08-04,4 Aug 2019 - 11 Aug 2019,North Kivu | Butembo,Probable,0,0,0,7
2019-08-18,2019-08-11,11 Aug 2019 - 18 Aug 2019,North Kivu | Butembo,Probable,1,0,0,7
2019-08-25,2019-08-18,18 Aug 2019 - 25 Aug 2019,North Kivu | Butembo,Probable,-1,1,0,7
2019-09-01,2019-08-25,25 Aug 2019 - 1 Sep 2019,North Kivu | Butembo,Probable,0,0,0,7
2019-09-08,2019-09-01,1 Sep 2019 - 8 Sep 2019,North Kivu | Butembo,Probable,3,0,0,7
2019-09-15,2019-09-08,8 Sep 2019 - 15 Sep 2019,North Kivu | Butembo,Probable,0,0,0,7
2019-09-22,2019-09-15,15 Sep 2019 - 22 Sep 2019,North Kivu | Butembo,Probable,0,0,0,7
2019-09-29,2019-09-22,22 Sep 2019 - 29 Sep 2019,North Kivu | Butembo,Probable,0,0,0,7
2019-10-06,2019-09-29,29 Sep 2019 - 6 Oct 2019,North Kivu | Butembo,Probable,0,0,0,7
2019-10-13,2019-10-06,6 Oct 2019 - 13 Oct 2019,North Kivu | Butembo,Probable,0,0,0,7
2019-10-20,2019-10-13,13 Oct 2019 - 20 Oct 2019,North Kivu | Butembo,Probable,0,0,0,7
2019-10-27,2019-10-20,20 Oct 2019 - 27 Oct 2019,North Kivu | Butembo,Probable,0,0,0,7
2019-11-03,2019-10-27,27 Oct 2019 - 3 Nov 2019,North Kivu | Butembo,Probable,0,0,0,7
2019-11-10,2019-11-03,3 Nov 2019 - 10 Nov 2019,North Kivu | Butembo,Probable,0,0,0,7
2019-11-17,2019-11-10,10 Nov 2019 - 17 Nov 2019,North Kivu | Butembo,Probable,0,0,0,7
2019-11-24,2019-11-17,17 Nov 2019 - 24 Nov 2019,North Kivu | Butembo,Probable,0,0,0,7
2019-12-01,2019-11-24,24 Nov 2019 - 1 Dec 2019,North Kivu | Butembo,Probable,0,0,0,7
2019-12-08,2019-12-01,1 Dec 2019 - 8 Dec 2019,North Kivu | Butembo,Probable,0,0,0,7
2019-12-15,2019-12-08,8 Dec 2019 - 15 Dec 2019,North Kivu | Butembo,Probable,0,0,0,7
2019-12-22,2019-12-15,15 Dec 2019 - 22 Dec 2019,North Kivu | Butembo,Probable,0,0,0,7
2020-01-05,2019-12-22,22 Dec 2019 - 5 Jan 2020,North Kivu | Butembo,Probable,0,0,0,14
2020-01-12,2020-01-05,5 Jan 2020 - 12 Jan 2020,North Kivu | Butembo,Probable,0,0,0,7
2020-01-19,2020-01-12,12 Jan 2020 - 19 Jan 2020,North Kivu | Butembo,Probable,0,0,0,7
2020-01-26,2020-01-19,19 Jan 2020 - 26 Jan 2020,North Kivu | Butembo,Probable,0,0,0,7
2018-08-05,,unknown - 5 August 2018,North Kivu | Goma,Confirmed,0,0,1,
2018-08-12,2018-08-05,5 Aug 2018 - 12 Aug 2018,North Kivu | Goma,Confirmed,0,0,0,7
2018-08-20,2018-08-12,12 Aug 2018 - 20 Aug 2018,North Kivu | Goma,Confirmed,0,0,0,8
2018-08-26,2018-08-20,20 Aug 2018 - 26 Aug 2018,North Kivu | Goma,Confirmed,0,0,0,6
2018-09-02,2018-08-26,26 Aug 2018 - 2 Sep 2018,North Kivu | Goma,Confirmed,0,0,0,7
2018-09-09,2018-09-02,2 Sep 2018 - 9 Sep 2018,North Kivu | Goma,Confirmed,0,0,0,7
2018-09-16,2018-09-09,9 Sep 2018 - 16 Sep 2018,North Kivu | Goma,Confirmed,0,0,0,7
2018-09-23,2018-09-16,16 Sep 2018 - 23 Sep 2018,North Kivu | Goma,Confirmed,0,0,0,7
2018-10-02,2018-09-23,23 Sep 2018 - 2 Oct 2018,North Kivu | Goma,Confirmed,0,0,0,9
2018-10-07,2018-10-02,2 Oct 2018 - 7 Oct 2018,North Kivu | Goma,Confirmed,0,0,0,5
2018-10-15,2018-10-07,7 Oct 2018 - 15 Oct 2018,North Kivu | Goma,Confirmed,0,0,0,8
2018-10-21,2018-10-15,15 Oct 2018 - 21 Oct 2018,North Kivu | Goma,Confirmed,0,0,0,6
2018-10-28,2018-10-21,21 Oct 2018 - 28 Oct 2018,North Kivu | Goma,Confirmed,0,0,0,7
2018-11-04,2018-10-28,28 Oct 2018 - 4 Nov 2018,North Kivu | Goma,Confirmed,0,0,0,7
2018-11-11,2018-11-04,4 Nov 2018 - 11 Nov 2018,North Kivu | Goma,Confirmed,0,0,0,7
2018-11-19,2018-11-11,11 Nov 2018 - 19 Nov 2018,North Kivu | Goma,Confirmed,0,0,0,8
2018-11-26,2018-11-19,19 Nov 2018 - 26 Nov 2018,North Kivu | Goma,Confirmed,0,0,0,7
2018-12-03,2018-11-26,26 Nov 2018 - 3 Dec 2018,North Kivu | Goma,Confirmed,0,0,0,7
2018-12-10,2018-12-03,3 Dec 2018 - 10 Dec 2018,North Kivu | Goma,Confirmed,0,0,0,7
2018-12-16,2018-12-10,10 Dec 2018 - 16 Dec 2018,North Kivu | Goma,Confirmed,0,0,0,6
2018-12-25,2018-12-16,16 Dec 2018 - 25 Dec 2018,North Kivu | Goma,Confirmed,0,0,0,9
2019-01-01,2018-12-25,25 Dec 2018 - 1 Jan 2019,North Kivu | Goma,Confirmed,0,0,0,7
2019-01-06,2019-01-01,1 Jan 2019 - 6 Jan 2019,North Kivu | Goma,Confirmed,0,0,0,5
2019-01-14,2019-01-06,6 Jan 2019 - 14 Jan 2019,North Kivu | Goma,Confirmed,0,0,0,8
2019-01-21,2019-01-14,14 Jan 2019 - 21 Jan 2019,North Kivu | Goma,Confirmed,0,0,0,7
2019-01-28,2019-01-21,21 Jan 2019 - 28 Jan 2019,North Kivu | Goma,Confirmed,0,0,0,7
2019-02-03,2019-01-28,28 Jan 2019 - 3 Feb 2019,North Kivu | Goma,Confirmed,0,0,0,6
2019-02-10,2019-02-03,3 Feb 2019 - 10 Feb 2019,North Kivu | Goma,Confirmed,0,0,0,7
2019-02-17,2019-02-10,10 Feb 2019 - 17 Feb 2019,North Kivu | Goma,Confirmed,0,0,0,7
2019-02-24,2019-02-17,17 Feb 2019 - 24 Feb 2019,North Kivu | Goma,Confirmed,0,0,0,7
2019-03-03,2019-02-24,24 Feb 2019 - 3 Mar 2019,North Kivu | Goma,Confirmed,0,0,0,7
2019-03-10,2019-03-03,3 Mar 2019 - 10 Mar 2019,North Kivu | Goma,Confirmed,0,0,0,7
2019-03-17,2019-03-10,10 Mar 2019 - 17 Mar 2019,North Kivu | Goma,Confirmed,0,0,0,7
2019-03-24,2019-03-17,17 Mar 2019 - 24 Mar 2019,North Kivu | Goma,Confirmed,0,0,0,7
2019-03-31,2019-03-24,24 Mar 2019 - 31 Mar 2019,North Kivu | Goma,Confirmed,0,0,0,7
2019-04-07,2019-03-31,31 Mar 2019 - 7 Apr 2019,North Kivu | Goma,Confirmed,0,0,0,7
2019-04-14,2019-04-07,7 Apr 2019 - 14 Apr 2019,North Kivu | Goma,Confirmed,0,0,0,7
2019-04-22,2019-04-14,14 Apr 2019 - 22 Apr 2019,North Kivu | Goma,Confirmed,0,0,0,8
2019-04-28,2019-04-22,22 Apr 2019 - 28 Apr 2019,North Kivu | Goma,Confirmed,0,0,0,6
2019-05-05,2019-04-28,28 Apr 2019 - 5 May 2019,North Kivu | Goma,Confirmed,0,0,0,7
2019-05-12,2019-05-05,5 May 2019 - 12 May 2019,North Kivu | Goma,Confirmed,0,0,0,7
2019-05-19,2019-05-12,12 May 2019 - 19 May 2019,North Kivu | Goma,Confirmed,0,0,0,7
2019-05-26,2019-05-19,19 May 2019 - 26 May 2019,North Kivu | Goma,Confirmed,0,0,0,7
2019-06-02,2019-05-26,26 May 2019 - 2 Jun 2019,North Kivu | Goma,Confirmed,0,0,0,7
2019-06-12,2019-06-02,2 Jun 2019 - 12 Jun 2019,North Kivu | Goma,Confirmed,0,0,0,10
2019-06-16,2019-06-12,12 Jun 2019 - 16 Jun 2019,North Kivu | Goma,Confirmed,0,0,0,4
2019-06-23,2019-06-16,16 Jun 2019 - 23 Jun 2019,North Kivu | Goma,Confirmed,0,0,0,7
2019-06-30,2019-06-23,23 Jun 2019 - 30 Jun 2019,North Kivu | Goma,Confirmed,0,0,0,7
2019-07-07,2019-06-30,30 Jun 2019 - 7 Jul 2019,North Kivu | Goma,Confirmed,0,0,0,7
2019-07-14,2019-07-07,7 Jul 2019 - 14 Jul 2019,North Kivu | Goma,Confirmed,1,0,0,7
2019-07-21,2019-07-14,14 Jul 2019 - 21 Jul 2019,North Kivu | Goma,Confirmed,0,0,0,7
2019-07-28,2019-07-21,21 Jul 2019 - 28 Jul 2019,North Kivu | Goma,Confirmed,0,0,0,7
2019-08-04,2019-07-28,28 Jul 2019 - 4 Aug 2019,North Kivu | Goma,Confirmed,0,0,0,7
2019-08-11,2019-08-04,4 Aug 2019 - 11 Aug 2019,North Kivu | Goma,Confirmed,0,0,0,7
2019-08-18,2019-08-11,11 Aug 2019 - 18 Aug 2019,North Kivu | Goma,Confirmed,0,0,0,7
2019-08-25,2019-08-18,18 Aug 2019 - 25 Aug 2019,North Kivu | Goma,Confirmed,0,0,0,7
2019-09-01,2019-08-25,25 Aug 2019 - 1 Sep 2019,North Kivu | Goma,Confirmed,0,0,0,7
2019-09-08,2019-09-01,1 Sep 2019 - 8 Sep 2019,North Kivu | Goma,Confirmed,0,0,0,7
2019-09-15,2019-09-08,8 Sep 2019 - 15 Sep 2019,North Kivu | Goma,Confirmed,0,0,0,7
2019-09-22,2019-09-15,15 Sep 2019 - 22 Sep 2019,North Kivu | Goma,Confirmed,0,0,0,7
2019-09-29,2019-09-22,22 Sep 2019 - 29 Sep 2019,North Kivu | Goma,Confirmed,0,0,0,7
2019-10-06,2019-09-29,29 Sep 2019 - 6 Oct 2019,North Kivu | Goma,Confirmed,0,0,0,7
2019-10-13,2019-10-06,6 Oct 2019 - 13 Oct 2019,North Kivu | Goma,Confirmed,0,0,0,7
2019-10-20,2019-10-13,13 Oct 2019 - 20 Oct 2019,North Kivu | Goma,Confirmed,0,0,0,7
2019-10-27,2019-10-20,20 Oct 2019 - 27 Oct 2019,North Kivu | Goma,Confirmed,0,0,0,7
2019-11-03,2019-10-27,27 Oct 2019 - 3 Nov 2019,North Kivu | Goma,Confirmed,0,0,0,7
2019-11-10,2019-11-03,3 Nov 2019 - 10 Nov 2019,North Kivu | Goma,Confirmed,0,0,0,7
2019-11-17,2019-11-10,10 Nov 2019 - 17 Nov 2019,North Kivu | Goma,Confirmed,0,0,0,7
2019-11-24,2019-11-17,17 Nov 2019 - 24 Nov 2019,North Kivu | Goma,Confirmed,0,0,0,7
2019-12-01,2019-11-24,24 Nov 2019 - 1 Dec 2019,North Kivu | Goma,Confirmed,0,0,0,7
2019-12-08,2019-12-01,1 Dec 2019 - 8 Dec 2019,North Kivu | Goma,Confirmed,0,0,0,7
2019-12-15,2019-12-08,8 Dec 2019 - 15 Dec 2019,North Kivu | Goma,Confirmed,0,0,0,7
2019-12-22,2019-12-15,15 Dec 2019 - 22 Dec 2019,North Kivu | Goma,Confirmed,0,0,0,7
2020-01-05,2019-12-22,22 Dec 2019 - 5 Jan 2020,North Kivu | Goma,Confirmed,0,0,0,14
2020-01-12,2020-01-05,5 Jan 2020 - 12 Jan 2020,North Kivu | Goma,Confirmed,0,0,0,7
2020-01-19,2020-01-12,12 Jan 2020 - 19 Jan 2020,North Kivu | Goma,Confirmed,0,0,0,7
2020-01-26,2020-01-19,19 Jan 2020 - 26 Jan 2020,North Kivu | Goma,Confirmed,0,0,0,7
2018-08-05,,unknown - 5 August 2018,North Kivu | Goma,Probable,0,0,1,
2018-08-12,2018-08-05,5 Aug 2018 - 12 Aug 2018,North Kivu | Goma,Probable,0,0,0,7
2018-08-20,2018-08-12,12 Aug 2018 - 20 Aug 2018,North Kivu | Goma,Probable,0,0,0,8
2018-08-26,2018-08-20,20 Aug 2018 - 26 Aug 2018,North Kivu | Goma,Probable,0,0,0,6
2018-09-02,2018-08-26,26 Aug 2018 - 2 Sep 2018,North Kivu | Goma,Probable,0,0,0,7
2018-09-09,2018-09-02,2 Sep 2018 - 9 Sep 2018,North Kivu | Goma,Probable,0,0,0,7
2018-09-16,2018-09-09,9 Sep 2018 - 16 Sep 2018,North Kivu | Goma,Probable,0,0,0,7
2018-09-23,2018-09-16,16 Sep 2018 - 23 Sep 2018,North Kivu | Goma,Probable,0,0,0,7
2018-10-02,2018-09-23,23 Sep 2018 - 2 Oct 2018,North Kivu | Goma,Probable,0,0,0,9
2018-10-07,2018-10-02,2 Oct 2018 - 7 Oct 2018,North Kivu | Goma,Probable,0,0,0,5
2018-10-15,2018-10-07,7 Oct 2018 - 15 Oct 2018,North Kivu | Goma,Probable,0,0,0,8
2018-10-21,2018-10-15,15 Oct 2018 - 21 Oct 2018,North Kivu | Goma,Probable,0,0,0,6
2018-10-28,2018-10-21,21 Oct 2018 - 28 Oct 2018,North Kivu | Goma,Probable,0,0,0,7
2018-11-04,2018-10-28,28 Oct 2018 - 4 Nov 2018,North Kivu | Goma,Probable,0,0,0,7
2018-11-11,2018-11-04,4 Nov 2018 - 11 Nov 2018,North Kivu | Goma,Probable,0,0,0,7
2018-11-19,2018-11-11,11 Nov 2018 - 19 Nov 2018,North Kivu | Goma,Probable,0,0,0,8
2018-11-26,2018-11-19,19 Nov 2018 - 26 Nov 2018,North Kivu | Goma,Probable,0,0,0,7
2018-12-03,2018-11-26,26 Nov 2018 - 3 Dec 2018,North Kivu | Goma,Probable,0,0,0,7
2018-12-10,2018-12-03,3 Dec 2018 - 10 Dec 2018,North Kivu | Goma,Probable,0,0,0,7
2018-12-16,2018-12-10,10 Dec 2018 - 16 Dec 2018,North Kivu | Goma,Probable,0,0,0,6
2018-12-25,2018-12-16,16 Dec 2018 - 25 Dec 2018,North Kivu | Goma,Probable,0,0,0,9
2019-01-01,2018-12-25,25 Dec 2018 - 1 Jan 2019,North Kivu | Goma,Probable,0,0,0,7
2019-01-06,2019-01-01,1 Jan 2019 - 6 Jan 2019,North Kivu | Goma,Probable,0,0,0,5
2019-01-14,2019-01-06,6 Jan 2019 - 14 Jan 2019,North Kivu | Goma,Probable,0,0,0,8
2019-01-21,2019-01-14,14 Jan 2019 - 21 Jan 2019,North Kivu | Goma,Probable,0,0,0,7
2019-01-28,2019-01-21,21 Jan 2019 - 28 Jan 2019,North Kivu | Goma,Probable,0,0,0,7
2019-02-03,2019-01-28,28 Jan 2019 - 3 Feb 2019,North Kivu | Goma,Probable,0,0,0,6
2019-02-10,2019-02-03,3 Feb 2019 - 10 Feb 2019,North Kivu | Goma,Probable,0,0,0,7
2019-02-17,2019-02-10,10 Feb 2019 - 17 Feb 2019,North Kivu | Goma,Probable,0,0,0,7
2019-02-24,2019-02-17,17 Feb 2019 - 24 Feb 2019,North Kivu | Goma,Probable,0,0,0,7
2019-03-03,2019-02-24,24 Feb 2019 - 3 Mar 2019,North Kivu | Goma,Probable,0,0,0,7
2019-03-10,2019-03-03,3 Mar 2019 - 10 Mar 2019,North Kivu | Goma,Probable,0,0,0,7
2019-03-17,2019-03-10,10 Mar 2019 - 17 Mar 2019,North Kivu | Goma,Probable,0,0,0,7
2019-03-24,2019-03-17,17 Mar 2019 - 24 Mar 2019,North Kivu | Goma,Probable,0,0,0,7
2019-03-31,2019-03-24,24 Mar 2019 - 31 Mar 2019,North Kivu | Goma,Probable,0,0,0,7
2019-04-07,2019-03-31,31 Mar 2019 - 7 Apr 2019,North Kivu | Goma,Probable,0,0,0,7
2019-04-14,2019-04-07,7 Apr 2019 - 14 Apr 2019,North Kivu | Goma,Probable,0,0,0,7
2019-04-22,2019-04-14,14 Apr 2019 - 22 Apr 2019,North Kivu | Goma,Probable,0,0,0,8
2019-04-28,2019-04-22,22 Apr 2019 - 28 Apr 2019,North Kivu | Goma,Probable,0,0,0,6
2019-05-05,2019-04-28,28 Apr 2019 - 5 May 2019,North Kivu | Goma,Probable,0,0,0,7
2019-05-12,2019-05-05,5 May 2019 - 12 May 2019,North Kivu | Goma,Probable,0,0,0,7
2019-05-19,2019-05-12,12 May 2019 - 19 May 2019,North Kivu | Goma,Probable,0,0,0,7
2019-05-26,2019-05-19,19 May 2019 - 26 May 2019,North Kivu | Goma,Probable,0,0,0,7
2019-06-02,2019-05-26,26 May 2019 - 2 Jun 2019,North Kivu | Goma,Probable,0,0,0,7
2019-06-12,2019-06-02,2 Jun 2019 - 12 Jun 2019,North Kivu | Goma,Probable,0,0,0,10
2019-06-16,2019-06-12,12 Jun 2019 - 16 Jun 2019,North Kivu | Goma,Probable,0,0,0,4
2019-06-23,2019-06-16,16 Jun 2019 - 23 Jun 2019,North Kivu | Goma,Probable,0,0,0,7
2019-06-30,2019-06-23,23 Jun 2019 - 30 Jun 2019,North Kivu | Goma,Probable,0,0,0,7
2019-07-07,2019-06-30,30 Jun 2019 - 7 Jul 2019,North Kivu | Goma,Probable,0,0,0,7
2019-07-14,2019-07-07,7 Jul 2019 - 14 Jul 2019,North Kivu | Goma,Probable,0,0,0,7
2019-07-21,2019-07-14,14 Jul 2019 - 21 Jul 2019,North Kivu | Goma,Probable,0,0,0,7
2019-07-28,2019-07-21,21 Jul 2019 - 28 Jul 2019,North Kivu | Goma,Probable,0,0,0,7
2019-08-04,2019-07-28,28 Jul 2019 - 4 Aug 2019,North Kivu | Goma,Probable,0,0,0,7
2019-08-11,2019-08-04,4 Aug 2019 - 11 Aug 2019,North Kivu | Goma,Probable,0,0,0,7
2019-08-18,2019-08-11,11 Aug 2019 - 18 Aug 2019,North Kivu | Goma,Probable,0,0,0,7
2019-08-25,2019-08-18,18 Aug 2019 - 25 Aug 2019,North Kivu | Goma,Probable,0,0,0,7
2019-09-01,2019-08-25,25 Aug 2019 - 1 Sep 2019,North Kivu | Goma,Probable,0,0,0,7
2019-09-08,2019-09-01,1 Sep 2019 - 8 Sep 2019,North Kivu | Goma,Probable,0,0,0,7
2019-09-15,2019-09-08,8 Sep 2019 - 15 Sep 2019,North Kivu | Goma,Probable,0,0,0,7
2019-09-22,2019-09-15,15 Sep 2019 - 22 Sep 2019,North Kivu | Goma,Probable,0,0,0,7
2019-09-29,2019-09-22,22 Sep 2019 - 29 Sep 2019,North Kivu | Goma,Probable,0,0,0,7
2019-10-06,2019-09-29,29 Sep 2019 - 6 Oct 2019,North Kivu | Goma,Probable,0,0,0,7
2019-10-13,2019-10-06,6 Oct 2019 - 13 Oct 2019,North Kivu | Goma,Probable,0,0,0,7
2019-10-20,2019-10-13,13 Oct 2019 - 20 Oct 2019,North Kivu | Goma,Probable,0,0,0,7
2019-10-27,2019-10-20,20 Oct 2019 - 27 Oct 2019,North Kivu | Goma,Probable,0,0,0,7
2019-11-03,2019-10-27,27 Oct 2019 - 3 Nov 2019,North Kivu | Goma,Probable,0,0,0,7
2019-11-10,2019-11-03,3 Nov 2019 - 10 Nov 2019,North Kivu | Goma,Probable,0,0,0,7
2019-11-17,2019-11-10,10 Nov 2019 - 17 Nov 2019,North Kivu | Goma,Probable,0,0,0,7
2019-11-24,2019-11-17,17 Nov 2019 - 24 Nov 2019,North Kivu | Goma,Probable,0,0,0,7
2019-12-01,2019-11-24,24 Nov 2019 - 1 Dec 2019,North Kivu | Goma,Probable,0,0,0,7
2019-12-08,2019-12-01,1 Dec 2019 - 8 Dec 2019,North Kivu | Goma,Probable,0,0,0,7
2019-12-15,2019-12-08,8 Dec 2019 - 15 Dec 2019,North Kivu | Goma,Probable,0,0,0,7
2019-12-22,2019-12-15,15 Dec 2019 - 22 Dec 2019,North Kivu | Goma,Probable,0,0,0,7
2020-01-05,2019-12-22,22 Dec 2019 - 5 Jan 2020,North Kivu | Goma,Probable,0,0,0,14
2020-01-12,2020-01-05,5 Jan 2020 - 12 Jan 2020,North Kivu | Goma,Probable,0,0,0,7
2020-01-19,2020-01-12,12 Jan 2020 - 19 Jan 2020,North Kivu | Goma,Probable,0,0,0,7
2020-01-26,2020-01-19,19 Jan 2020 - 26 Jan 2020,North Kivu | Goma,Probable,0,0,0,7
2018-08-05,,unknown - 5 August 2018,North Kivu | Kalunguta,Confirmed,0,0,1,
2018-08-12,2018-08-05,5 Aug 2018 - 12 Aug 2018,North Kivu | Kalunguta,Confirmed,0,0,0,7
2018-08-20,2018-08-12,12 Aug 2018 - 20 Aug 2018,North Kivu | Kalunguta,Confirmed,0,0,0,8
2018-08-26,2018-08-20,20 Aug 2018 - 26 Aug 2018,North Kivu | Kalunguta,Confirmed,0,0,0,6
2018-09-02,2018-08-26,26 Aug 2018 - 2 Sep 2018,North Kivu | Kalunguta,Confirmed,1,0,0,7
2018-09-09,2018-09-02,2 Sep 2018 - 9 Sep 2018,North Kivu | Kalunguta,Confirmed,0,0,0,7
2018-09-16,2018-09-09,9 Sep 2018 - 16 Sep 2018,North Kivu | Kalunguta,Confirmed,0,0,0,7
2018-09-23,2018-09-16,16 Sep 2018 - 23 Sep 2018,North Kivu | Kalunguta,Confirmed,0,0,0,7
2018-10-02,2018-09-23,23 Sep 2018 - 2 Oct 2018,North Kivu | Kalunguta,Confirmed,0,0,0,9
2018-10-07,2018-10-02,2 Oct 2018 - 7 Oct 2018,North Kivu | Kalunguta,Confirmed,0,0,0,5
2018-10-15,2018-10-07,7 Oct 2018 - 15 Oct 2018,North Kivu | Kalunguta,Confirmed,1,0,0,8
2018-10-21,2018-10-15,15 Oct 2018 - 21 Oct 2018,North Kivu | Kalunguta,Confirmed,0,0,0,6
2018-10-28,2018-10-21,21 Oct 2018 - 28 Oct 2018,North Kivu | Kalunguta,Confirmed,0,0,0,7
2018-11-04,2018-10-28,28 Oct 2018 - 4 Nov 2018,North Kivu | Kalunguta,Confirmed,1,0,0,7
2018-11-11,2018-11-04,4 Nov 2018 - 11 Nov 2018,North Kivu | Kalunguta,Confirmed,16,0,0,7
2018-11-19,2018-11-11,11 Nov 2018 - 19 Nov 2018,North Kivu | Kalunguta,Confirmed,5,0,0,8
2018-11-26,2018-11-19,19 Nov 2018 - 26 Nov 2018,North Kivu | Kalunguta,Confirmed,9,0,0,7
2018-12-03,2018-11-26,26 Nov 2018 - 3 Dec 2018,North Kivu | Kalunguta,Confirmed,2,0,0,7
2018-12-10,2018-12-03,3 Dec 2018 - 10 Dec 2018,North Kivu | Kalunguta,Confirmed,-4,1,0,7
2018-12-16,2018-12-10,10 Dec 2018 - 16 Dec 2018,North Kivu | Kalunguta,Confirmed,3,0,0,6
2018-12-25,2018-12-16,16 Dec 2018 - 25 Dec 2018,North Kivu | Kalunguta,Confirmed,3,0,0,9
2019-01-01,2018-12-25,25 Dec 2018 - 1 Jan 2019,North Kivu | Kalunguta,Confirmed,2,0,0,7
2019-01-06,2019-01-01,1 Jan 2019 - 6 Jan 2019,North Kivu | Kalunguta,Confirmed,1,0,0,5
2019-01-14,2019-01-06,6 Jan 2019 - 14 Jan 2019,North Kivu | Kalunguta,Confirmed,0,0,0,8
2019-01-21,2019-01-14,14 Jan 2019 - 21 Jan 2019,North Kivu | Kalunguta,Confirmed,0,0,0,7
2019-01-28,2019-01-21,21 Jan 2019 - 28 Jan 2019,North Kivu | Kalunguta,Confirmed,0,0,0,7
2019-02-03,2019-01-28,28 Jan 2019 - 3 Feb 2019,North Kivu | Kalunguta,Confirmed,2,0,0,6
2019-02-10,2019-02-03,3 Feb 2019 - 10 Feb 2019,North Kivu | Kalunguta,Confirmed,0,0,0,7
2019-02-17,2019-02-10,10 Feb 2019 - 17 Feb 2019,North Kivu | Kalunguta,Confirmed,0,0,0,7
2019-02-24,2019-02-17,17 Feb 2019 - 24 Feb 2019,North Kivu | Kalunguta,Confirmed,2,0,0,7
2019-03-03,2019-02-24,24 Feb 2019 - 3 Mar 2019,North Kivu | Kalunguta,Confirmed,0,0,0,7
2019-03-10,2019-03-03,3 Mar 2019 - 10 Mar 2019,North Kivu | Kalunguta,Confirmed,1,0,0,7
2019-03-17,2019-03-10,10 Mar 2019 - 17 Mar 2019,North Kivu | Kalunguta,Confirmed,3,0,0,7
2019-03-24,2019-03-17,17 Mar 2019 - 24 Mar 2019,North Kivu | Kalunguta,Confirmed,0,0,0,7
2019-03-31,2019-03-24,24 Mar 2019 - 31 Mar 2019,North Kivu | Kalunguta,Confirmed,0,0,0,7
2019-04-07,2019-03-31,31 Mar 2019 - 7 Apr 2019,North Kivu | Kalunguta,Confirmed,1,0,0,7
2019-04-14,2019-04-07,7 Apr 2019 - 14 Apr 2019,North Kivu | Kalunguta,Confirmed,0,0,0,7
2019-04-22,2019-04-14,14 Apr 2019 - 22 Apr 2019,North Kivu | Kalunguta,Confirmed,5,0,0,8
2019-04-28,2019-04-22,22 Apr 2019 - 28 Apr 2019,North Kivu | Kalunguta,Confirmed,5,0,0,6
2019-05-05,2019-04-28,28 Apr 2019 - 5 May 2019,North Kivu | Kalunguta,Confirmed,5,0,0,7
2019-05-12,2019-05-05,5 May 2019 - 12 May 2019,North Kivu | Kalunguta,Confirmed,21,0,0,7
2019-05-19,2019-05-12,12 May 2019 - 19 May 2019,North Kivu | Kalunguta,Confirmed,7,0,0,7
2019-05-26,2019-05-19,19 May 2019 - 26 May 2019,North Kivu | Kalunguta,Confirmed,9,0,0,7
2019-06-02,2019-05-26,26 May 2019 - 2 Jun 2019,North Kivu | Kalunguta,Confirmed,5,0,0,7
2019-06-12,2019-06-02,2 Jun 2019 - 12 Jun 2019,North Kivu | Kalunguta,Confirmed,2,0,0,10
2019-06-16,2019-06-12,12 Jun 2019 - 16 Jun 2019,North Kivu | Kalunguta,Confirmed,7,0,0,4
2019-06-23,2019-06-16,16 Jun 2019 - 23 Jun 2019,North Kivu | Kalunguta,Confirmed,5,0,0,7
2019-06-30,2019-06-23,23 Jun 2019 - 30 Jun 2019,North Kivu | Kalunguta,Confirmed,2,0,0,7
2019-07-07,2019-06-30,30 Jun 2019 - 7 Jul 2019,North Kivu | Kalunguta,Confirmed,3,0,0,7
2019-07-14,2019-07-07,7 Jul 2019 - 14 Jul 2019,North Kivu | Kalunguta,Confirmed,3,0,0,7
2019-07-21,2019-07-14,14 Jul 2019 - 21 Jul 2019,North Kivu | Kalunguta,Confirmed,0,0,0,7
2019-07-28,2019-07-21,21 Jul 2019 - 28 Jul 2019,North Kivu | Kalunguta,Confirmed,4,0,0,7
2019-08-04,2019-07-28,28 Jul 2019 - 4 Aug 2019,North Kivu | Kalunguta,Confirmed,4,0,0,7
2019-08-11,2019-08-04,4 Aug 2019 - 11 Aug 2019,North Kivu | Kalunguta,Confirmed,1,0,0,7
2019-08-18,2019-08-11,11 Aug 2019 - 18 Aug 2019,North Kivu | Kalunguta,Confirmed,7,0,0,7
2019-08-25,2019-08-18,18 Aug 2019 - 25 Aug 2019,North Kivu | Kalunguta,Confirmed,11,0,0,7
2019-09-01,2019-08-25,25 Aug 2019 - 1 Sep 2019,North Kivu | Kalunguta,Confirmed,10,0,0,7
2019-09-08,2019-09-01,1 Sep 2019 - 8 Sep 2019,North Kivu | Kalunguta,Confirmed,9,0,0,7
2019-09-15,2019-09-08,8 Sep 2019 - 15 Sep 2019,North Kivu | Kalunguta,Confirmed,9,0,0,7
2019-09-22,2019-09-15,15 Sep 2019 - 22 Sep 2019,North Kivu | Kalunguta,Confirmed,4,0,0,7
2019-09-29,2019-09-22,22 Sep 2019 - 29 Sep 2019,North Kivu | Kalunguta,Confirmed,2,0,0,7
2019-10-06,2019-09-29,29 Sep 2019 - 6 Oct 2019,North Kivu | Kalunguta,Confirmed,1,0,0,7
2019-10-13,2019-10-06,6 Oct 2019 - 13 Oct 2019,North Kivu | Kalunguta,Confirmed,2,0,0,7
2019-10-20,2019-10-13,13 Oct 2019 - 20 Oct 2019,North Kivu | Kalunguta,Confirmed,0,0,0,7
2019-10-27,2019-10-20,20 Oct 2019 - 27 Oct 2019,North Kivu | Kalunguta,Confirmed,1,0,0,7
2019-11-03,2019-10-27,27 Oct 2019 - 3 Nov 2019,North Kivu | Kalunguta,Confirmed,0,0,0,7
2019-11-10,2019-11-03,3 Nov 2019 - 10 Nov 2019,North Kivu | Kalunguta,Confirmed,0,0,0,7
2019-11-17,2019-11-10,10 Nov 2019 - 17 Nov 2019,North Kivu | Kalunguta,Confirmed,0,0,0,7
2019-11-24,2019-11-17,17 Nov 2019 - 24 Nov 2019,North Kivu | Kalunguta,Confirmed,0,0,0,7
2019-12-01,2019-11-24,24 Nov 2019 - 1 Dec 2019,North Kivu | Kalunguta,Confirmed,0,0,0,7
2019-12-08,2019-12-01,1 Dec 2019 - 8 Dec 2019,North Kivu | Kalunguta,Confirmed,0,0,0,7
2019-12-15,2019-12-08,8 Dec 2019 - 15 Dec 2019,North Kivu | Kalunguta,Confirmed,0,0,0,7
2019-12-22,2019-12-15,15 Dec 2019 - 22 Dec 2019,North Kivu | Kalunguta,Confirmed,0,0,0,7
2020-01-05,2019-12-22,22 Dec 2019 - 5 Jan 2020,North Kivu | Kalunguta,Confirmed,5,0,0,14
2020-01-12,2020-01-05,5 Jan 2020 - 12 Jan 2020,North Kivu | Kalunguta,Confirmed,0,0,0,7
2020-01-19,2020-01-12,12 Jan 2020 - 19 Jan 2020,North Kivu | Kalunguta,Confirmed,0,0,0,7
2020-01-26,2020-01-19,19 Jan 2020 - 26 Jan 2020,North Kivu | Kalunguta,Confirmed,0,0,0,7
2018-08-05,,unknown - 5 August 2018,North Kivu | Kalunguta,Probable,0,0,1,
2018-08-12,2018-08-05,5 Aug 2018 - 12 Aug 2018,North Kivu | Kalunguta,Probable,0,0,0,7
2018-08-20,2018-08-12,12 Aug 2018 - 20 Aug 2018,North Kivu | Kalunguta,Probable,0,0,0,8
2018-08-26,2018-08-20,20 Aug 2018 - 26 Aug 2018,North Kivu | Kalunguta,Probable,0,0,0,6
2018-09-02,2018-08-26,26 Aug 2018 - 2 Sep 2018,North Kivu | Kalunguta,Probable,0,0,0,7
2018-09-09,2018-09-02,2 Sep 2018 - 9 Sep 2018,North Kivu | Kalunguta,Probable,0,0,0,7
2018-09-16,2018-09-09,9 Sep 2018 - 16 Sep 2018,North Kivu | Kalunguta,Probable,0,0,0,7
2018-09-23,2018-09-16,16 Sep 2018 - 23 Sep 2018,North Kivu | Kalunguta,Probable,0,0,0,7
2018-10-02,2018-09-23,23 Sep 2018 - 2 Oct 2018,North Kivu | Kalunguta,Probable,0,0,0,9
2018-10-07,2018-10-02,2 Oct 2018 - 7 Oct 2018,North Kivu | Kalunguta,Probable,0,0,0,5
2018-10-15,2018-10-07,7 Oct 2018 - 15 Oct 2018,North Kivu | Kalunguta,Probable,0,0,0,8
2018-10-21,2018-10-15,15 Oct 2018 - 21 Oct 2018,North Kivu | Kalunguta,Probable,0,0,0,6
2018-10-28,2018-10-21,21 Oct 2018 - 28 Oct 2018,North Kivu | Kalunguta,Probable,0,0,0,7
2018-11-04,2018-10-28,28 Oct 2018 - 4 Nov 2018,North Kivu | Kalunguta,Probable,0,0,0,7
2018-11-11,2018-11-04,4 Nov 2018 - 11 Nov 2018,North Kivu | Kalunguta,Probable,5,0,0,7
2018-11-19,2018-11-11,11 Nov 2018 - 19 Nov 2018,North Kivu | Kalunguta,Probable,7,0,0,8
2018-11-26,2018-11-19,19 Nov 2018 - 26 Nov 2018,North Kivu | Kalunguta,Probable,0,0,0,7
2018-12-03,2018-11-26,26 Nov 2018 - 3 Dec 2018,North Kivu | Kalunguta,Probable,0,0,0,7
2018-12-10,2018-12-03,3 Dec 2018 - 10 Dec 2018,North Kivu | Kalunguta,Probable,0,0,0,7
2018-12-16,2018-12-10,10 Dec 2018 - 16 Dec 2018,North Kivu | Kalunguta,Probable,0,0,0,6
2018-12-25,2018-12-16,16 Dec 2018 - 25 Dec 2018,North Kivu | Kalunguta,Probable,0,0,0,9
2019-01-01,2018-12-25,25 Dec 2018 - 1 Jan 2019,North Kivu | Kalunguta,Probable,0,0,0,7
2019-01-06,2019-01-01,1 Jan 2019 - 6 Jan 2019,North Kivu | Kalunguta,Probable,0,0,0,5
2019-01-14,2019-01-06,6 Jan 2019 - 14 Jan 2019,North Kivu | Kalunguta,Probable,0,0,0,8
2019-01-21,2019-01-14,14 Jan 2019 - 21 Jan 2019,North Kivu | Kalunguta,Probable,1,0,0,7
2019-01-28,2019-01-21,21 Jan 2019 - 28 Jan 2019,North Kivu | Kalunguta,Probable,0,0,0,7
2019-02-03,2019-01-28,28 Jan 2019 - 3 Feb 2019,North Kivu | Kalunguta,Probable,0,0,0,6
2019-02-10,2019-02-03,3 Feb 2019 - 10 Feb 2019,North Kivu | Kalunguta,Probable,0,0,0,7
2019-02-17,2019-02-10,10 Feb 2019 - 17 Feb 2019,North Kivu | Kalunguta,Probable,0,0,0,7
2019-02-24,2019-02-17,17 Feb 2019 - 24 Feb 2019,North Kivu | Kalunguta,Probable,0,0,0,7
2019-03-03,2019-02-24,24 Feb 2019 - 3 Mar 2019,North Kivu | Kalunguta,Probable,0,0,0,7
2019-03-10,2019-03-03,3 Mar 2019 - 10 Mar 2019,North Kivu | Kalunguta,Probable,0,0,0,7
2019-03-17,2019-03-10,10 Mar 2019 - 17 Mar 2019,North Kivu | Kalunguta,Probable,0,0,0,7
2019-03-24,2019-03-17,17 Mar 2019 - 24 Mar 2019,North Kivu | Kalunguta,Probable,0,0,0,7
2019-03-31,2019-03-24,24 Mar 2019 - 31 Mar 2019,North Kivu | Kalunguta,Probable,0,0,0,7
2019-04-07,2019-03-31,31 Mar 2019 - 7 Apr 2019,North Kivu | Kalunguta,Probable,0,0,0,7
2019-04-14,2019-04-07,7 Apr 2019 - 14 Apr 2019,North Kivu | Kalunguta,Probable,0,0,0,7
2019-04-22,2019-04-14,14 Apr 2019 - 22 Apr 2019,North Kivu | Kalunguta,Probable,0,0,0,8
2019-04-28,2019-04-22,22 Apr 2019 - 28 Apr 2019,North Kivu | Kalunguta,Probable,0,0,0,6
2019-05-05,2019-04-28,28 Apr 2019 - 5 May 2019,North Kivu | Kalunguta,Probable,0,0,0,7
2019-05-12,2019-05-05,5 May 2019 - 12 May 2019,North Kivu | Kalunguta,Probable,2,0,0,7
2019-05-19,2019-05-12,12 May 2019 - 19 May 2019,North Kivu | Kalunguta,Probable,0,0,0,7
2019-05-26,2019-05-19,19 May 2019 - 26 May 2019,North Kivu | Kalunguta,Probable,0,0,0,7
2019-06-02,2019-05-26,26 May 2019 - 2 Jun 2019,North Kivu | Kalunguta,Probable,0,0,0,7
2019-06-12,2019-06-02,2 Jun 2019 - 12 Jun 2019,North Kivu | Kalunguta,Probable,0,0,0,10
2019-06-16,2019-06-12,12 Jun 2019 - 16 Jun 2019,North Kivu | Kalunguta,Probable,0,0,0,4
2019-06-23,2019-06-16,16 Jun 2019 - 23 Jun 2019,North Kivu | Kalunguta,Probable,0,0,0,7
2019-06-30,2019-06-23,23 Jun 2019 - 30 Jun 2019,North Kivu | Kalunguta,Probable,0,0,0,7
2019-07-07,2019-06-30,30 Jun 2019 - 7 Jul 2019,North Kivu | Kalunguta,Probable,0,0,0,7
2019-07-14,2019-07-07,7 Jul 2019 - 14 Jul 2019,North Kivu | Kalunguta,Probable,0,0,0,7
2019-07-21,2019-07-14,14 Jul 2019 - 21 Jul 2019,North Kivu | Kalunguta,Probable,0,0,0,7
2019-07-28,2019-07-21,21 Jul 2019 - 28 Jul 2019,North Kivu | Kalunguta,Probable,0,0,0,7
2019-08-04,2019-07-28,28 Jul 2019 - 4 Aug 2019,North Kivu | Kalunguta,Probable,0,0,0,7
2019-08-11,2019-08-04,4 Aug 2019 - 11 Aug 2019,North Kivu | Kalunguta,Probable,0,0,0,7
2019-08-18,2019-08-11,11 Aug 2019 - 18 Aug 2019,North Kivu | Kalunguta,Probable,-1,1,0,7
2019-08-25,2019-08-18,18 Aug 2019 - 25 Aug 2019,North Kivu | Kalunguta,Probable,1,0,0,7
2019-09-01,2019-08-25,25 Aug 2019 - 1 Sep 2019,North Kivu | Kalunguta,Probable,0,0,0,7
2019-09-08,2019-09-01,1 Sep 2019 - 8 Sep 2019,North Kivu | Kalunguta,Probable,2,0,0,7
2019-09-15,2019-09-08,8 Sep 2019 - 15 Sep 2019,North Kivu | Kalunguta,Probable,0,0,0,7
2019-09-22,2019-09-15,15 Sep 2019 - 22 Sep 2019,North Kivu | Kalunguta,Probable,0,0,0,7
2019-09-29,2019-09-22,22 Sep 2019 - 29 Sep 2019,North Kivu | Kalunguta,Probable,0,0,0,7
2019-10-06,2019-09-29,29 Sep 2019 - 6 Oct 2019,North Kivu | Kalunguta,Probable,0,0,0,7
2019-10-13,2019-10-06,6 Oct 2019 - 13 Oct 2019,North Kivu | Kalunguta,Probable,0,0,0,7
2019-10-20,2019-10-13,13 Oct 2019 - 20 Oct 2019,North Kivu | Kalunguta,Probable,1,0,0,7
2019-10-27,2019-10-20,20 Oct 2019 - 27 Oct 2019,North Kivu | Kalunguta,Probable,0,0,0,7
2019-11-03,2019-10-27,27 Oct 2019 - 3 Nov 2019,North Kivu | Kalunguta,Probable,0,0,0,7
2019-11-10,2019-11-03,3 Nov 2019 - 10 Nov 2019,North Kivu | Kalunguta,Probable,1,0,0,7
2019-11-17,2019-11-10,10 Nov 2019 - 17 Nov 2019,North Kivu | Kalunguta,Probable,0,0,0,7
2019-11-24,2019-11-17,17 Nov 2019 - 24 Nov 2019,North Kivu | Kalunguta,Probable,0,0,0,7
2019-12-01,2019-11-24,24 Nov 2019 - 1 Dec 2019,North Kivu | Kalunguta,Probable,0,0,0,7
2019-12-08,2019-12-01,1 Dec 2019 - 8 Dec 2019,North Kivu | Kalunguta,Probable,0,0,0,7
2019-12-15,2019-12-08,8 Dec 2019 - 15 Dec 2019,North Kivu | Kalunguta,Probable,0,0,0,7
2019-12-22,2019-12-15,15 Dec 2019 - 22 Dec 2019,North Kivu | Kalunguta,Probable,0,0,0,7
2020-01-05,2019-12-22,22 Dec 2019 - 5 Jan 2020,North Kivu | Kalunguta,Probable,0,0,0,14
2020-01-12,2020-01-05,5 Jan 2020 - 12 Jan 2020,North Kivu | Kalunguta,Probable,0,0,0,7
2020-01-19,2020-01-12,12 Jan 2020 - 19 Jan 2020,North Kivu | Kalunguta,Probable,0,0,0,7
2020-01-26,2020-01-19,19 Jan 2020 - 26 Jan 2020,North Kivu | Kalunguta,Probable,0,0,0,7
2018-08-05,,unknown - 5 August 2018,North Kivu | Katwa,Confirmed,0,0,1,
2018-08-12,2018-08-05,5 Aug 2018 - 12 Aug 2018,North Kivu | Katwa,Confirmed,0,0,0,7
2018-08-20,2018-08-12,12 Aug 2018 - 20 Aug 2018,North Kivu | Katwa,Confirmed,0,0,0,8
2018-08-26,2018-08-20,20 Aug 2018 - 26 Aug 2018,North Kivu | Katwa,Confirmed,0,0,0,6
2018-09-02,2018-08-26,26 Aug 2018 - 2 Sep 2018,North Kivu | Katwa,Confirmed,0,0,0,7
2018-09-09,2018-09-02,2 Sep 2018 - 9 Sep 2018,North Kivu | Katwa,Confirmed,0,0,0,7
2018-09-16,2018-09-09,9 Sep 2018 - 16 Sep 2018,North Kivu | Katwa,Confirmed,0,0,0,7
2018-09-23,2018-09-16,16 Sep 2018 - 23 Sep 2018,North Kivu | Katwa,Confirmed,0,0,0,7
2018-10-02,2018-09-23,23 Sep 2018 - 2 Oct 2018,North Kivu | Katwa,Confirmed,0,0,0,9
2018-10-07,2018-10-02,2 Oct 2018 - 7 Oct 2018,North Kivu | Katwa,Confirmed,0,0,0,5
2018-10-15,2018-10-07,7 Oct 2018 - 15 Oct 2018,North Kivu | Katwa,Confirmed,0,0,0,8
2018-10-21,2018-10-15,15 Oct 2018 - 21 Oct 2018,North Kivu | Katwa,Confirmed,0,0,0,6
2018-10-28,2018-10-21,21 Oct 2018 - 28 Oct 2018,North Kivu | Katwa,Confirmed,0,0,0,7
2018-11-04,2018-10-28,28 Oct 2018 - 4 Nov 2018,North Kivu | Katwa,Confirmed,0,0,0,7
2018-11-11,2018-11-04,4 Nov 2018 - 11 Nov 2018,North Kivu | Katwa,Confirmed,0,0,0,7
2018-11-19,2018-11-11,11 Nov 2018 - 19 Nov 2018,North Kivu | Katwa,Confirmed,23,0,0,8
2018-11-26,2018-11-19,19 Nov 2018 - 26 Nov 2018,North Kivu | Katwa,Confirmed,16,0,0,7
2018-12-03,2018-11-26,26 Nov 2018 - 3 Dec 2018,North Kivu | Katwa,Confirmed,7,0,0,7
2018-12-10,2018-12-03,3 Dec 2018 - 10 Dec 2018,North Kivu | Katwa,Confirmed,10,0,0,7
2018-12-16,2018-12-10,10 Dec 2018 - 16 Dec 2018,North Kivu | Katwa,Confirmed,9,0,0,6
2018-12-25,2018-12-16,16 Dec 2018 - 25 Dec 2018,North Kivu | Katwa,Confirmed,11,0,0,9
2019-01-01,2018-12-25,25 Dec 2018 - 1 Jan 2019,North Kivu | Katwa,Confirmed,4,0,0,7
2019-01-06,2019-01-01,1 Jan 2019 - 6 Jan 2019,North Kivu | Katwa,Confirmed,7,0,0,5
2019-01-14,2019-01-06,6 Jan 2019 - 14 Jan 2019,North Kivu | Katwa,Confirmed,23,0,0,8
2019-01-21,2019-01-14,14 Jan 2019 - 21 Jan 2019,North Kivu | Katwa,Confirmed,23,0,0,7
2019-01-28,2019-01-21,21 Jan 2019 - 28 Jan 2019,North Kivu | Katwa,Confirmed,27,0,0,7
2019-02-03,2019-01-28,28 Jan 2019 - 3 Feb 2019,North Kivu | Katwa,Confirmed,25,0,0,6
2019-02-10,2019-02-03,3 Feb 2019 - 10 Feb 2019,North Kivu | Katwa,Confirmed,16,0,0,7
2019-02-17,2019-02-10,10 Feb 2019 - 17 Feb 2019,North Kivu | Katwa,Confirmed,11,0,0,7
2019-02-24,2019-02-17,17 Feb 2019 - 24 Feb 2019,North Kivu | Katwa,Confirmed,19,0,0,7
2019-03-03,2019-02-24,24 Feb 2019 - 3 Mar 2019,North Kivu | Katwa,Confirmed,14,0,0,7
2019-03-10,2019-03-03,3 Mar 2019 - 10 Mar 2019,North Kivu | Katwa,Confirmed,12,0,0,7
2019-03-17,2019-03-10,10 Mar 2019 - 17 Mar 2019,North Kivu | Katwa,Confirmed,10,0,0,7
2019-03-24,2019-03-17,17 Mar 2019 - 24 Mar 2019,North Kivu | Katwa,Confirmed,14,0,0,7
2019-03-31,2019-03-24,24 Mar 2019 - 31 Mar 2019,North Kivu | Katwa,Confirmed,23,0,0,7
2019-04-07,2019-03-31,31 Mar 2019 - 7 Apr 2019,North Kivu | Katwa,Confirmed,29,0,0,7
2019-04-14,2019-04-07,7 Apr 2019 - 14 Apr 2019,North Kivu | Katwa,Confirmed,71,0,0,7
2019-04-22,2019-04-14,14 Apr 2019 - 22 Apr 2019,North Kivu | Katwa,Confirmed,40,0,0,8
2019-04-28,2019-04-22,22 Apr 2019 - 28 Apr 2019,North Kivu | Katwa,Confirmed,41,0,0,6
2019-05-05,2019-04-28,28 Apr 2019 - 5 May 2019,North Kivu | Katwa,Confirmed,40,0,0,7
2019-05-12,2019-05-05,5 May 2019 - 12 May 2019,North Kivu | Katwa,Confirmed,16,0,0,7
2019-05-19,2019-05-12,12 May 2019 - 19 May 2019,North Kivu | Katwa,Confirmed,19,0,0,7
2019-05-26,2019-05-19,19 May 2019 - 26 May 2019,North Kivu | Katwa,Confirmed,11,0,0,7
2019-06-02,2019-05-26,26 May 2019 - 2 Jun 2019,North Kivu | Katwa,Confirmed,16,0,0,7
2019-06-12,2019-06-02,2 Jun 2019 - 12 Jun 2019,North Kivu | Katwa,Confirmed,8,0,0,10
2019-06-16,2019-06-12,12 Jun 2019 - 16 Jun 2019,North Kivu | Katwa,Confirmed,5,0,0,4
2019-06-23,2019-06-16,16 Jun 2019 - 23 Jun 2019,North Kivu | Katwa,Confirmed,3,0,0,7
2019-06-30,2019-06-23,23 Jun 2019 - 30 Jun 2019,North Kivu | Katwa,Confirmed,1,0,0,7
2019-07-07,2019-06-30,30 Jun 2019 - 7 Jul 2019,North Kivu | Katwa,Confirmed,4,0,0,7
2019-07-14,2019-07-07,7 Jul 2019 - 14 Jul 2019,North Kivu | Katwa,Confirmed,11,0,0,7
2019-07-21,2019-07-14,14 Jul 2019 - 21 Jul 2019,North Kivu | Katwa,Confirmed,3,0,0,7
2019-07-28,2019-07-21,21 Jul 2019 - 28 Jul 2019,North Kivu | Katwa,Confirmed,1,0,0,7
2019-08-04,2019-07-28,28 Jul 2019 - 4 Aug 2019,North Kivu | Katwa,Confirmed,4,0,0,7
2019-08-11,2019-08-04,4 Aug 2019 - 11 Aug 2019,North Kivu | Katwa,Confirmed,4,0,0,7
2019-08-18,2019-08-11,11 Aug 2019 - 18 Aug 2019,North Kivu | Katwa,Confirmed,5,0,0,7
2019-08-25,2019-08-18,18 Aug 2019 - 25 Aug 2019,North Kivu | Katwa,Confirmed,7,0,0,7
2019-09-01,2019-08-25,25 Aug 2019 - 1 Sep 2019,North Kivu | Katwa,Confirmed,4,0,0,7
2019-09-08,2019-09-01,1 Sep 2019 - 8 Sep 2019,North Kivu | Katwa,Confirmed,3,0,0,7
2019-09-15,2019-09-08,8 Sep 2019 - 15 Sep 2019,North Kivu | Katwa,Confirmed,-1,1,0,7
2019-09-22,2019-09-15,15 Sep 2019 - 22 Sep 2019,North Kivu | Katwa,Confirmed,1,0,0,7
2019-09-29,2019-09-22,22 Sep 2019 - 29 Sep 2019,North Kivu | Katwa,Confirmed,0,0,0,7
2019-10-06,2019-09-29,29 Sep 2019 - 6 Oct 2019,North Kivu | Katwa,Confirmed,1,0,0,7
2019-10-13,2019-10-06,6 Oct 2019 - 13 Oct 2019,North Kivu | Katwa,Confirmed,0,0,0,7
2019-10-20,2019-10-13,13 Oct 2019 - 20 Oct 2019,North Kivu | Katwa,Confirmed,0,0,0,7
2019-10-27,2019-10-20,20 Oct 2019 - 27 Oct 2019,North Kivu | Katwa,Confirmed,0,0,0,7
2019-11-03,2019-10-27,27 Oct 2019 - 3 Nov 2019,North Kivu | Katwa,Confirmed,0,0,0,7
2019-11-10,2019-11-03,3 Nov 2019 - 10 Nov 2019,North Kivu | Katwa,Confirmed,0,0,0,7
2019-11-17,2019-11-10,10 Nov 2019 - 17 Nov 2019,North Kivu | Katwa,Confirmed,0,0,0,7
2019-11-24,2019-11-17,17 Nov 2019 - 24 Nov 2019,North Kivu | Katwa,Confirmed,0,0,0,7
2019-12-01,2019-11-24,24 Nov 2019 - 1 Dec 2019,North Kivu | Katwa,Confirmed,0,0,0,7
2019-12-08,2019-12-01,1 Dec 2019 - 8 Dec 2019,North Kivu | Katwa,Confirmed,0,0,0,7
2019-12-15,2019-12-08,8 Dec 2019 - 15 Dec 2019,North Kivu | Katwa,Confirmed,0,0,0,7
2019-12-22,2019-12-15,15 Dec 2019 - 22 Dec 2019,North Kivu | Katwa,Confirmed,0,0,0,7
2020-01-05,2019-12-22,22 Dec 2019 - 5 Jan 2020,North Kivu | Katwa,Confirmed,2,0,0,14
2020-01-12,2020-01-05,5 Jan 2020 - 12 Jan 2020,North Kivu | Katwa,Confirmed,0,0,0,7
2020-01-19,2020-01-12,12 Jan 2020 - 19 Jan 2020,North Kivu | Katwa,Confirmed,0,0,0,7
2020-01-26,2020-01-19,19 Jan 2020 - 26 Jan 2020,North Kivu | Katwa,Confirmed,0,0,0,7
2018-08-05,,unknown - 5 August 2018,North Kivu | Katwa,Probable,0,0,1,
2018-08-12,2018-08-05,5 Aug 2018 - 12 Aug 2018,North Kivu | Katwa,Probable,0,0,0,7
2018-08-20,2018-08-12,12 Aug 2018 - 20 Aug 2018,North Kivu | Katwa,Probable,0,0,0,8
2018-08-26,2018-08-20,20 Aug 2018 - 26 Aug 2018,North Kivu | Katwa,Probable,0,0,0,6
2018-09-02,2018-08-26,26 Aug 2018 - 2 Sep 2018,North Kivu | Katwa,Probable,0,0,0,7
2018-09-09,2018-09-02,2 Sep 2018 - 9 Sep 2018,North Kivu | Katwa,Probable,0,0,0,7
2018-09-16,2018-09-09,9 Sep 2018 - 16 Sep 2018,North Kivu | Katwa,Probable,0,0,0,7
2018-09-23,2018-09-16,16 Sep 2018 - 23 Sep 2018,North Kivu | Katwa,Probable,0,0,0,7
2018-10-02,2018-09-23,23 Sep 2018 - 2 Oct 2018,North Kivu | Katwa,Probable,0,0,0,9
2018-10-07,2018-10-02,2 Oct 2018 - 7 Oct 2018,North Kivu | Katwa,Probable,0,0,0,5
2018-10-15,2018-10-07,7 Oct 2018 - 15 Oct 2018,North Kivu | Katwa,Probable,0,0,0,8
2018-10-21,2018-10-15,15 Oct 2018 - 21 Oct 2018,North Kivu | Katwa,Probable,0,0,0,6
2018-10-28,2018-10-21,21 Oct 2018 - 28 Oct 2018,North Kivu | Katwa,Probable,0,0,0,7
2018-11-04,2018-10-28,28 Oct 2018 - 4 Nov 2018,North Kivu | Katwa,Probable,0,0,0,7
2018-11-11,2018-11-04,4 Nov 2018 - 11 Nov 2018,North Kivu | Katwa,Probable,0,0,0,7
2018-11-19,2018-11-11,11 Nov 2018 - 19 Nov 2018,North Kivu | Katwa,Probable,3,0,0,8
2018-11-26,2018-11-19,19 Nov 2018 - 26 Nov 2018,North Kivu | Katwa,Probable,0,0,0,7
2018-12-03,2018-11-26,26 Nov 2018 - 3 Dec 2018,North Kivu | Katwa,Probable,1,0,0,7
2018-12-10,2018-12-03,3 Dec 2018 - 10 Dec 2018,North Kivu | Katwa,Probable,0,0,0,7
2018-12-16,2018-12-10,10 Dec 2018 - 16 Dec 2018,North Kivu | Katwa,Probable,0,0,0,6
2018-12-25,2018-12-16,16 Dec 2018 - 25 Dec 2018,North Kivu | Katwa,Probable,0,0,0,9
2019-01-01,2018-12-25,25 Dec 2018 - 1 Jan 2019,North Kivu | Katwa,Probable,0,0,0,7
2019-01-06,2019-01-01,1 Jan 2019 - 6 Jan 2019,North Kivu | Katwa,Probable,0,0,0,5
2019-01-14,2019-01-06,6 Jan 2019 - 14 Jan 2019,North Kivu | Katwa,Probable,0,0,0,8
2019-01-21,2019-01-14,14 Jan 2019 - 21 Jan 2019,North Kivu | Katwa,Probable,0,0,0,7
2019-01-28,2019-01-21,21 Jan 2019 - 28 Jan 2019,North Kivu | Katwa,Probable,0,0,0,7
2019-02-03,2019-01-28,28 Jan 2019 - 3 Feb 2019,North Kivu | Katwa,Probable,0,0,0,6
2019-02-10,2019-02-03,3 Feb 2019 - 10 Feb 2019,North Kivu | Katwa,Probable,7,0,0,7
2019-02-17,2019-02-10,10 Feb 2019 - 17 Feb 2019,North Kivu | Katwa,Probable,0,0,0,7
2019-02-24,2019-02-17,17 Feb 2019 - 24 Feb 2019,North Kivu | Katwa,Probable,0,0,0,7
2019-03-03,2019-02-24,24 Feb 2019 - 3 Mar 2019,North Kivu | Katwa,Probable,0,0,0,7
2019-03-10,2019-03-03,3 Mar 2019 - 10 Mar 2019,North Kivu | Katwa,Probable,0,0,0,7
2019-03-17,2019-03-10,10 Mar 2019 - 17 Mar 2019,North Kivu | Katwa,Probable,0,0,0,7
2019-03-24,2019-03-17,17 Mar 2019 - 24 Mar 2019,North Kivu | Katwa,Probable,0,0,0,7
2019-03-31,2019-03-24,24 Mar 2019 - 31 Mar 2019,North Kivu | Katwa,Probable,0,0,0,7
2019-04-07,2019-03-31,31 Mar 2019 - 7 Apr 2019,North Kivu | Katwa,Probable,0,0,0,7
2019-04-14,2019-04-07,7 Apr 2019 - 14 Apr 2019,North Kivu | Katwa,Probable,0,0,0,7
2019-04-22,2019-04-14,14 Apr 2019 - 22 Apr 2019,North Kivu | Katwa,Probable,0,0,0,8
2019-04-28,2019-04-22,22 Apr 2019 - 28 Apr 2019,North Kivu | Katwa,Probable,0,0,0,6
2019-05-05,2019-04-28,28 Apr 2019 - 5 May 2019,North Kivu | Katwa,Probable,0,0,0,7
2019-05-12,2019-05-05,5 May 2019 - 12 May 2019,North Kivu | Katwa,Probable,3,0,0,7
2019-05-19,2019-05-12,12 May 2019 - 19 May 2019,North Kivu | Katwa,Probable,0,0,0,7
2019-05-26,2019-05-19,19 May 2019 - 26 May 2019,North Kivu | Katwa,Probable,2,0,0,7
2019-06-02,2019-05-26,26 May 2019 - 2 Jun 2019,North Kivu | Katwa,Probable,0,0,0,7
2019-06-12,2019-06-02,2 Jun 2019 - 12 Jun 2019,North Kivu | Katwa,Probable,0,0,0,10
2019-06-16,2019-06-12,12 Jun 2019 - 16 Jun 2019,North Kivu | Katwa,Probable,0,0,0,4
2019-06-23,2019-06-16,16 Jun 2019 - 23 Jun 2019,North Kivu | Katwa,Probable,0,0,0,7
2019-06-30,2019-06-23,23 Jun 2019 - 30 Jun 2019,North Kivu | Katwa,Probable,0,0,0,7
2019-07-07,2019-06-30,30 Jun 2019 - 7 Jul 2019,North Kivu | Katwa,Probable,0,0,0,7
2019-07-14,2019-07-07,7 Jul 2019 - 14 Jul 2019,North Kivu | Katwa,Probable,0,0,0,7
2019-07-21,2019-07-14,14 Jul 2019 - 21 Jul 2019,North Kivu | Katwa,Probable,0,0,0,7
2019-07-28,2019-07-21,21 Jul 2019 - 28 Jul 2019,North Kivu | Katwa,Probable,0,0,0,7
2019-08-04,2019-07-28,28 Jul 2019 - 4 Aug 2019,North Kivu | Katwa,Probable,0,0,0,7
2019-08-11,2019-08-04,4 Aug 2019 - 11 Aug 2019,North Kivu | Katwa,Probable,0,0,0,7
2019-08-18,2019-08-11,11 Aug 2019 - 18 Aug 2019,North Kivu | Katwa,Probable,0,0,0,7
2019-08-25,2019-08-18,18 Aug 2019 - 25 Aug 2019,North Kivu | Katwa,Probable,7,0,0,7
2019-09-01,2019-08-25,25 Aug 2019 - 1 Sep 2019,North Kivu | Katwa,Probable,0,0,0,7
2019-09-08,2019-09-01,1 Sep 2019 - 8 Sep 2019,North Kivu | Katwa,Probable,0,0,0,7
2019-09-15,2019-09-08,8 Sep 2019 - 15 Sep 2019,North Kivu | Katwa,Probable,0,0,0,7
2019-09-22,2019-09-15,15 Sep 2019 - 22 Sep 2019,North Kivu | Katwa,Probable,0,0,0,7
2019-09-29,2019-09-22,22 Sep 2019 - 29 Sep 2019,North Kivu | Katwa,Probable,0,0,0,7
2019-10-06,2019-09-29,29 Sep 2019 - 6 Oct 2019,North Kivu | Katwa,Probable,0,0,0,7
2019-10-13,2019-10-06,6 Oct 2019 - 13 Oct 2019,North Kivu | Katwa,Probable,0,0,0,7
2019-10-20,2019-10-13,13 Oct 2019 - 20 Oct 2019,North Kivu | Katwa,Probable,0,0,0,7
2019-10-27,2019-10-20,20 Oct 2019 - 27 Oct 2019,North Kivu | Katwa,Probable,0,0,0,7
2019-11-03,2019-10-27,27 Oct 2019 - 3 Nov 2019,North Kivu | Katwa,Probable,0,0,0,7
2019-11-10,2019-11-03,3 Nov 2019 - 10 Nov 2019,North Kivu | Katwa,Probable,0,0,0,7
2019-11-17,2019-11-10,10 Nov 2019 - 17 Nov 2019,North Kivu | Katwa,Probable,0,0,0,7
2019-11-24,2019-11-17,17 Nov 2019 - 24 Nov 2019,North Kivu | Katwa,Probable,0,0,0,7
2019-12-01,2019-11-24,24 Nov 2019 - 1 Dec 2019,North Kivu | Katwa,Probable,0,0,0,7
2019-12-08,2019-12-01,1 Dec 2019 - 8 Dec 2019,North Kivu | Katwa,Probable,0,0,0,7
2019-12-15,2019-12-08,8 Dec 2019 - 15 Dec 2019,North Kivu | Katwa,Probable,0,0,0,7
2019-12-22,2019-12-15,15 Dec 2019 - 22 Dec 2019,North Kivu | Katwa,Probable,0,0,0,7
2020-01-05,2019-12-22,22 Dec 2019 - 5 Jan 2020,North Kivu | Katwa,Probable,0,0,0,14
2020-01-12,2020-01-05,5 Jan 2020 - 12 Jan 2020,North Kivu | Katwa,Probable,0,0,0,7
2020-01-19,2020-01-12,12 Jan 2020 - 19 Jan 2020,North Kivu | Katwa,Probable,0,0,0,7
2020-01-26,2020-01-19,19 Jan 2020 - 26 Jan 2020,North Kivu | Katwa,Probable,0,0,0,7
2018-08-05,,unknown - 5 August 2018,North Kivu | Kayna,Confirmed,0,0,1,
2018-08-12,2018-08-05,5 Aug 2018 - 12 Aug 2018,North Kivu | Kayna,Confirmed,0,0,0,7
2018-08-20,2018-08-12,12 Aug 2018 - 20 Aug 2018,North Kivu | Kayna,Confirmed,0,0,0,8
2018-08-26,2018-08-20,20 Aug 2018 - 26 Aug 2018,North Kivu | Kayna,Confirmed,0,0,0,6
2018-09-02,2018-08-26,26 Aug 2018 - 2 Sep 2018,North Kivu | Kayna,Confirmed,0,0,0,7
2018-09-09,2018-09-02,2 Sep 2018 - 9 Sep 2018,North Kivu | Kayna,Confirmed,0,0,0,7
2018-09-16,2018-09-09,9 Sep 2018 - 16 Sep 2018,North Kivu | Kayna,Confirmed,0,0,0,7
2018-09-23,2018-09-16,16 Sep 2018 - 23 Sep 2018,North Kivu | Kayna,Confirmed,0,0,0,7
2018-10-02,2018-09-23,23 Sep 2018 - 2 Oct 2018,North Kivu | Kayna,Confirmed,0,0,0,9
2018-10-07,2018-10-02,2 Oct 2018 - 7 Oct 2018,North Kivu | Kayna,Confirmed,0,0,0,5
2018-10-15,2018-10-07,7 Oct 2018 - 15 Oct 2018,North Kivu | Kayna,Confirmed,0,0,0,8
2018-10-21,2018-10-15,15 Oct 2018 - 21 Oct 2018,North Kivu | Kayna,Confirmed,0,0,0,6
2018-10-28,2018-10-21,21 Oct 2018 - 28 Oct 2018,North Kivu | Kayna,Confirmed,0,0,0,7
2018-11-04,2018-10-28,28 Oct 2018 - 4 Nov 2018,North Kivu | Kayna,Confirmed,0,0,0,7
2018-11-11,2018-11-04,4 Nov 2018 - 11 Nov 2018,North Kivu | Kayna,Confirmed,0,0,0,7
2018-11-19,2018-11-11,11 Nov 2018 - 19 Nov 2018,North Kivu | Kayna,Confirmed,0,0,0,8
2018-11-26,2018-11-19,19 Nov 2018 - 26 Nov 2018,North Kivu | Kayna,Confirmed,0,0,0,7
2018-12-03,2018-11-26,26 Nov 2018 - 3 Dec 2018,North Kivu | Kayna,Confirmed,0,0,0,7
2018-12-10,2018-12-03,3 Dec 2018 - 10 Dec 2018,North Kivu | Kayna,Confirmed,0,0,0,7
2018-12-16,2018-12-10,10 Dec 2018 - 16 Dec 2018,North Kivu | Kayna,Confirmed,0,0,0,6
2018-12-25,2018-12-16,16 Dec 2018 - 25 Dec 2018,North Kivu | Kayna,Confirmed,0,0,0,9
2019-01-01,2018-12-25,25 Dec 2018 - 1 Jan 2019,North Kivu | Kayna,Confirmed,0,0,0,7
2019-01-06,2019-01-01,1 Jan 2019 - 6 Jan 2019,North Kivu | Kayna,Confirmed,0,0,0,5
2019-01-14,2019-01-06,6 Jan 2019 - 14 Jan 2019,North Kivu | Kayna,Confirmed,0,0,0,8
2019-01-21,2019-01-14,14 Jan 2019 - 21 Jan 2019,North Kivu | Kayna,Confirmed,4,0,0,7
2019-01-28,2019-01-21,21 Jan 2019 - 28 Jan 2019,North Kivu | Kayna,Confirmed,1,0,0,7
2019-02-03,2019-01-28,28 Jan 2019 - 3 Feb 2019,North Kivu | Kayna,Confirmed,0,0,0,6
2019-02-10,2019-02-03,3 Feb 2019 - 10 Feb 2019,North Kivu | Kayna,Confirmed,0,0,0,7
2019-02-17,2019-02-10,10 Feb 2019 - 17 Feb 2019,North Kivu | Kayna,Confirmed,0,0,0,7
2019-02-24,2019-02-17,17 Feb 2019 - 24 Feb 2019,North Kivu | Kayna,Confirmed,0,0,0,7
2019-03-03,2019-02-24,24 Feb 2019 - 3 Mar 2019,North Kivu | Kayna,Confirmed,0,0,0,7
2019-03-10,2019-03-03,3 Mar 2019 - 10 Mar 2019,North Kivu | Kayna,Confirmed,0,0,0,7
2019-03-17,2019-03-10,10 Mar 2019 - 17 Mar 2019,North Kivu | Kayna,Confirmed,1,0,0,7
2019-03-24,2019-03-17,17 Mar 2019 - 24 Mar 2019,North Kivu | Kayna,Confirmed,2,0,0,7
2019-03-31,2019-03-24,24 Mar 2019 - 31 Mar 2019,North Kivu | Kayna,Confirmed,0,0,0,7
2019-04-07,2019-03-31,31 Mar 2019 - 7 Apr 2019,North Kivu | Kayna,Confirmed,0,0,0,7
2019-04-14,2019-04-07,7 Apr 2019 - 14 Apr 2019,North Kivu | Kayna,Confirmed,-1,1,0,7
2019-04-22,2019-04-14,14 Apr 2019 - 22 Apr 2019,North Kivu | Kayna,Confirmed,0,0,0,8
2019-04-28,2019-04-22,22 Apr 2019 - 28 Apr 2019,North Kivu | Kayna,Confirmed,0,0,0,6
2019-05-05,2019-04-28,28 Apr 2019 - 5 May 2019,North Kivu | Kayna,Confirmed,1,0,0,7
2019-05-12,2019-05-05,5 May 2019 - 12 May 2019,North Kivu | Kayna,Confirmed,0,0,0,7
2019-05-19,2019-05-12,12 May 2019 - 19 May 2019,North Kivu | Kayna,Confirmed,0,0,0,7
2019-05-26,2019-05-19,19 May 2019 - 26 May 2019,North Kivu | Kayna,Confirmed,0,0,0,7
2019-06-02,2019-05-26,26 May 2019 - 2 Jun 2019,North Kivu | Kayna,Confirmed,0,0,0,7
2019-06-12,2019-06-02,2 Jun 2019 - 12 Jun 2019,North Kivu | Kayna,Confirmed,0,0,0,10
2019-06-16,2019-06-12,12 Jun 2019 - 16 Jun 2019,North Kivu | Kayna,Confirmed,0,0,0,4
2019-06-23,2019-06-16,16 Jun 2019 - 23 Jun 2019,North Kivu | Kayna,Confirmed,0,0,0,7
2019-06-30,2019-06-23,23 Jun 2019 - 30 Jun 2019,North Kivu | Kayna,Confirmed,0,0,0,7
2019-07-07,2019-06-30,30 Jun 2019 - 7 Jul 2019,North Kivu | Kayna,Confirmed,1,0,0,7
2019-07-14,2019-07-07,7 Jul 2019 - 14 Jul 2019,North Kivu | Kayna,Confirmed,0,0,0,7
2019-07-21,2019-07-14,14 Jul 2019 - 21 Jul 2019,North Kivu | Kayna,Confirmed,0,0,0,7
2019-07-28,2019-07-21,21 Jul 2019 - 28 Jul 2019,North Kivu | Kayna,Confirmed,1,0,0,7
2019-08-04,2019-07-28,28 Jul 2019 - 4 Aug 2019,North Kivu | Kayna,Confirmed,-1,1,0,7
2019-08-11,2019-08-04,4 Aug 2019 - 11 Aug 2019,North Kivu | Kayna,Confirmed,1,0,0,7
2019-08-18,2019-08-11,11 Aug 2019 - 18 Aug 2019,North Kivu | Kayna,Confirmed,4,0,0,7
2019-08-25,2019-08-18,18 Aug 2019 - 25 Aug 2019,North Kivu | Kayna,Confirmed,8,0,0,7
2019-09-01,2019-08-25,25 Aug 2019 - 1 Sep 2019,North Kivu | Kayna,Confirmed,0,0,0,7
2019-09-08,2019-09-01,1 Sep 2019 - 8 Sep 2019,North Kivu | Kayna,Confirmed,3,0,0,7
2019-09-15,2019-09-08,8 Sep 2019 - 15 Sep 2019,North Kivu | Kayna,Confirmed,2,0,0,7
2019-09-22,2019-09-15,15 Sep 2019 - 22 Sep 2019,North Kivu | Kayna,Confirmed,1,0,0,7
2019-09-29,2019-09-22,22 Sep 2019 - 29 Sep 2019,North Kivu | Kayna,Confirmed,0,0,0,7
2019-10-06,2019-09-29,29 Sep 2019 - 6 Oct 2019,North Kivu | Kayna,Confirmed,0,0,0,7
2019-10-13,2019-10-06,6 Oct 2019 - 13 Oct 2019,North Kivu | Kayna,Confirmed,0,0,0,7
2019-10-20,2019-10-13,13 Oct 2019 - 20 Oct 2019,North Kivu | Kayna,Confirmed,0,0,0,7
2019-10-27,2019-10-20,20 Oct 2019 - 27 Oct 2019,North Kivu | Kayna,Confirmed,0,0,0,7
2019-11-03,2019-10-27,27 Oct 2019 - 3 Nov 2019,North Kivu | Kayna,Confirmed,0,0,0,7
2019-11-10,2019-11-03,3 Nov 2019 - 10 Nov 2019,North Kivu | Kayna,Confirmed,0,0,0,7
2019-11-17,2019-11-10,10 Nov 2019 - 17 Nov 2019,North Kivu | Kayna,Confirmed,0,0,0,7
2019-11-24,2019-11-17,17 Nov 2019 - 24 Nov 2019,North Kivu | Kayna,Confirmed,0,0,0,7
2019-12-01,2019-11-24,24 Nov 2019 - 1 Dec 2019,North Kivu | Kayna,Confirmed,0,0,0,7
2019-12-08,2019-12-01,1 Dec 2019 - 8 Dec 2019,North Kivu | Kayna,Confirmed,0,0,0,7
2019-12-15,2019-12-08,8 Dec 2019 - 15 Dec 2019,North Kivu | Kayna,Confirmed,0,0,0,7
2019-12-22,2019-12-15,15 Dec 2019 - 22 Dec 2019,North Kivu | Kayna,Confirmed,0,0,0,7
2020-01-05,2019-12-22,22 Dec 2019 - 5 Jan 2020,North Kivu | Kayna,Confirmed,0,0,0,14
2020-01-12,2020-01-05,5 Jan 2020 - 12 Jan 2020,North Kivu | Kayna,Confirmed,0,0,0,7
2020-01-19,2020-01-12,12 Jan 2020 - 19 Jan 2020,North Kivu | Kayna,Confirmed,0,0,0,7
2020-01-26,2020-01-19,19 Jan 2020 - 26 Jan 2020,North Kivu | Kayna,Confirmed,0,0,0,7
2018-08-05,,unknown - 5 August 2018,North Kivu | Kayna,Probable,0,0,1,
2018-08-12,2018-08-05,5 Aug 2018 - 12 Aug 2018,North Kivu | Kayna,Probable,0,0,0,7
2018-08-20,2018-08-12,12 Aug 2018 - 20 Aug 2018,North Kivu | Kayna,Probable,0,0,0,8
2018-08-26,2018-08-20,20 Aug 2018 - 26 Aug 2018,North Kivu | Kayna,Probable,0,0,0,6
2018-09-02,2018-08-26,26 Aug 2018 - 2 Sep 2018,North Kivu | Kayna,Probable,0,0,0,7
2018-09-09,2018-09-02,2 Sep 2018 - 9 Sep 2018,North Kivu | Kayna,Probable,0,0,0,7
2018-09-16,2018-09-09,9 Sep 2018 - 16 Sep 2018,North Kivu | Kayna,Probable,0,0,0,7
2018-09-23,2018-09-16,16 Sep 2018 - 23 Sep 2018,North Kivu | Kayna,Probable,0,0,0,7
2018-10-02,2018-09-23,23 Sep 2018 - 2 Oct 2018,North Kivu | Kayna,Probable,0,0,0,9
2018-10-07,2018-10-02,2 Oct 2018 - 7 Oct 2018,North Kivu | Kayna,Probable,0,0,0,5
2018-10-15,2018-10-07,7 Oct 2018 - 15 Oct 2018,North Kivu | Kayna,Probable,0,0,0,8
2018-10-21,2018-10-15,15 Oct 2018 - 21 Oct 2018,North Kivu | Kayna,Probable,0,0,0,6
2018-10-28,2018-10-21,21 Oct 2018 - 28 Oct 2018,North Kivu | Kayna,Probable,0,0,0,7
2018-11-04,2018-10-28,28 Oct 2018 - 4 Nov 2018,North Kivu | Kayna,Probable,0,0,0,7
2018-11-11,2018-11-04,4 Nov 2018 - 11 Nov 2018,North Kivu | Kayna,Probable,0,0,0,7
2018-11-19,2018-11-11,11 Nov 2018 - 19 Nov 2018,North Kivu | Kayna,Probable,0,0,0,8
2018-11-26,2018-11-19,19 Nov 2018 - 26 Nov 2018,North Kivu | Kayna,Probable,0,0,0,7
2018-12-03,2018-11-26,26 Nov 2018 - 3 Dec 2018,North Kivu | Kayna,Probable,0,0,0,7
2018-12-10,2018-12-03,3 Dec 2018 - 10 Dec 2018,North Kivu | Kayna,Probable,0,0,0,7
2018-12-16,2018-12-10,10 Dec 2018 - 16 Dec 2018,North Kivu | Kayna,Probable,0,0,0,6
2018-12-25,2018-12-16,16 Dec 2018 - 25 Dec 2018,North Kivu | Kayna,Probable,0,0,0,9
2019-01-01,2018-12-25,25 Dec 2018 - 1 Jan 2019,North Kivu | Kayna,Probable,0,0,0,7
2019-01-06,2019-01-01,1 Jan 2019 - 6 Jan 2019,North Kivu | Kayna,Probable,0,0,0,5
2019-01-14,2019-01-06,6 Jan 2019 - 14 Jan 2019,North Kivu | Kayna,Probable,0,0,0,8
2019-01-21,2019-01-14,14 Jan 2019 - 21 Jan 2019,North Kivu | Kayna,Probable,0,0,0,7
2019-01-28,2019-01-21,21 Jan 2019 - 28 Jan 2019,North Kivu | Kayna,Probable,0,0,0,7
2019-02-03,2019-01-28,28 Jan 2019 - 3 Feb 2019,North Kivu | Kayna,Probable,0,0,0,6
2019-02-10,2019-02-03,3 Feb 2019 - 10 Feb 2019,North Kivu | Kayna,Probable,0,0,0,7
2019-02-17,2019-02-10,10 Feb 2019 - 17 Feb 2019,North Kivu | Kayna,Probable,0,0,0,7
2019-02-24,2019-02-17,17 Feb 2019 - 24 Feb 2019,North Kivu | Kayna,Probable,0,0,0,7
2019-03-03,2019-02-24,24 Feb 2019 - 3 Mar 2019,North Kivu | Kayna,Probable,0,0,0,7
2019-03-10,2019-03-03,3 Mar 2019 - 10 Mar 2019,North Kivu | Kayna,Probable,0,0,0,7
2019-03-17,2019-03-10,10 Mar 2019 - 17 Mar 2019,North Kivu | Kayna,Probable,0,0,0,7
2019-03-24,2019-03-17,17 Mar 2019 - 24 Mar 2019,North Kivu | Kayna,Probable,0,0,0,7
2019-03-31,2019-03-24,24 Mar 2019 - 31 Mar 2019,North Kivu | Kayna,Probable,0,0,0,7
2019-04-07,2019-03-31,31 Mar 2019 - 7 Apr 2019,North Kivu | Kayna,Probable,0,0,0,7
2019-04-14,2019-04-07,7 Apr 2019 - 14 Apr 2019,North Kivu | Kayna,Probable,0,0,0,7
2019-04-22,2019-04-14,14 Apr 2019 - 22 Apr 2019,North Kivu | Kayna,Probable,0,0,0,8
2019-04-28,2019-04-22,22 Apr 2019 - 28 Apr 2019,North Kivu | Kayna,Probable,0,0,0,6
2019-05-05,2019-04-28,28 Apr 2019 - 5 May 2019,North Kivu | Kayna,Probable,0,0,0,7
2019-05-12,2019-05-05,5 May 2019 - 12 May 2019,North Kivu | Kayna,Probable,0,0,0,7
2019-05-19,2019-05-12,12 May 2019 - 19 May 2019,North Kivu | Kayna,Probable,0,0,0,7
2019-05-26,2019-05-19,19 May 2019 - 26 May 2019,North Kivu | Kayna,Probable,0,0,0,7
2019-06-02,2019-05-26,26 May 2019 - 2 Jun 2019,North Kivu | Kayna,Probable,0,0,0,7
2019-06-12,2019-06-02,2 Jun 2019 - 12 Jun 2019,North Kivu | Kayna,Probable,0,0,0,10
2019-06-16,2019-06-12,12 Jun 2019 - 16 Jun 2019,North Kivu | Kayna,Probable,0,0,0,4
2019-06-23,2019-06-16,16 Jun 2019 - 23 Jun 2019,North Kivu | Kayna,Probable,0,0,0,7
2019-06-30,2019-06-23,23 Jun 2019 - 30 Jun 2019,North Kivu | Kayna,Probable,0,0,0,7
2019-07-07,2019-06-30,30 Jun 2019 - 7 Jul 2019,North Kivu | Kayna,Probable,0,0,0,7
2019-07-14,2019-07-07,7 Jul 2019 - 14 Jul 2019,North Kivu | Kayna,Probable,0,0,0,7
2019-07-21,2019-07-14,14 Jul 2019 - 21 Jul 2019,North Kivu | Kayna,Probable,0,0,0,7
2019-07-28,2019-07-21,21 Jul 2019 - 28 Jul 2019,North Kivu | Kayna,Probable,0,0,0,7
2019-08-04,2019-07-28,28 Jul 2019 - 4 Aug 2019,North Kivu | Kayna,Probable,0,0,0,7
2019-08-11,2019-08-04,4 Aug 2019 - 11 Aug 2019,North Kivu | Kayna,Probable,0,0,0,7
2019-08-18,2019-08-11,11 Aug 2019 - 18 Aug 2019,North Kivu | Kayna,Probable,0,0,0,7
2019-08-25,2019-08-18,18 Aug 2019 - 25 Aug 2019,North Kivu | Kayna,Probable,0,0,0,7
2019-09-01,2019-08-25,25 Aug 2019 - 1 Sep 2019,North Kivu | Kayna,Probable,0,0,0,7
2019-09-08,2019-09-01,1 Sep 2019 - 8 Sep 2019,North Kivu | Kayna,Probable,0,0,0,7
2019-09-15,2019-09-08,8 Sep 2019 - 15 Sep 2019,North Kivu | Kayna,Probable,0,0,0,7
2019-09-22,2019-09-15,15 Sep 2019 - 22 Sep 2019,North Kivu | Kayna,Probable,0,0,0,7
2019-09-29,2019-09-22,22 Sep 2019 - 29 Sep 2019,North Kivu | Kayna,Probable,0,0,0,7
2019-10-06,2019-09-29,29 Sep 2019 - 6 Oct 2019,North Kivu | Kayna,Probable,0,0,0,7
2019-10-13,2019-10-06,6 Oct 2019 - 13 Oct 2019,North Kivu | Kayna,Probable,0,0,0,7
2019-10-20,2019-10-13,13 Oct 2019 - 20 Oct 2019,North Kivu | Kayna,Probable,0,0,0,7
2019-10-27,2019-10-20,20 Oct 2019 - 27 Oct 2019,North Kivu | Kayna,Probable,0,0,0,7
2019-11-03,2019-10-27,27 Oct 2019 - 3 Nov 2019,North Kivu | Kayna,Probable,0,0,0,7
2019-11-10,2019-11-03,3 Nov 2019 - 10 Nov 2019,North Kivu | Kayna,Probable,0,0,0,7
2019-11-17,2019-11-10,10 Nov 2019 - 17 Nov 2019,North Kivu | Kayna,Probable,0,0,0,7
2019-11-24,2019-11-17,17 Nov 2019 - 24 Nov 2019,North Kivu | Kayna,Probable,0,0,0,7
2019-12-01,2019-11-24,24 Nov 2019 - 1 Dec 2019,North Kivu | Kayna,Probable,0,0,0,7
2019-12-08,2019-12-01,1 Dec 2019 - 8 Dec 2019,North Kivu | Kayna,Probable,0,0,0,7
2019-12-15,2019-12-08,8 Dec 2019 - 15 Dec 2019,North Kivu | Kayna,Probable,0,0,0,7
2019-12-22,2019-12-15,15 Dec 2019 - 22 Dec 2019,North Kivu | Kayna,Probable,0,0,0,7
2020-01-05,2019-12-22,22 Dec 2019 - 5 Jan 2020,North Kivu | Kayna,Probable,0,0,0,14
2020-01-12,2020-01-05,5 Jan 2020 - 12 Jan 2020,North Kivu | Kayna,Probable,0,0,0,7
2020-01-19,2020-01-12,12 Jan 2020 - 19 Jan 2020,North Kivu | Kayna,Probable,0,0,0,7
2020-01-26,2020-01-19,19 Jan 2020 - 26 Jan 2020,North Kivu | Kayna,Probable,0,0,0,7
2018-08-05,,unknown - 5 August 2018,North Kivu | Kyondo,Confirmed,0,0,1,
2018-08-12,2018-08-05,5 Aug 2018 - 12 Aug 2018,North Kivu | Kyondo,Confirmed,0,0,0,7
2018-08-20,2018-08-12,12 Aug 2018 - 20 Aug 2018,North Kivu | Kyondo,Confirmed,0,0,0,8
2018-08-26,2018-08-20,20 Aug 2018 - 26 Aug 2018,North Kivu | Kyondo,Confirmed,0,0,0,6
2018-09-02,2018-08-26,26 Aug 2018 - 2 Sep 2018,North Kivu | Kyondo,Confirmed,0,0,0,7
2018-09-09,2018-09-02,2 Sep 2018 - 9 Sep 2018,North Kivu | Kyondo,Confirmed,0,0,0,7
2018-09-16,2018-09-09,9 Sep 2018 - 16 Sep 2018,North Kivu | Kyondo,Confirmed,0,0,0,7
2018-09-23,2018-09-16,16 Sep 2018 - 23 Sep 2018,North Kivu | Kyondo,Confirmed,0,0,0,7
2018-10-02,2018-09-23,23 Sep 2018 - 2 Oct 2018,North Kivu | Kyondo,Confirmed,0,0,0,9
2018-10-07,2018-10-02,2 Oct 2018 - 7 Oct 2018,North Kivu | Kyondo,Confirmed,0,0,0,5
2018-10-15,2018-10-07,7 Oct 2018 - 15 Oct 2018,North Kivu | Kyondo,Confirmed,0,0,0,8
2018-10-21,2018-10-15,15 Oct 2018 - 21 Oct 2018,North Kivu | Kyondo,Confirmed,0,0,0,6
2018-10-28,2018-10-21,21 Oct 2018 - 28 Oct 2018,North Kivu | Kyondo,Confirmed,0,0,0,7
2018-11-04,2018-10-28,28 Oct 2018 - 4 Nov 2018,North Kivu | Kyondo,Confirmed,0,0,0,7
2018-11-11,2018-11-04,4 Nov 2018 - 11 Nov 2018,North Kivu | Kyondo,Confirmed,2,0,0,7
2018-11-19,2018-11-11,11 Nov 2018 - 19 Nov 2018,North Kivu | Kyondo,Confirmed,0,0,0,8
2018-11-26,2018-11-19,19 Nov 2018 - 26 Nov 2018,North Kivu | Kyondo,Confirmed,1,0,0,7
2018-12-03,2018-11-26,26 Nov 2018 - 3 Dec 2018,North Kivu | Kyondo,Confirmed,0,0,0,7
2018-12-10,2018-12-03,3 Dec 2018 - 10 Dec 2018,North Kivu | Kyondo,Confirmed,1,0,0,7
2018-12-16,2018-12-10,10 Dec 2018 - 16 Dec 2018,North Kivu | Kyondo,Confirmed,2,0,0,6
2018-12-25,2018-12-16,16 Dec 2018 - 25 Dec 2018,North Kivu | Kyondo,Confirmed,0,0,0,9
2019-01-01,2018-12-25,25 Dec 2018 - 1 Jan 2019,North Kivu | Kyondo,Confirmed,0,0,0,7
2019-01-06,2019-01-01,1 Jan 2019 - 6 Jan 2019,North Kivu | Kyondo,Confirmed,2,0,0,5
2019-01-14,2019-01-06,6 Jan 2019 - 14 Jan 2019,North Kivu | Kyondo,Confirmed,0,0,0,8
2019-01-21,2019-01-14,14 Jan 2019 - 21 Jan 2019,North Kivu | Kyondo,Confirmed,2,0,0,7
2019-01-28,2019-01-21,21 Jan 2019 - 28 Jan 2019,North Kivu | Kyondo,Confirmed,0,0,0,7
2019-02-03,2019-01-28,28 Jan 2019 - 3 Feb 2019,North Kivu | Kyondo,Confirmed,4,0,0,6
2019-02-10,2019-02-03,3 Feb 2019 - 10 Feb 2019,North Kivu | Kyondo,Confirmed,0,0,0,7
2019-02-17,2019-02-10,10 Feb 2019 - 17 Feb 2019,North Kivu | Kyondo,Confirmed,0,0,0,7
2019-02-24,2019-02-17,17 Feb 2019 - 24 Feb 2019,North Kivu | Kyondo,Confirmed,1,0,0,7
2019-03-03,2019-02-24,24 Feb 2019 - 3 Mar 2019,North Kivu | Kyondo,Confirmed,0,0,0,7
2019-03-10,2019-03-03,3 Mar 2019 - 10 Mar 2019,North Kivu | Kyondo,Confirmed,1,0,0,7
2019-03-17,2019-03-10,10 Mar 2019 - 17 Mar 2019,North Kivu | Kyondo,Confirmed,1,0,0,7
2019-03-24,2019-03-17,17 Mar 2019 - 24 Mar 2019,North Kivu | Kyondo,Confirmed,-2,1,0,7
2019-03-31,2019-03-24,24 Mar 2019 - 31 Mar 2019,North Kivu | Kyondo,Confirmed,1,0,0,7
2019-04-07,2019-03-31,31 Mar 2019 - 7 Apr 2019,North Kivu | Kyondo,Confirmed,0,0,0,7
2019-04-14,2019-04-07,7 Apr 2019 - 14 Apr 2019,North Kivu | Kyondo,Confirmed,0,0,0,7
2019-04-22,2019-04-14,14 Apr 2019 - 22 Apr 2019,North Kivu | Kyondo,Confirmed,1,0,0,8
2019-04-28,2019-04-22,22 Apr 2019 - 28 Apr 2019,North Kivu | Kyondo,Confirmed,0,0,0,6
2019-05-05,2019-04-28,28 Apr 2019 - 5 May 2019,North Kivu | Kyondo,Confirmed,0,0,0,7
2019-05-12,2019-05-05,5 May 2019 - 12 May 2019,North Kivu | Kyondo,Confirmed,2,0,0,7
2019-05-19,2019-05-12,12 May 2019 - 19 May 2019,North Kivu | Kyondo,Confirmed,0,0,0,7
2019-05-26,2019-05-19,19 May 2019 - 26 May 2019,North Kivu | Kyondo,Confirmed,0,0,0,7
2019-06-02,2019-05-26,26 May 2019 - 2 Jun 2019,North Kivu | Kyondo,Confirmed,0,0,0,7
2019-06-12,2019-06-02,2 Jun 2019 - 12 Jun 2019,North Kivu | Kyondo,Confirmed,0,0,0,10
2019-06-16,2019-06-12,12 Jun 2019 - 16 Jun 2019,North Kivu | Kyondo,Confirmed,1,0,0,4
2019-06-23,2019-06-16,16 Jun 2019 - 23 Jun 2019,North Kivu | Kyondo,Confirmed,1,0,0,7
2019-06-30,2019-06-23,23 Jun 2019 - 30 Jun 2019,North Kivu | Kyondo,Confirmed,1,0,0,7
2019-07-07,2019-06-30,30 Jun 2019 - 7 Jul 2019,North Kivu | Kyondo,Confirmed,0,0,0,7
2019-07-14,2019-07-07,7 Jul 2019 - 14 Jul 2019,North Kivu | Kyondo,Confirmed,0,0,0,7
2019-07-21,2019-07-14,14 Jul 2019 - 21 Jul 2019,North Kivu | Kyondo,Confirmed,0,0,0,7
2019-07-28,2019-07-21,21 Jul 2019 - 28 Jul 2019,North Kivu | Kyondo,Confirmed,0,0,0,7
2019-08-04,2019-07-28,28 Jul 2019 - 4 Aug 2019,North Kivu | Kyondo,Confirmed,-2,1,0,7
2019-08-11,2019-08-04,4 Aug 2019 - 11 Aug 2019,North Kivu | Kyondo,Confirmed,0,0,0,7
2019-08-18,2019-08-11,11 Aug 2019 - 18 Aug 2019,North Kivu | Kyondo,Confirmed,0,0,0,7
2019-08-25,2019-08-18,18 Aug 2019 - 25 Aug 2019,North Kivu | Kyondo,Confirmed,0,0,0,7
2019-09-01,2019-08-25,25 Aug 2019 - 1 Sep 2019,North Kivu | Kyondo,Confirmed,0,0,0,7
2019-09-08,2019-09-01,1 Sep 2019 - 8 Sep 2019,North Kivu | Kyondo,Confirmed,2,0,0,7
2019-09-15,2019-09-08,8 Sep 2019 - 15 Sep 2019,North Kivu | Kyondo,Confirmed,3,0,0,7
2019-09-22,2019-09-15,15 Sep 2019 - 22 Sep 2019,North Kivu | Kyondo,Confirmed,0,0,0,7
2019-09-29,2019-09-22,22 Sep 2019 - 29 Sep 2019,North Kivu | Kyondo,Confirmed,0,0,0,7
2019-10-06,2019-09-29,29 Sep 2019 - 6 Oct 2019,North Kivu | Kyondo,Confirmed,0,0,0,7
2019-10-13,2019-10-06,6 Oct 2019 - 13 Oct 2019,North Kivu | Kyondo,Confirmed,0,0,0,7
2019-10-20,2019-10-13,13 Oct 2019 - 20 Oct 2019,North Kivu | Kyondo,Confirmed,0,0,0,7
2019-10-27,2019-10-20,20 Oct 2019 - 27 Oct 2019,North Kivu | Kyondo,Confirmed,0,0,0,7
2019-11-03,2019-10-27,27 Oct 2019 - 3 Nov 2019,North Kivu | Kyondo,Confirmed,0,0,0,7
2019-11-10,2019-11-03,3 Nov 2019 - 10 Nov 2019,North Kivu | Kyondo,Confirmed,0,0,0,7
2019-11-17,2019-11-10,10 Nov 2019 - 17 Nov 2019,North Kivu | Kyondo,Confirmed,0,0,0,7
2019-11-24,2019-11-17,17 Nov 2019 - 24 Nov 2019,North Kivu | Kyondo,Confirmed,0,0,0,7
2019-12-01,2019-11-24,24 Nov 2019 - 1 Dec 2019,North Kivu | Kyondo,Confirmed,0,0,0,7
2019-12-08,2019-12-01,1 Dec 2019 - 8 Dec 2019,North Kivu | Kyondo,Confirmed,0,0,0,7
2019-12-15,2019-12-08,8 Dec 2019 - 15 Dec 2019,North Kivu | Kyondo,Confirmed,0,0,0,7
2019-12-22,2019-12-15,15 Dec 2019 - 22 Dec 2019,North Kivu | Kyondo,Confirmed,0,0,0,7
2020-01-05,2019-12-22,22 Dec 2019 - 5 Jan 2020,North Kivu | Kyondo,Confirmed,0,0,0,14
2020-01-12,2020-01-05,5 Jan 2020 - 12 Jan 2020,North Kivu | Kyondo,Confirmed,0,0,0,7
2020-01-19,2020-01-12,12 Jan 2020 - 19 Jan 2020,North Kivu | Kyondo,Confirmed,0,0,0,7
2020-01-26,2020-01-19,19 Jan 2020 - 26 Jan 2020,North Kivu | Kyondo,Confirmed,0,0,0,7
2018-08-05,,unknown - 5 August 2018,North Kivu | Kyondo,Probable,0,0,1,
2018-08-12,2018-08-05,5 Aug 2018 - 12 Aug 2018,North Kivu | Kyondo,Probable,0,0,0,7
2018-08-20,2018-08-12,12 Aug 2018 - 20 Aug 2018,North Kivu | Kyondo,Probable,0,0,0,8
2018-08-26,2018-08-20,20 Aug 2018 - 26 Aug 2018,North Kivu | Kyondo,Probable,0,0,0,6
2018-09-02,2018-08-26,26 Aug 2018 - 2 Sep 2018,North Kivu | Kyondo,Probable,0,0,0,7
2018-09-09,2018-09-02,2 Sep 2018 - 9 Sep 2018,North Kivu | Kyondo,Probable,0,0,0,7
2018-09-16,2018-09-09,9 Sep 2018 - 16 Sep 2018,North Kivu | Kyondo,Probable,0,0,0,7
2018-09-23,2018-09-16,16 Sep 2018 - 23 Sep 2018,North Kivu | Kyondo,Probable,0,0,0,7
2018-10-02,2018-09-23,23 Sep 2018 - 2 Oct 2018,North Kivu | Kyondo,Probable,0,0,0,9
2018-10-07,2018-10-02,2 Oct 2018 - 7 Oct 2018,North Kivu | Kyondo,Probable,0,0,0,5
2018-10-15,2018-10-07,7 Oct 2018 - 15 Oct 2018,North Kivu | Kyondo,Probable,0,0,0,8
2018-10-21,2018-10-15,15 Oct 2018 - 21 Oct 2018,North Kivu | Kyondo,Probable,0,0,0,6
2018-10-28,2018-10-21,21 Oct 2018 - 28 Oct 2018,North Kivu | Kyondo,Probable,0,0,0,7
2018-11-04,2018-10-28,28 Oct 2018 - 4 Nov 2018,North Kivu | Kyondo,Probable,0,0,0,7
2018-11-11,2018-11-04,4 Nov 2018 - 11 Nov 2018,North Kivu | Kyondo,Probable,2,0,0,7
2018-11-19,2018-11-11,11 Nov 2018 - 19 Nov 2018,North Kivu | Kyondo,Probable,0,0,0,8
2018-11-26,2018-11-19,19 Nov 2018 - 26 Nov 2018,North Kivu | Kyondo,Probable,0,0,0,7
2018-12-03,2018-11-26,26 Nov 2018 - 3 Dec 2018,North Kivu | Kyondo,Probable,0,0,0,7
2018-12-10,2018-12-03,3 Dec 2018 - 10 Dec 2018,North Kivu | Kyondo,Probable,0,0,0,7
2018-12-16,2018-12-10,10 Dec 2018 - 16 Dec 2018,North Kivu | Kyondo,Probable,0,0,0,6
2018-12-25,2018-12-16,16 Dec 2018 - 25 Dec 2018,North Kivu | Kyondo,Probable,0,0,0,9
2019-01-01,2018-12-25,25 Dec 2018 - 1 Jan 2019,North Kivu | Kyondo,Probable,0,0,0,7
2019-01-06,2019-01-01,1 Jan 2019 - 6 Jan 2019,North Kivu | Kyondo,Probable,0,0,0,5
2019-01-14,2019-01-06,6 Jan 2019 - 14 Jan 2019,North Kivu | Kyondo,Probable,0,0,0,8
2019-01-21,2019-01-14,14 Jan 2019 - 21 Jan 2019,North Kivu | Kyondo,Probable,0,0,0,7
2019-01-28,2019-01-21,21 Jan 2019 - 28 Jan 2019,North Kivu | Kyondo,Probable,0,0,0,7
2019-02-03,2019-01-28,28 Jan 2019 - 3 Feb 2019,North Kivu | Kyondo,Probable,0,0,0,6
2019-02-10,2019-02-03,3 Feb 2019 - 10 Feb 2019,North Kivu | Kyondo,Probable,0,0,0,7
2019-02-17,2019-02-10,10 Feb 2019 - 17 Feb 2019,North Kivu | Kyondo,Probable,0,0,0,7
2019-02-24,2019-02-17,17 Feb 2019 - 24 Feb 2019,North Kivu | Kyondo,Probable,0,0,0,7
2019-03-03,2019-02-24,24 Feb 2019 - 3 Mar 2019,North Kivu | Kyondo,Probable,0,0,0,7
2019-03-10,2019-03-03,3 Mar 2019 - 10 Mar 2019,North Kivu | Kyondo,Probable,0,0,0,7
2019-03-17,2019-03-10,10 Mar 2019 - 17 Mar 2019,North Kivu | Kyondo,Probable,0,0,0,7
2019-03-24,2019-03-17,17 Mar 2019 - 24 Mar 2019,North Kivu | Kyondo,Probable,0,0,0,7
2019-03-31,2019-03-24,24 Mar 2019 - 31 Mar 2019,North Kivu | Kyondo,Probable,0,0,0,7
2019-04-07,2019-03-31,31 Mar 2019 - 7 Apr 2019,North Kivu | Kyondo,Probable,0,0,0,7
2019-04-14,2019-04-07,7 Apr 2019 - 14 Apr 2019,North Kivu | Kyondo,Probable,0,0,0,7
2019-04-22,2019-04-14,14 Apr 2019 - 22 Apr 2019,North Kivu | Kyondo,Probable,0,0,0,8
2019-04-28,2019-04-22,22 Apr 2019 - 28 Apr 2019,North Kivu | Kyondo,Probable,0,0,0,6
2019-05-05,2019-04-28,28 Apr 2019 - 5 May 2019,North Kivu | Kyondo,Probable,0,0,0,7
2019-05-12,2019-05-05,5 May 2019 - 12 May 2019,North Kivu | Kyondo,Probable,0,0,0,7
2019-05-19,2019-05-12,12 May 2019 - 19 May 2019,North Kivu | Kyondo,Probable,0,0,0,7
2019-05-26,2019-05-19,19 May 2019 - 26 May 2019,North Kivu | Kyondo,Probable,0,0,0,7
2019-06-02,2019-05-26,26 May 2019 - 2 Jun 2019,North Kivu | Kyondo,Probable,0,0,0,7
2019-06-12,2019-06-02,2 Jun 2019 - 12 Jun 2019,North Kivu | Kyondo,Probable,0,0,0,10
2019-06-16,2019-06-12,12 Jun 2019 - 16 Jun 2019,North Kivu | Kyondo,Probable,0,0,0,4
2019-06-23,2019-06-16,16 Jun 2019 - 23 Jun 2019,North Kivu | Kyondo,Probable,0,0,0,7
2019-06-30,2019-06-23,23 Jun 2019 - 30 Jun 2019,North Kivu | Kyondo,Probable,0,0,0,7
2019-07-07,2019-06-30,30 Jun 2019 - 7 Jul 2019,North Kivu | Kyondo,Probable,0,0,0,7
2019-07-14,2019-07-07,7 Jul 2019 - 14 Jul 2019,North Kivu | Kyondo,Probable,0,0,0,7
2019-07-21,2019-07-14,14 Jul 2019 - 21 Jul 2019,North Kivu | Kyondo,Probable,0,0,0,7
2019-07-28,2019-07-21,21 Jul 2019 - 28 Jul 2019,North Kivu | Kyondo,Probable,0,0,0,7
2019-08-04,2019-07-28,28 Jul 2019 - 4 Aug 2019,North Kivu | Kyondo,Probable,0,0,0,7
2019-08-11,2019-08-04,4 Aug 2019 - 11 Aug 2019,North Kivu | Kyondo,Probable,0,0,0,7
2019-08-18,2019-08-11,11 Aug 2019 - 18 Aug 2019,North Kivu | Kyondo,Probable,0,0,0,7
2019-08-25,2019-08-18,18 Aug 2019 - 25 Aug 2019,North Kivu | Kyondo,Probable,2,0,0,7
2019-09-01,2019-08-25,25 Aug 2019 - 1 Sep 2019,North Kivu | Kyondo,Probable,0,0,0,7
2019-09-08,2019-09-01,1 Sep 2019 - 8 Sep 2019,North Kivu | Kyondo,Probable,0,0,0,7
2019-09-15,2019-09-08,8 Sep 2019 - 15 Sep 2019,North Kivu | Kyondo,Probable,0,0,0,7
2019-09-22,2019-09-15,15 Sep 2019 - 22 Sep 2019,North Kivu | Kyondo,Probable,0,0,0,7
2019-09-29,2019-09-22,22 Sep 2019 - 29 Sep 2019,North Kivu | Kyondo,Probable,0,0,0,7
2019-10-06,2019-09-29,29 Sep 2019 - 6 Oct 2019,North Kivu | Kyondo,Probable,0,0,0,7
2019-10-13,2019-10-06,6 Oct 2019 - 13 Oct 2019,North Kivu | Kyondo,Probable,0,0,0,7
2019-10-20,2019-10-13,13 Oct 2019 - 20 Oct 2019,North Kivu | Kyondo,Probable,0,0,0,7
2019-10-27,2019-10-20,20 Oct 2019 - 27 Oct 2019,North Kivu | Kyondo,Probable,0,0,0,7
2019-11-03,2019-10-27,27 Oct 2019 - 3 Nov 2019,North Kivu | Kyondo,Probable,0,0,0,7
2019-11-10,2019-11-03,3 Nov 2019 - 10 Nov 2019,North Kivu | Kyondo,Probable,0,0,0,7
2019-11-17,2019-11-10,10 Nov 2019 - 17 Nov 2019,North Kivu | Kyondo,Probable,0,0,0,7
2019-11-24,2019-11-17,17 Nov 2019 - 24 Nov 2019,North Kivu | Kyondo,Probable,0,0,0,7
2019-12-01,2019-11-24,24 Nov 2019 - 1 Dec 2019,North Kivu | Kyondo,Probable,0,0,0,7
2019-12-08,2019-12-01,1 Dec 2019 - 8 Dec 2019,North Kivu | Kyondo,Probable,0,0,0,7
2019-12-15,2019-12-08,8 Dec 2019 - 15 Dec 2019,North Kivu | Kyondo,Probable,0,0,0,7
2019-12-22,2019-12-15,15 Dec 2019 - 22 Dec 2019,North Kivu | Kyondo,Probable,0,0,0,7
2020-01-05,2019-12-22,22 Dec 2019 - 5 Jan 2020,North Kivu | Kyondo,Probable,0,0,0,14
2020-01-12,2020-01-05,5 Jan 2020 - 12 Jan 2020,North Kivu | Kyondo,Probable,0,0,0,7
2020-01-19,2020-01-12,12 Jan 2020 - 19 Jan 2020,North Kivu | Kyondo,Probable,0,0,0,7
2020-01-26,2020-01-19,19 Jan 2020 - 26 Jan 2020,North Kivu | Kyondo,Probable,0,0,0,7
2018-08-05,,unknown - 5 August 2018,North Kivu | Lubero,Confirmed,0,0,1,
2018-08-12,2018-08-05,5 Aug 2018 - 12 Aug 2018,North Kivu | Lubero,Confirmed,0,0,0,7
2018-08-20,2018-08-12,12 Aug 2018 - 20 Aug 2018,North Kivu | Lubero,Confirmed,0,0,0,8
2018-08-26,2018-08-20,20 Aug 2018 - 26 Aug 2018,North Kivu | Lubero,Confirmed,0,0,0,6
2018-09-02,2018-08-26,26 Aug 2018 - 2 Sep 2018,North Kivu | Lubero,Confirmed,0,0,0,7
2018-09-09,2018-09-02,2 Sep 2018 - 9 Sep 2018,North Kivu | Lubero,Confirmed,0,0,0,7
2018-09-16,2018-09-09,9 Sep 2018 - 16 Sep 2018,North Kivu | Lubero,Confirmed,0,0,0,7
2018-09-23,2018-09-16,16 Sep 2018 - 23 Sep 2018,North Kivu | Lubero,Confirmed,0,0,0,7
2018-10-02,2018-09-23,23 Sep 2018 - 2 Oct 2018,North Kivu | Lubero,Confirmed,0,0,0,9
2018-10-07,2018-10-02,2 Oct 2018 - 7 Oct 2018,North Kivu | Lubero,Confirmed,0,0,0,5
2018-10-15,2018-10-07,7 Oct 2018 - 15 Oct 2018,North Kivu | Lubero,Confirmed,0,0,0,8
2018-10-21,2018-10-15,15 Oct 2018 - 21 Oct 2018,North Kivu | Lubero,Confirmed,0,0,0,6
2018-10-28,2018-10-21,21 Oct 2018 - 28 Oct 2018,North Kivu | Lubero,Confirmed,0,0,0,7
2018-11-04,2018-10-28,28 Oct 2018 - 4 Nov 2018,North Kivu | Lubero,Confirmed,0,0,0,7
2018-11-11,2018-11-04,4 Nov 2018 - 11 Nov 2018,North Kivu | Lubero,Confirmed,0,0,0,7
2018-11-19,2018-11-11,11 Nov 2018 - 19 Nov 2018,North Kivu | Lubero,Confirmed,0,0,0,8
2018-11-26,2018-11-19,19 Nov 2018 - 26 Nov 2018,North Kivu | Lubero,Confirmed,0,0,0,7
2018-12-03,2018-11-26,26 Nov 2018 - 3 Dec 2018,North Kivu | Lubero,Confirmed,0,0,0,7
2018-12-10,2018-12-03,3 Dec 2018 - 10 Dec 2018,North Kivu | Lubero,Confirmed,0,0,0,7
2018-12-16,2018-12-10,10 Dec 2018 - 16 Dec 2018,North Kivu | Lubero,Confirmed,0,0,0,6
2018-12-25,2018-12-16,16 Dec 2018 - 25 Dec 2018,North Kivu | Lubero,Confirmed,0,0,0,9
2019-01-01,2018-12-25,25 Dec 2018 - 1 Jan 2019,North Kivu | Lubero,Confirmed,0,0,0,7
2019-01-06,2019-01-01,1 Jan 2019 - 6 Jan 2019,North Kivu | Lubero,Confirmed,0,0,0,5
2019-01-14,2019-01-06,6 Jan 2019 - 14 Jan 2019,North Kivu | Lubero,Confirmed,0,0,0,8
2019-01-21,2019-01-14,14 Jan 2019 - 21 Jan 2019,North Kivu | Lubero,Confirmed,0,0,0,7
2019-01-28,2019-01-21,21 Jan 2019 - 28 Jan 2019,North Kivu | Lubero,Confirmed,0,0,0,7
2019-02-03,2019-01-28,28 Jan 2019 - 3 Feb 2019,North Kivu | Lubero,Confirmed,0,0,0,6
2019-02-10,2019-02-03,3 Feb 2019 - 10 Feb 2019,North Kivu | Lubero,Confirmed,0,0,0,7
2019-02-17,2019-02-10,10 Feb 2019 - 17 Feb 2019,North Kivu | Lubero,Confirmed,0,0,0,7
2019-02-24,2019-02-17,17 Feb 2019 - 24 Feb 2019,North Kivu | Lubero,Confirmed,0,0,0,7
2019-03-03,2019-02-24,24 Feb 2019 - 3 Mar 2019,North Kivu | Lubero,Confirmed,0,0,0,7
2019-03-10,2019-03-03,3 Mar 2019 - 10 Mar 2019,North Kivu | Lubero,Confirmed,1,0,0,7
2019-03-17,2019-03-10,10 Mar 2019 - 17 Mar 2019,North Kivu | Lubero,Confirmed,1,0,0,7
2019-03-24,2019-03-17,17 Mar 2019 - 24 Mar 2019,North Kivu | Lubero,Confirmed,1,0,0,7
2019-03-31,2019-03-24,24 Mar 2019 - 31 Mar 2019,North Kivu | Lubero,Confirmed,1,0,0,7
2019-04-07,2019-03-31,31 Mar 2019 - 7 Apr 2019,North Kivu | Lubero,Confirmed,0,0,0,7
2019-04-14,2019-04-07,7 Apr 2019 - 14 Apr 2019,North Kivu | Lubero,Confirmed,0,0,0,7
2019-04-22,2019-04-14,14 Apr 2019 - 22 Apr 2019,North Kivu | Lubero,Confirmed,0,0,0,8
2019-04-28,2019-04-22,22 Apr 2019 - 28 Apr 2019,North Kivu | Lubero,Confirmed,0,0,0,6
2019-05-05,2019-04-28,28 Apr 2019 - 5 May 2019,North Kivu | Lubero,Confirmed,0,0,0,7
2019-05-12,2019-05-05,5 May 2019 - 12 May 2019,North Kivu | Lubero,Confirmed,4,0,0,7
2019-05-19,2019-05-12,12 May 2019 - 19 May 2019,North Kivu | Lubero,Confirmed,3,0,0,7
2019-05-26,2019-05-19,19 May 2019 - 26 May 2019,North Kivu | Lubero,Confirmed,0,0,0,7
2019-06-02,2019-05-26,26 May 2019 - 2 Jun 2019,North Kivu | Lubero,Confirmed,0,0,0,7
2019-06-12,2019-06-02,2 Jun 2019 - 12 Jun 2019,North Kivu | Lubero,Confirmed,0,0,0,10
2019-06-16,2019-06-12,12 Jun 2019 - 16 Jun 2019,North Kivu | Lubero,Confirmed,1,0,0,4
2019-06-23,2019-06-16,16 Jun 2019 - 23 Jun 2019,North Kivu | Lubero,Confirmed,8,0,0,7
2019-06-30,2019-06-23,23 Jun 2019 - 30 Jun 2019,North Kivu | Lubero,Confirmed,6,0,0,7
2019-07-07,2019-06-30,30 Jun 2019 - 7 Jul 2019,North Kivu | Lubero,Confirmed,2,0,0,7
2019-07-14,2019-07-07,7 Jul 2019 - 14 Jul 2019,North Kivu | Lubero,Confirmed,0,0,0,7
2019-07-21,2019-07-14,14 Jul 2019 - 21 Jul 2019,North Kivu | Lubero,Confirmed,1,0,0,7
2019-07-28,2019-07-21,21 Jul 2019 - 28 Jul 2019,North Kivu | Lubero,Confirmed,2,0,0,7
2019-08-04,2019-07-28,28 Jul 2019 - 4 Aug 2019,North Kivu | Lubero,Confirmed,0,0,0,7
2019-08-11,2019-08-04,4 Aug 2019 - 11 Aug 2019,North Kivu | Lubero,Confirmed,0,0,0,7
2019-08-18,2019-08-11,11 Aug 2019 - 18 Aug 2019,North Kivu | Lubero,Confirmed,0,0,0,7
2019-08-25,2019-08-18,18 Aug 2019 - 25 Aug 2019,North Kivu | Lubero,Confirmed,0,0,0,7
2019-09-01,2019-08-25,25 Aug 2019 - 1 Sep 2019,North Kivu | Lubero,Confirmed,0,0,0,7
2019-09-08,2019-09-01,1 Sep 2019 - 8 Sep 2019,North Kivu | Lubero,Confirmed,0,0,0,7
2019-09-15,2019-09-08,8 Sep 2019 - 15 Sep 2019,North Kivu | Lubero,Confirmed,0,0,0,7
2019-09-22,2019-09-15,15 Sep 2019 - 22 Sep 2019,North Kivu | Lubero,Confirmed,0,0,0,7
2019-09-29,2019-09-22,22 Sep 2019 - 29 Sep 2019,North Kivu | Lubero,Confirmed,0,0,0,7
2019-10-06,2019-09-29,29 Sep 2019 - 6 Oct 2019,North Kivu | Lubero,Confirmed,0,0,0,7
2019-10-13,2019-10-06,6 Oct 2019 - 13 Oct 2019,North Kivu | Lubero,Confirmed,0,0,0,7
2019-10-20,2019-10-13,13 Oct 2019 - 20 Oct 2019,North Kivu | Lubero,Confirmed,0,0,0,7
2019-10-27,2019-10-20,20 Oct 2019 - 27 Oct 2019,North Kivu | Lubero,Confirmed,0,0,0,7
2019-11-03,2019-10-27,27 Oct 2019 - 3 Nov 2019,North Kivu | Lubero,Confirmed,0,0,0,7
2019-11-10,2019-11-03,3 Nov 2019 - 10 Nov 2019,North Kivu | Lubero,Confirmed,0,0,0,7
2019-11-17,2019-11-10,10 Nov 2019 - 17 Nov 2019,North Kivu | Lubero,Confirmed,0,0,0,7
2019-11-24,2019-11-17,17 Nov 2019 - 24 Nov 2019,North Kivu | Lubero,Confirmed,0,0,0,7
2019-12-01,2019-11-24,24 Nov 2019 - 1 Dec 2019,North Kivu | Lubero,Confirmed,0,0,0,7
2019-12-08,2019-12-01,1 Dec 2019 - 8 Dec 2019,North Kivu | Lubero,Confirmed,0,0,0,7
2019-12-15,2019-12-08,8 Dec 2019 - 15 Dec 2019,North Kivu | Lubero,Confirmed,0,0,0,7
2019-12-22,2019-12-15,15 Dec 2019 - 22 Dec 2019,North Kivu | Lubero,Confirmed,0,0,0,7
2020-01-05,2019-12-22,22 Dec 2019 - 5 Jan 2020,North Kivu | Lubero,Confirmed,0,0,0,14
2020-01-12,2020-01-05,5 Jan 2020 - 12 Jan 2020,North Kivu | Lubero,Confirmed,0,0,0,7
2020-01-19,2020-01-12,12 Jan 2020 - 19 Jan 2020,North Kivu | Lubero,Confirmed,0,0,0,7
2020-01-26,2020-01-19,19 Jan 2020 - 26 Jan 2020,North Kivu | Lubero,Confirmed,0,0,0,7
2018-08-05,,unknown - 5 August 2018,North Kivu | Lubero,Probable,0,0,1,
2018-08-12,2018-08-05,5 Aug 2018 - 12 Aug 2018,North Kivu | Lubero,Probable,0,0,0,7
2018-08-20,2018-08-12,12 Aug 2018 - 20 Aug 2018,North Kivu | Lubero,Probable,0,0,0,8
2018-08-26,2018-08-20,20 Aug 2018 - 26 Aug 2018,North Kivu | Lubero,Probable,0,0,0,6
2018-09-02,2018-08-26,26 Aug 2018 - 2 Sep 2018,North Kivu | Lubero,Probable,0,0,0,7
2018-09-09,2018-09-02,2 Sep 2018 - 9 Sep 2018,North Kivu | Lubero,Probable,0,0,0,7
2018-09-16,2018-09-09,9 Sep 2018 - 16 Sep 2018,North Kivu | Lubero,Probable,0,0,0,7
2018-09-23,2018-09-16,16 Sep 2018 - 23 Sep 2018,North Kivu | Lubero,Probable,0,0,0,7
2018-10-02,2018-09-23,23 Sep 2018 - 2 Oct 2018,North Kivu | Lubero,Probable,0,0,0,9
2018-10-07,2018-10-02,2 Oct 2018 - 7 Oct 2018,North Kivu | Lubero,Probable,0,0,0,5
2018-10-15,2018-10-07,7 Oct 2018 - 15 Oct 2018,North Kivu | Lubero,Probable,0,0,0,8
2018-10-21,2018-10-15,15 Oct 2018 - 21 Oct 2018,North Kivu | Lubero,Probable,0,0,0,6
2018-10-28,2018-10-21,21 Oct 2018 - 28 Oct 2018,North Kivu | Lubero,Probable,0,0,0,7
2018-11-04,2018-10-28,28 Oct 2018 - 4 Nov 2018,North Kivu | Lubero,Probable,0,0,0,7
2018-11-11,2018-11-04,4 Nov 2018 - 11 Nov 2018,North Kivu | Lubero,Probable,0,0,0,7
2018-11-19,2018-11-11,11 Nov 2018 - 19 Nov 2018,North Kivu | Lubero,Probable,0,0,0,8
2018-11-26,2018-11-19,19 Nov 2018 - 26 Nov 2018,North Kivu | Lubero,Probable,0,0,0,7
2018-12-03,2018-11-26,26 Nov 2018 - 3 Dec 2018,North Kivu | Lubero,Probable,0,0,0,7
2018-12-10,2018-12-03,3 Dec 2018 - 10 Dec 2018,North Kivu | Lubero,Probable,0,0,0,7
2018-12-16,2018-12-10,10 Dec 2018 - 16 Dec 2018,North Kivu | Lubero,Probable,0,0,0,6
2018-12-25,2018-12-16,16 Dec 2018 - 25 Dec 2018,North Kivu | Lubero,Probable,0,0,0,9
2019-01-01,2018-12-25,25 Dec 2018 - 1 Jan 2019,North Kivu | Lubero,Probable,0,0,0,7
2019-01-06,2019-01-01,1 Jan 2019 - 6 Jan 2019,North Kivu | Lubero,Probable,0,0,0,5
2019-01-14,2019-01-06,6 Jan 2019 - 14 Jan 2019,North Kivu | Lubero,Probable,0,0,0,8
2019-01-21,2019-01-14,14 Jan 2019 - 21 Jan 2019,North Kivu | Lubero,Probable,0,0,0,7
2019-01-28,2019-01-21,21 Jan 2019 - 28 Jan 2019,North Kivu | Lubero,Probable,0,0,0,7
2019-02-03,2019-01-28,28 Jan 2019 - 3 Feb 2019,North Kivu | Lubero,Probable,0,0,0,6
2019-02-10,2019-02-03,3 Feb 2019 - 10 Feb 2019,North Kivu | Lubero,Probable,0,0,0,7
2019-02-17,2019-02-10,10 Feb 2019 - 17 Feb 2019,North Kivu | Lubero,Probable,0,0,0,7
2019-02-24,2019-02-17,17 Feb 2019 - 24 Feb 2019,North Kivu | Lubero,Probable,0,0,0,7
2019-03-03,2019-02-24,24 Feb 2019 - 3 Mar 2019,North Kivu | Lubero,Probable,0,0,0,7
2019-03-10,2019-03-03,3 Mar 2019 - 10 Mar 2019,North Kivu | Lubero,Probable,0,0,0,7
2019-03-17,2019-03-10,10 Mar 2019 - 17 Mar 2019,North Kivu | Lubero,Probable,0,0,0,7
2019-03-24,2019-03-17,17 Mar 2019 - 24 Mar 2019,North Kivu | Lubero,Probable,0,0,0,7
2019-03-31,2019-03-24,24 Mar 2019 - 31 Mar 2019,North Kivu | Lubero,Probable,0,0,0,7
2019-04-07,2019-03-31,31 Mar 2019 - 7 Apr 2019,North Kivu | Lubero,Probable,0,0,0,7
2019-04-14,2019-04-07,7 Apr 2019 - 14 Apr 2019,North Kivu | Lubero,Probable,0,0,0,7
2019-04-22,2019-04-14,14 Apr 2019 - 22 Apr 2019,North Kivu | Lubero,Probable,0,0,0,8
2019-04-28,2019-04-22,22 Apr 2019 - 28 Apr 2019,North Kivu | Lubero,Probable,0,0,0,6
2019-05-05,2019-04-28,28 Apr 2019 - 5 May 2019,North Kivu | Lubero,Probable,0,0,0,7
2019-05-12,2019-05-05,5 May 2019 - 12 May 2019,North Kivu | Lubero,Probable,2,0,0,7
2019-05-19,2019-05-12,12 May 2019 - 19 May 2019,North Kivu | Lubero,Probable,0,0,0,7
2019-05-26,2019-05-19,19 May 2019 - 26 May 2019,North Kivu | Lubero,Probable,0,0,0,7
2019-06-02,2019-05-26,26 May 2019 - 2 Jun 2019,North Kivu | Lubero,Probable,0,0,0,7
2019-06-12,2019-06-02,2 Jun 2019 - 12 Jun 2019,North Kivu | Lubero,Probable,0,0,0,10
2019-06-16,2019-06-12,12 Jun 2019 - 16 Jun 2019,North Kivu | Lubero,Probable,0,0,0,4
2019-06-23,2019-06-16,16 Jun 2019 - 23 Jun 2019,North Kivu | Lubero,Probable,0,0,0,7
2019-06-30,2019-06-23,23 Jun 2019 - 30 Jun 2019,North Kivu | Lubero,Probable,0,0,0,7
2019-07-07,2019-06-30,30 Jun 2019 - 7 Jul 2019,North Kivu | Lubero,Probable,0,0,0,7
2019-07-14,2019-07-07,7 Jul 2019 - 14 Jul 2019,North Kivu | Lubero,Probable,0,0,0,7
2019-07-21,2019-07-14,14 Jul 2019 - 21 Jul 2019,North Kivu | Lubero,Probable,0,0,0,7
2019-07-28,2019-07-21,21 Jul 2019 - 28 Jul 2019,North Kivu | Lubero,Probable,0,0,0,7
2019-08-04,2019-07-28,28 Jul 2019 - 4 Aug 2019,North Kivu | Lubero,Probable,0,0,0,7
2019-08-11,2019-08-04,4 Aug 2019 - 11 Aug 2019,North Kivu | Lubero,Probable,0,0,0,7
2019-08-18,2019-08-11,11 Aug 2019 - 18 Aug 2019,North Kivu | Lubero,Probable,0,0,0,7
2019-08-25,2019-08-18,18 Aug 2019 - 25 Aug 2019,North Kivu | Lubero,Probable,0,0,0,7
2019-09-01,2019-08-25,25 Aug 2019 - 1 Sep 2019,North Kivu | Lubero,Probable,0,0,0,7
2019-09-08,2019-09-01,1 Sep 2019 - 8 Sep 2019,North Kivu | Lubero,Probable,0,0,0,7
2019-09-15,2019-09-08,8 Sep 2019 - 15 Sep 2019,North Kivu | Lubero,Probable,0,0,0,7
2019-09-22,2019-09-15,15 Sep 2019 - 22 Sep 2019,North Kivu | Lubero,Probable,0,0,0,7
2019-09-29,2019-09-22,22 Sep 2019 - 29 Sep 2019,North Kivu | Lubero,Probable,0,0,0,7
2019-10-06,2019-09-29,29 Sep 2019 - 6 Oct 2019,North Kivu | Lubero,Probable,0,0,0,7
2019-10-13,2019-10-06,6 Oct 2019 - 13 Oct 2019,North Kivu | Lubero,Probable,0,0,0,7
2019-10-20,2019-10-13,13 Oct 2019 - 20 Oct 2019,North Kivu | Lubero,Probable,0,0,0,7
2019-10-27,2019-10-20,20 Oct 2019 - 27 Oct 2019,North Kivu | Lubero,Probable,0,0,0,7
2019-11-03,2019-10-27,27 Oct 2019 - 3 Nov 2019,North Kivu | Lubero,Probable,0,0,0,7
2019-11-10,2019-11-03,3 Nov 2019 - 10 Nov 2019,North Kivu | Lubero,Probable,0,0,0,7
2019-11-17,2019-11-10,10 Nov 2019 - 17 Nov 2019,North Kivu | Lubero,Probable,0,0,0,7
2019-11-24,2019-11-17,17 Nov 2019 - 24 Nov 2019,North Kivu | Lubero,Probable,0,0,0,7
2019-12-01,2019-11-24,24 Nov 2019 - 1 Dec 2019,North Kivu | Lubero,Probable,0,0,0,7
2019-12-08,2019-12-01,1 Dec 2019 - 8 Dec 2019,North Kivu | Lubero,Probable,0,0,0,7
2019-12-15,2019-12-08,8 Dec 2019 - 15 Dec 2019,North Kivu | Lubero,Probable,0,0,0,7
2019-12-22,2019-12-15,15 Dec 2019 - 22 Dec 2019,North Kivu | Lubero,Probable,0,0,0,7
2020-01-05,2019-12-22,22 Dec 2019 - 5 Jan 2020,North Kivu | Lubero,Probable,0,0,0,14
2020-01-12,2020-01-05,5 Jan 2020 - 12 Jan 2020,North Kivu | Lubero,Probable,0,0,0,7
2020-01-19,2020-01-12,12 Jan 2020 - 19 Jan 2020,North Kivu | Lubero,Probable,0,0,0,7
2020-01-26,2020-01-19,19 Jan 2020 - 26 Jan 2020,North Kivu | Lubero,Probable,0,0,0,7
2018-08-05,,unknown - 5 August 2018,North Kivu | Mabalako,Confirmed,13,0,1,
2018-08-12,2018-08-05,5 Aug 2018 - 12 Aug 2018,North Kivu | Mabalako,Confirmed,11,0,0,7
2018-08-20,2018-08-12,12 Aug 2018 - 20 Aug 2018,North Kivu | Mabalako,Confirmed,37,0,0,8
2018-08-26,2018-08-20,20 Aug 2018 - 26 Aug 2018,North Kivu | Mabalako,Confirmed,3,0,0,6
2018-09-02,2018-08-26,26 Aug 2018 - 2 Sep 2018,North Kivu | Mabalako,Confirmed,1,0,0,7
2018-09-09,2018-09-02,2 Sep 2018 - 9 Sep 2018,North Kivu | Mabalako,Confirmed,1,0,0,7
2018-09-16,2018-09-09,9 Sep 2018 - 16 Sep 2018,North Kivu | Mabalako,Confirmed,2,0,0,7
2018-09-23,2018-09-16,16 Sep 2018 - 23 Sep 2018,North Kivu | Mabalako,Confirmed,1,0,0,7
2018-10-02,2018-09-23,23 Sep 2018 - 2 Oct 2018,North Kivu | Mabalako,Confirmed,0,0,0,9
2018-10-07,2018-10-02,2 Oct 2018 - 7 Oct 2018,North Kivu | Mabalako,Confirmed,1,0,0,5
2018-10-15,2018-10-07,7 Oct 2018 - 15 Oct 2018,North Kivu | Mabalako,Confirmed,1,0,0,8
2018-10-21,2018-10-15,15 Oct 2018 - 21 Oct 2018,North Kivu | Mabalako,Confirmed,0,0,0,6
2018-10-28,2018-10-21,21 Oct 2018 - 28 Oct 2018,North Kivu | Mabalako,Confirmed,0,0,0,7
2018-11-04,2018-10-28,28 Oct 2018 - 4 Nov 2018,North Kivu | Mabalako,Confirmed,2,0,0,7
2018-11-11,2018-11-04,4 Nov 2018 - 11 Nov 2018,North Kivu | Mabalako,Confirmed,-6,1,0,7
2018-11-19,2018-11-11,11 Nov 2018 - 19 Nov 2018,North Kivu | Mabalako,Confirmed,0,0,0,8
2018-11-26,2018-11-19,19 Nov 2018 - 26 Nov 2018,North Kivu | Mabalako,Confirmed,0,0,0,7
2018-12-03,2018-11-26,26 Nov 2018 - 3 Dec 2018,North Kivu | Mabalako,Confirmed,1,0,0,7
2018-12-10,2018-12-03,3 Dec 2018 - 10 Dec 2018,North Kivu | Mabalako,Confirmed,5,0,0,7
2018-12-16,2018-12-10,10 Dec 2018 - 16 Dec 2018,North Kivu | Mabalako,Confirmed,6,0,0,6
2018-12-25,2018-12-16,16 Dec 2018 - 25 Dec 2018,North Kivu | Mabalako,Confirmed,6,0,0,9
2019-01-01,2018-12-25,25 Dec 2018 - 1 Jan 2019,North Kivu | Mabalako,Confirmed,1,0,0,7
2019-01-06,2019-01-01,1 Jan 2019 - 6 Jan 2019,North Kivu | Mabalako,Confirmed,3,0,0,5
2019-01-14,2019-01-06,6 Jan 2019 - 14 Jan 2019,North Kivu | Mabalako,Confirmed,0,0,0,8
2019-01-21,2019-01-14,14 Jan 2019 - 21 Jan 2019,North Kivu | Mabalako,Confirmed,1,0,0,7
2019-01-28,2019-01-21,21 Jan 2019 - 28 Jan 2019,North Kivu | Mabalako,Confirmed,-2,1,0,7
2019-02-03,2019-01-28,28 Jan 2019 - 3 Feb 2019,North Kivu | Mabalako,Confirmed,1,0,0,6
2019-02-10,2019-02-03,3 Feb 2019 - 10 Feb 2019,North Kivu | Mabalako,Confirmed,1,0,0,7
2019-02-17,2019-02-10,10 Feb 2019 - 17 Feb 2019,North Kivu | Mabalako,Confirmed,0,0,0,7
2019-02-24,2019-02-17,17 Feb 2019 - 24 Feb 2019,North Kivu | Mabalako,Confirmed,0,0,0,7
2019-03-03,2019-02-24,24 Feb 2019 - 3 Mar 2019,North Kivu | Mabalako,Confirmed,0,0,0,7
2019-03-10,2019-03-03,3 Mar 2019 - 10 Mar 2019,North Kivu | Mabalako,Confirmed,0,0,0,7
2019-03-17,2019-03-10,10 Mar 2019 - 17 Mar 2019,North Kivu | Mabalako,Confirmed,1,0,0,7
2019-03-24,2019-03-17,17 Mar 2019 - 24 Mar 2019,North Kivu | Mabalako,Confirmed,-1,1,0,7
2019-03-31,2019-03-24,24 Mar 2019 - 31 Mar 2019,North Kivu | Mabalako,Confirmed,0,0,0,7
2019-04-07,2019-03-31,31 Mar 2019 - 7 Apr 2019,North Kivu | Mabalako,Confirmed,1,0,0,7
2019-04-14,2019-04-07,7 Apr 2019 - 14 Apr 2019,North Kivu | Mabalako,Confirmed,4,0,0,7
2019-04-22,2019-04-14,14 Apr 2019 - 22 Apr 2019,North Kivu | Mabalako,Confirmed,3,0,0,8
2019-04-28,2019-04-22,22 Apr 2019 - 28 Apr 2019,North Kivu | Mabalako,Confirmed,12,0,0,6
2019-05-05,2019-04-28,28 Apr 2019 - 5 May 2019,North Kivu | Mabalako,Confirmed,9,0,0,7
2019-05-12,2019-05-05,5 May 2019 - 12 May 2019,North Kivu | Mabalako,Confirmed,23,0,0,7
2019-05-19,2019-05-12,12 May 2019 - 19 May 2019,North Kivu | Mabalako,Confirmed,30,0,0,7
2019-05-26,2019-05-19,19 May 2019 - 26 May 2019,North Kivu | Mabalako,Confirmed,19,0,0,7
2019-06-02,2019-05-26,26 May 2019 - 2 Jun 2019,North Kivu | Mabalako,Confirmed,30,0,0,7
2019-06-12,2019-06-02,2 Jun 2019 - 12 Jun 2019,North Kivu | Mabalako,Confirmed,17,0,0,10
2019-06-16,2019-06-12,12 Jun 2019 - 16 Jun 2019,North Kivu | Mabalako,Confirmed,47,0,0,4
2019-06-23,2019-06-16,16 Jun 2019 - 23 Jun 2019,North Kivu | Mabalako,Confirmed,20,0,0,7
2019-06-30,2019-06-23,23 Jun 2019 - 30 Jun 2019,North Kivu | Mabalako,Confirmed,20,0,0,7
2019-07-07,2019-06-30,30 Jun 2019 - 7 Jul 2019,North Kivu | Mabalako,Confirmed,14,0,0,7
2019-07-14,2019-07-07,7 Jul 2019 - 14 Jul 2019,North Kivu | Mabalako,Confirmed,7,0,0,7
2019-07-21,2019-07-14,14 Jul 2019 - 21 Jul 2019,North Kivu | Mabalako,Confirmed,7,0,0,7
2019-07-28,2019-07-21,21 Jul 2019 - 28 Jul 2019,North Kivu | Mabalako,Confirmed,1,0,0,7
2019-08-04,2019-07-28,28 Jul 2019 - 4 Aug 2019,North Kivu | Mabalako,Confirmed,11,0,0,7
2019-08-11,2019-08-04,4 Aug 2019 - 11 Aug 2019,North Kivu | Mabalako,Confirmed,1,0,0,7
2019-08-18,2019-08-11,11 Aug 2019 - 18 Aug 2019,North Kivu | Mabalako,Confirmed,0,0,0,7
2019-08-25,2019-08-18,18 Aug 2019 - 25 Aug 2019,North Kivu | Mabalako,Confirmed,3,0,0,7
2019-09-01,2019-08-25,25 Aug 2019 - 1 Sep 2019,North Kivu | Mabalako,Confirmed,2,0,0,7
2019-09-08,2019-09-01,1 Sep 2019 - 8 Sep 2019,North Kivu | Mabalako,Confirmed,0,0,0,7
2019-09-15,2019-09-08,8 Sep 2019 - 15 Sep 2019,North Kivu | Mabalako,Confirmed,2,0,0,7
2019-09-22,2019-09-15,15 Sep 2019 - 22 Sep 2019,North Kivu | Mabalako,Confirmed,0,0,0,7
2019-09-29,2019-09-22,22 Sep 2019 - 29 Sep 2019,North Kivu | Mabalako,Confirmed,0,0,0,7
2019-10-06,2019-09-29,29 Sep 2019 - 6 Oct 2019,North Kivu | Mabalako,Confirmed,0,0,0,7
2019-10-13,2019-10-06,6 Oct 2019 - 13 Oct 2019,North Kivu | Mabalako,Confirmed,0,0,0,7
2019-10-20,2019-10-13,13 Oct 2019 - 20 Oct 2019,North Kivu | Mabalako,Confirmed,3,0,0,7
2019-10-27,2019-10-20,20 Oct 2019 - 27 Oct 2019,North Kivu | Mabalako,Confirmed,7,0,0,7
2019-11-03,2019-10-27,27 Oct 2019 - 3 Nov 2019,North Kivu | Mabalako,Confirmed,3,0,0,7
2019-11-10,2019-11-03,3 Nov 2019 - 10 Nov 2019,North Kivu | Mabalako,Confirmed,6,0,0,7
2019-11-17,2019-11-10,10 Nov 2019 - 17 Nov 2019,North Kivu | Mabalako,Confirmed,5,0,0,7
2019-11-24,2019-11-17,17 Nov 2019 - 24 Nov 2019,North Kivu | Mabalako,Confirmed,4,0,0,7
2019-12-01,2019-11-24,24 Nov 2019 - 1 Dec 2019,North Kivu | Mabalako,Confirmed,5,0,0,7
2019-12-08,2019-12-01,1 Dec 2019 - 8 Dec 2019,North Kivu | Mabalako,Confirmed,3,0,0,7
2019-12-15,2019-12-08,8 Dec 2019 - 15 Dec 2019,North Kivu | Mabalako,Confirmed,22,0,0,7
2019-12-22,2019-12-15,15 Dec 2019 - 22 Dec 2019,North Kivu | Mabalako,Confirmed,12,0,0,7
2020-01-05,2019-12-22,22 Dec 2019 - 5 Jan 2020,North Kivu | Mabalako,Confirmed,9,0,0,14
2020-01-12,2020-01-05,5 Jan 2020 - 12 Jan 2020,North Kivu | Mabalako,Confirmed,4,0,0,7
2020-01-19,2020-01-12,12 Jan 2020 - 19 Jan 2020,North Kivu | Mabalako,Confirmed,6,0,0,7
2020-01-26,2020-01-19,19 Jan 2020 - 26 Jan 2020,North Kivu | Mabalako,Confirmed,0,0,0,7
2018-08-05,,unknown - 5 August 2018,North Kivu | Mabalako,Probable,21,0,1,
2018-08-12,2018-08-05,5 Aug 2018 - 12 Aug 2018,North Kivu | Mabalako,Probable,0,0,0,7
2018-08-20,2018-08-12,12 Aug 2018 - 20 Aug 2018,North Kivu | Mabalako,Probable,0,0,0,8
2018-08-26,2018-08-20,20 Aug 2018 - 26 Aug 2018,North Kivu | Mabalako,Probable,0,0,0,6
2018-09-02,2018-08-26,26 Aug 2018 - 2 Sep 2018,North Kivu | Mabalako,Probable,0,0,0,7
2018-09-09,2018-09-02,2 Sep 2018 - 9 Sep 2018,North Kivu | Mabalako,Probable,0,0,0,7
2018-09-16,2018-09-09,9 Sep 2018 - 16 Sep 2018,North Kivu | Mabalako,Probable,0,0,0,7
2018-09-23,2018-09-16,16 Sep 2018 - 23 Sep 2018,North Kivu | Mabalako,Probable,0,0,0,7
2018-10-02,2018-09-23,23 Sep 2018 - 2 Oct 2018,North Kivu | Mabalako,Probable,0,0,0,9
2018-10-07,2018-10-02,2 Oct 2018 - 7 Oct 2018,North Kivu | Mabalako,Probable,0,0,0,5
2018-10-15,2018-10-07,7 Oct 2018 - 15 Oct 2018,North Kivu | Mabalako,Probable,0,0,0,8
2018-10-21,2018-10-15,15 Oct 2018 - 21 Oct 2018,North Kivu | Mabalako,Probable,0,0,0,6
2018-10-28,2018-10-21,21 Oct 2018 - 28 Oct 2018,North Kivu | Mabalako,Probable,0,0,0,7
2018-11-04,2018-10-28,28 Oct 2018 - 4 Nov 2018,North Kivu | Mabalako,Probable,0,0,0,7
2018-11-11,2018-11-04,4 Nov 2018 - 11 Nov 2018,North Kivu | Mabalako,Probable,-7,1,0,7
2018-11-19,2018-11-11,11 Nov 2018 - 19 Nov 2018,North Kivu | Mabalako,Probable,2,0,0,8
2018-11-26,2018-11-19,19 Nov 2018 - 26 Nov 2018,North Kivu | Mabalako,Probable,0,0,0,7
2018-12-03,2018-11-26,26 Nov 2018 - 3 Dec 2018,North Kivu | Mabalako,Probable,0,0,0,7
2018-12-10,2018-12-03,3 Dec 2018 - 10 Dec 2018,North Kivu | Mabalako,Probable,0,0,0,7
2018-12-16,2018-12-10,10 Dec 2018 - 16 Dec 2018,North Kivu | Mabalako,Probable,0,0,0,6
2018-12-25,2018-12-16,16 Dec 2018 - 25 Dec 2018,North Kivu | Mabalako,Probable,0,0,0,9
2019-01-01,2018-12-25,25 Dec 2018 - 1 Jan 2019,North Kivu | Mabalako,Probable,0,0,0,7
2019-01-06,2019-01-01,1 Jan 2019 - 6 Jan 2019,North Kivu | Mabalako,Probable,0,0,0,5
2019-01-14,2019-01-06,6 Jan 2019 - 14 Jan 2019,North Kivu | Mabalako,Probable,0,0,0,8
2019-01-21,2019-01-14,14 Jan 2019 - 21 Jan 2019,North Kivu | Mabalako,Probable,0,0,0,7
2019-01-28,2019-01-21,21 Jan 2019 - 28 Jan 2019,North Kivu | Mabalako,Probable,0,0,0,7
2019-02-03,2019-01-28,28 Jan 2019 - 3 Feb 2019,North Kivu | Mabalako,Probable,0,0,0,6
2019-02-10,2019-02-03,3 Feb 2019 - 10 Feb 2019,North Kivu | Mabalako,Probable,0,0,0,7
2019-02-17,2019-02-10,10 Feb 2019 - 17 Feb 2019,North Kivu | Mabalako,Probable,0,0,0,7
2019-02-24,2019-02-17,17 Feb 2019 - 24 Feb 2019,North Kivu | Mabalako,Probable,0,0,0,7
2019-03-03,2019-02-24,24 Feb 2019 - 3 Mar 2019,North Kivu | Mabalako,Probable,0,0,0,7
2019-03-10,2019-03-03,3 Mar 2019 - 10 Mar 2019,North Kivu | Mabalako,Probable,0,0,0,7
2019-03-17,2019-03-10,10 Mar 2019 - 17 Mar 2019,North Kivu | Mabalako,Probable,0,0,0,7
2019-03-24,2019-03-17,17 Mar 2019 - 24 Mar 2019,North Kivu | Mabalako,Probable,0,0,0,7
2019-03-31,2019-03-24,24 Mar 2019 - 31 Mar 2019,North Kivu | Mabalako,Probable,0,0,0,7
2019-04-07,2019-03-31,31 Mar 2019 - 7 Apr 2019,North Kivu | Mabalako,Probable,0,0,0,7
2019-04-14,2019-04-07,7 Apr 2019 - 14 Apr 2019,North Kivu | Mabalako,Probable,0,0,0,7
2019-04-22,2019-04-14,14 Apr 2019 - 22 Apr 2019,North Kivu | Mabalako,Probable,0,0,0,8
2019-04-28,2019-04-22,22 Apr 2019 - 28 Apr 2019,North Kivu | Mabalako,Probable,0,0,0,6
2019-05-05,2019-04-28,28 Apr 2019 - 5 May 2019,North Kivu | Mabalako,Probable,0,0,0,7
2019-05-12,2019-05-05,5 May 2019 - 12 May 2019,North Kivu | Mabalako,Probable,0,0,0,7
2019-05-19,2019-05-12,12 May 2019 - 19 May 2019,North Kivu | Mabalako,Probable,0,0,0,7
2019-05-26,2019-05-19,19 May 2019 - 26 May 2019,North Kivu | Mabalako,Probable,0,0,0,7
2019-06-02,2019-05-26,26 May 2019 - 2 Jun 2019,North Kivu | Mabalako,Probable,0,0,0,7
2019-06-12,2019-06-02,2 Jun 2019 - 12 Jun 2019,North Kivu | Mabalako,Probable,0,0,0,10
2019-06-16,2019-06-12,12 Jun 2019 - 16 Jun 2019,North Kivu | Mabalako,Probable,0,0,0,4
2019-06-23,2019-06-16,16 Jun 2019 - 23 Jun 2019,North Kivu | Mabalako,Probable,0,0,0,7
2019-06-30,2019-06-23,23 Jun 2019 - 30 Jun 2019,North Kivu | Mabalako,Probable,0,0,0,7
2019-07-07,2019-06-30,30 Jun 2019 - 7 Jul 2019,North Kivu | Mabalako,Probable,0,0,0,7
2019-07-14,2019-07-07,7 Jul 2019 - 14 Jul 2019,North Kivu | Mabalako,Probable,0,0,0,7
2019-07-21,2019-07-14,14 Jul 2019 - 21 Jul 2019,North Kivu | Mabalako,Probable,0,0,0,7
2019-07-28,2019-07-21,21 Jul 2019 - 28 Jul 2019,North Kivu | Mabalako,Probable,0,0,0,7
2019-08-04,2019-07-28,28 Jul 2019 - 4 Aug 2019,North Kivu | Mabalako,Probable,0,0,0,7
2019-08-11,2019-08-04,4 Aug 2019 - 11 Aug 2019,North Kivu | Mabalako,Probable,0,0,0,7
2019-08-18,2019-08-11,11 Aug 2019 - 18 Aug 2019,North Kivu | Mabalako,Probable,0,0,0,7
2019-08-25,2019-08-18,18 Aug 2019 - 25 Aug 2019,North Kivu | Mabalako,Probable,1,0,0,7
2019-09-01,2019-08-25,25 Aug 2019 - 1 Sep 2019,North Kivu | Mabalako,Probable,0,0,0,7
2019-09-08,2019-09-01,1 Sep 2019 - 8 Sep 2019,North Kivu | Mabalako,Probable,0,0,0,7
2019-09-15,2019-09-08,8 Sep 2019 - 15 Sep 2019,North Kivu | Mabalako,Probable,0,0,0,7
2019-09-22,2019-09-15,15 Sep 2019 - 22 Sep 2019,North Kivu | Mabalako,Probable,0,0,0,7
2019-09-29,2019-09-22,22 Sep 2019 - 29 Sep 2019,North Kivu | Mabalako,Probable,0,0,0,7
2019-10-06,2019-09-29,29 Sep 2019 - 6 Oct 2019,North Kivu | Mabalako,Probable,0,0,0,7
2019-10-13,2019-10-06,6 Oct 2019 - 13 Oct 2019,North Kivu | Mabalako,Probable,0,0,0,7
2019-10-20,2019-10-13,13 Oct 2019 - 20 Oct 2019,North Kivu | Mabalako,Probable,0,0,0,7
2019-10-27,2019-10-20,20 Oct 2019 - 27 Oct 2019,North Kivu | Mabalako,Probable,0,0,0,7
2019-11-03,2019-10-27,27 Oct 2019 - 3 Nov 2019,North Kivu | Mabalako,Probable,0,0,0,7
2019-11-10,2019-11-03,3 Nov 2019 - 10 Nov 2019,North Kivu | Mabalako,Probable,0,0,0,7
2019-11-17,2019-11-10,10 Nov 2019 - 17 Nov 2019,North Kivu | Mabalako,Probable,0,0,0,7
2019-11-24,2019-11-17,17 Nov 2019 - 24 Nov 2019,North Kivu | Mabalako,Probable,0,0,0,7
2019-12-01,2019-11-24,24 Nov 2019 - 1 Dec 2019,North Kivu | Mabalako,Probable,0,0,0,7
2019-12-08,2019-12-01,1 Dec 2019 - 8 Dec 2019,North Kivu | Mabalako,Probable,0,0,0,7
2019-12-15,2019-12-08,8 Dec 2019 - 15 Dec 2019,North Kivu | Mabalako,Probable,0,0,0,7
2019-12-22,2019-12-15,15 Dec 2019 - 22 Dec 2019,North Kivu | Mabalako,Probable,0,0,0,7
2020-01-05,2019-12-22,22 Dec 2019 - 5 Jan 2020,North Kivu | Mabalako,Probable,0,0,0,14
2020-01-12,2020-01-05,5 Jan 2020 - 12 Jan 2020,North Kivu | Mabalako,Probable,0,0,0,7
2020-01-19,2020-01-12,12 Jan 2020 - 19 Jan 2020,North Kivu | Mabalako,Probable,1,0,0,7
2020-01-26,2020-01-19,19 Jan 2020 - 26 Jan 2020,North Kivu | Mabalako,Probable,0,0,0,7
2018-08-05,,unknown - 5 August 2018,North Kivu | Manguredjipa,Confirmed,0,0,1,
2018-08-12,2018-08-05,5 Aug 2018 - 12 Aug 2018,North Kivu | Manguredjipa,Confirmed,0,0,0,7
2018-08-20,2018-08-12,12 Aug 2018 - 20 Aug 2018,North Kivu | Manguredjipa,Confirmed,0,0,0,8
2018-08-26,2018-08-20,20 Aug 2018 - 26 Aug 2018,North Kivu | Manguredjipa,Confirmed,0,0,0,6
2018-09-02,2018-08-26,26 Aug 2018 - 2 Sep 2018,North Kivu | Manguredjipa,Confirmed,0,0,0,7
2018-09-09,2018-09-02,2 Sep 2018 - 9 Sep 2018,North Kivu | Manguredjipa,Confirmed,0,0,0,7
2018-09-16,2018-09-09,9 Sep 2018 - 16 Sep 2018,North Kivu | Manguredjipa,Confirmed,0,0,0,7
2018-09-23,2018-09-16,16 Sep 2018 - 23 Sep 2018,North Kivu | Manguredjipa,Confirmed,0,0,0,7
2018-10-02,2018-09-23,23 Sep 2018 - 2 Oct 2018,North Kivu | Manguredjipa,Confirmed,0,0,0,9
2018-10-07,2018-10-02,2 Oct 2018 - 7 Oct 2018,North Kivu | Manguredjipa,Confirmed,0,0,0,5
2018-10-15,2018-10-07,7 Oct 2018 - 15 Oct 2018,North Kivu | Manguredjipa,Confirmed,0,0,0,8
2018-10-21,2018-10-15,15 Oct 2018 - 21 Oct 2018,North Kivu | Manguredjipa,Confirmed,0,0,0,6
2018-10-28,2018-10-21,21 Oct 2018 - 28 Oct 2018,North Kivu | Manguredjipa,Confirmed,0,0,0,7
2018-11-04,2018-10-28,28 Oct 2018 - 4 Nov 2018,North Kivu | Manguredjipa,Confirmed,0,0,0,7
2018-11-11,2018-11-04,4 Nov 2018 - 11 Nov 2018,North Kivu | Manguredjipa,Confirmed,0,0,0,7
2018-11-19,2018-11-11,11 Nov 2018 - 19 Nov 2018,North Kivu | Manguredjipa,Confirmed,0,0,0,8
2018-11-26,2018-11-19,19 Nov 2018 - 26 Nov 2018,North Kivu | Manguredjipa,Confirmed,0,0,0,7
2018-12-03,2018-11-26,26 Nov 2018 - 3 Dec 2018,North Kivu | Manguredjipa,Confirmed,0,0,0,7
2018-12-10,2018-12-03,3 Dec 2018 - 10 Dec 2018,North Kivu | Manguredjipa,Confirmed,0,0,0,7
2018-12-16,2018-12-10,10 Dec 2018 - 16 Dec 2018,North Kivu | Manguredjipa,Confirmed,0,0,0,6
2018-12-25,2018-12-16,16 Dec 2018 - 25 Dec 2018,North Kivu | Manguredjipa,Confirmed,0,0,0,9
2019-01-01,2018-12-25,25 Dec 2018 - 1 Jan 2019,North Kivu | Manguredjipa,Confirmed,0,0,0,7
2019-01-06,2019-01-01,1 Jan 2019 - 6 Jan 2019,North Kivu | Manguredjipa,Confirmed,0,0,0,5
2019-01-14,2019-01-06,6 Jan 2019 - 14 Jan 2019,North Kivu | Manguredjipa,Confirmed,1,0,0,8
2019-01-21,2019-01-14,14 Jan 2019 - 21 Jan 2019,North Kivu | Manguredjipa,Confirmed,0,0,0,7
2019-01-28,2019-01-21,21 Jan 2019 - 28 Jan 2019,North Kivu | Manguredjipa,Confirmed,3,0,0,7
2019-02-03,2019-01-28,28 Jan 2019 - 3 Feb 2019,North Kivu | Manguredjipa,Confirmed,1,0,0,6
2019-02-10,2019-02-03,3 Feb 2019 - 10 Feb 2019,North Kivu | Manguredjipa,Confirmed,0,0,0,7
2019-02-17,2019-02-10,10 Feb 2019 - 17 Feb 2019,North Kivu | Manguredjipa,Confirmed,0,0,0,7
2019-02-24,2019-02-17,17 Feb 2019 - 24 Feb 2019,North Kivu | Manguredjipa,Confirmed,0,0,0,7
2019-03-03,2019-02-24,24 Feb 2019 - 3 Mar 2019,North Kivu | Manguredjipa,Confirmed,0,0,0,7
2019-03-10,2019-03-03,3 Mar 2019 - 10 Mar 2019,North Kivu | Manguredjipa,Confirmed,0,0,0,7
2019-03-17,2019-03-10,10 Mar 2019 - 17 Mar 2019,North Kivu | Manguredjipa,Confirmed,0,0,0,7
2019-03-24,2019-03-17,17 Mar 2019 - 24 Mar 2019,North Kivu | Manguredjipa,Confirmed,0,0,0,7
2019-03-31,2019-03-24,24 Mar 2019 - 31 Mar 2019,North Kivu | Manguredjipa,Confirmed,0,0,0,7
2019-04-07,2019-03-31,31 Mar 2019 - 7 Apr 2019,North Kivu | Manguredjipa,Confirmed,0,0,0,7
2019-04-14,2019-04-07,7 Apr 2019 - 14 Apr 2019,North Kivu | Manguredjipa,Confirmed,0,0,0,7
2019-04-22,2019-04-14,14 Apr 2019 - 22 Apr 2019,North Kivu | Manguredjipa,Confirmed,0,0,0,8
2019-04-28,2019-04-22,22 Apr 2019 - 28 Apr 2019,North Kivu | Manguredjipa,Confirmed,0,0,0,6
2019-05-05,2019-04-28,28 Apr 2019 - 5 May 2019,North Kivu | Manguredjipa,Confirmed,0,0,0,7
2019-05-12,2019-05-05,5 May 2019 - 12 May 2019,North Kivu | Manguredjipa,Confirmed,5,0,0,7
2019-05-19,2019-05-12,12 May 2019 - 19 May 2019,North Kivu | Manguredjipa,Confirmed,1,0,0,7
2019-05-26,2019-05-19,19 May 2019 - 26 May 2019,North Kivu | Manguredjipa,Confirmed,0,0,0,7
2019-06-02,2019-05-26,26 May 2019 - 2 Jun 2019,North Kivu | Manguredjipa,Confirmed,1,0,0,7
2019-06-12,2019-06-02,2 Jun 2019 - 12 Jun 2019,North Kivu | Manguredjipa,Confirmed,2,0,0,10
2019-06-16,2019-06-12,12 Jun 2019 - 16 Jun 2019,North Kivu | Manguredjipa,Confirmed,1,0,0,4
2019-06-23,2019-06-16,16 Jun 2019 - 23 Jun 2019,North Kivu | Manguredjipa,Confirmed,1,0,0,7
2019-06-30,2019-06-23,23 Jun 2019 - 30 Jun 2019,North Kivu | Manguredjipa,Confirmed,1,0,0,7
2019-07-07,2019-06-30,30 Jun 2019 - 7 Jul 2019,North Kivu | Manguredjipa,Confirmed,1,0,0,7
2019-07-14,2019-07-07,7 Jul 2019 - 14 Jul 2019,North Kivu | Manguredjipa,Confirmed,1,0,0,7
2019-07-21,2019-07-14,14 Jul 2019 - 21 Jul 2019,North Kivu | Manguredjipa,Confirmed,1,0,0,7
2019-07-28,2019-07-21,21 Jul 2019 - 28 Jul 2019,North Kivu | Manguredjipa,Confirmed,0,0,0,7
2019-08-04,2019-07-28,28 Jul 2019 - 4 Aug 2019,North Kivu | Manguredjipa,Confirmed,-2,1,0,7
2019-08-11,2019-08-04,4 Aug 2019 - 11 Aug 2019,North Kivu | Manguredjipa,Confirmed,0,0,0,7
2019-08-18,2019-08-11,11 Aug 2019 - 18 Aug 2019,North Kivu | Manguredjipa,Confirmed,0,0,0,7
2019-08-25,2019-08-18,18 Aug 2019 - 25 Aug 2019,North Kivu | Manguredjipa,Confirmed,0,0,0,7
2019-09-01,2019-08-25,25 Aug 2019 - 1 Sep 2019,North Kivu | Manguredjipa,Confirmed,0,0,0,7
2019-09-08,2019-09-01,1 Sep 2019 - 8 Sep 2019,North Kivu | Manguredjipa,Confirmed,0,0,0,7
2019-09-15,2019-09-08,8 Sep 2019 - 15 Sep 2019,North Kivu | Manguredjipa,Confirmed,0,0,0,7
2019-09-22,2019-09-15,15 Sep 2019 - 22 Sep 2019,North Kivu | Manguredjipa,Confirmed,0,0,0,7
2019-09-29,2019-09-22,22 Sep 2019 - 29 Sep 2019,North Kivu | Manguredjipa,Confirmed,0,0,0,7
2019-10-06,2019-09-29,29 Sep 2019 - 6 Oct 2019,North Kivu | Manguredjipa,Confirmed,0,0,0,7
2019-10-13,2019-10-06,6 Oct 2019 - 13 Oct 2019,North Kivu | Manguredjipa,Confirmed,0,0,0,7
2019-10-20,2019-10-13,13 Oct 2019 - 20 Oct 2019,North Kivu | Manguredjipa,Confirmed,0,0,0,7
2019-10-27,2019-10-20,20 Oct 2019 - 27 Oct 2019,North Kivu | Manguredjipa,Confirmed,0,0,0,7
2019-11-03,2019-10-27,27 Oct 2019 - 3 Nov 2019,North Kivu | Manguredjipa,Confirmed,0,0,0,7
2019-11-10,2019-11-03,3 Nov 2019 - 10 Nov 2019,North Kivu | Manguredjipa,Confirmed,0,0,0,7
2019-11-17,2019-11-10,10 Nov 2019 - 17 Nov 2019,North Kivu | Manguredjipa,Confirmed,0,0,0,7
2019-11-24,2019-11-17,17 Nov 2019 - 24 Nov 2019,North Kivu | Manguredjipa,Confirmed,0,0,0,7
2019-12-01,2019-11-24,24 Nov 2019 - 1 Dec 2019,North Kivu | Manguredjipa,Confirmed,0,0,0,7
2019-12-08,2019-12-01,1 Dec 2019 - 8 Dec 2019,North Kivu | Manguredjipa,Confirmed,0,0,0,7
2019-12-15,2019-12-08,8 Dec 2019 - 15 Dec 2019,North Kivu | Manguredjipa,Confirmed,0,0,0,7
2019-12-22,2019-12-15,15 Dec 2019 - 22 Dec 2019,North Kivu | Manguredjipa,Confirmed,0,0,0,7
2020-01-05,2019-12-22,22 Dec 2019 - 5 Jan 2020,North Kivu | Manguredjipa,Confirmed,0,0,0,14
2020-01-12,2020-01-05,5 Jan 2020 - 12 Jan 2020,North Kivu | Manguredjipa,Confirmed,0,0,0,7
2020-01-19,2020-01-12,12 Jan 2020 - 19 Jan 2020,North Kivu | Manguredjipa,Confirmed,0,0,0,7
2020-01-26,2020-01-19,19 Jan 2020 - 26 Jan 2020,North Kivu | Manguredjipa,Confirmed,0,0,0,7
2018-08-05,,unknown - 5 August 2018,North Kivu | Manguredjipa,Probable,0,0,1,
2018-08-12,2018-08-05,5 Aug 2018 - 12 Aug 2018,North Kivu | Manguredjipa,Probable,0,0,0,7
2018-08-20,2018-08-12,12 Aug 2018 - 20 Aug 2018,North Kivu | Manguredjipa,Probable,0,0,0,8
2018-08-26,2018-08-20,20 Aug 2018 - 26 Aug 2018,North Kivu | Manguredjipa,Probable,0,0,0,6
2018-09-02,2018-08-26,26 Aug 2018 - 2 Sep 2018,North Kivu | Manguredjipa,Probable,0,0,0,7
2018-09-09,2018-09-02,2 Sep 2018 - 9 Sep 2018,North Kivu | Manguredjipa,Probable,0,0,0,7
2018-09-16,2018-09-09,9 Sep 2018 - 16 Sep 2018,North Kivu | Manguredjipa,Probable,0,0,0,7
2018-09-23,2018-09-16,16 Sep 2018 - 23 Sep 2018,North Kivu | Manguredjipa,Probable,0,0,0,7
2018-10-02,2018-09-23,23 Sep 2018 - 2 Oct 2018,North Kivu | Manguredjipa,Probable,0,0,0,9
2018-10-07,2018-10-02,2 Oct 2018 - 7 Oct 2018,North Kivu | Manguredjipa,Probable,0,0,0,5
2018-10-15,2018-10-07,7 Oct 2018 - 15 Oct 2018,North Kivu | Manguredjipa,Probable,0,0,0,8
2018-10-21,2018-10-15,15 Oct 2018 - 21 Oct 2018,North Kivu | Manguredjipa,Probable,0,0,0,6
2018-10-28,2018-10-21,21 Oct 2018 - 28 Oct 2018,North Kivu | Manguredjipa,Probable,0,0,0,7
2018-11-04,2018-10-28,28 Oct 2018 - 4 Nov 2018,North Kivu | Manguredjipa,Probable,0,0,0,7
2018-11-11,2018-11-04,4 Nov 2018 - 11 Nov 2018,North Kivu | Manguredjipa,Probable,0,0,0,7
2018-11-19,2018-11-11,11 Nov 2018 - 19 Nov 2018,North Kivu | Manguredjipa,Probable,0,0,0,8
2018-11-26,2018-11-19,19 Nov 2018 - 26 Nov 2018,North Kivu | Manguredjipa,Probable,0,0,0,7
2018-12-03,2018-11-26,26 Nov 2018 - 3 Dec 2018,North Kivu | Manguredjipa,Probable,0,0,0,7
2018-12-10,2018-12-03,3 Dec 2018 - 10 Dec 2018,North Kivu | Manguredjipa,Probable,0,0,0,7
2018-12-16,2018-12-10,10 Dec 2018 - 16 Dec 2018,North Kivu | Manguredjipa,Probable,0,0,0,6
2018-12-25,2018-12-16,16 Dec 2018 - 25 Dec 2018,North Kivu | Manguredjipa,Probable,0,0,0,9
2019-01-01,2018-12-25,25 Dec 2018 - 1 Jan 2019,North Kivu | Manguredjipa,Probable,0,0,0,7
2019-01-06,2019-01-01,1 Jan 2019 - 6 Jan 2019,North Kivu | Manguredjipa,Probable,0,0,0,5
2019-01-14,2019-01-06,6 Jan 2019 - 14 Jan 2019,North Kivu | Manguredjipa,Probable,0,0,0,8
2019-01-21,2019-01-14,14 Jan 2019 - 21 Jan 2019,North Kivu | Manguredjipa,Probable,0,0,0,7
2019-01-28,2019-01-21,21 Jan 2019 - 28 Jan 2019,North Kivu | Manguredjipa,Probable,0,0,0,7
2019-02-03,2019-01-28,28 Jan 2019 - 3 Feb 2019,North Kivu | Manguredjipa,Probable,0,0,0,6
2019-02-10,2019-02-03,3 Feb 2019 - 10 Feb 2019,North Kivu | Manguredjipa,Probable,0,0,0,7
2019-02-17,2019-02-10,10 Feb 2019 - 17 Feb 2019,North Kivu | Manguredjipa,Probable,0,0,0,7
2019-02-24,2019-02-17,17 Feb 2019 - 24 Feb 2019,North Kivu | Manguredjipa,Probable,0,0,0,7
2019-03-03,2019-02-24,24 Feb 2019 - 3 Mar 2019,North Kivu | Manguredjipa,Probable,0,0,0,7
2019-03-10,2019-03-03,3 Mar 2019 - 10 Mar 2019,North Kivu | Manguredjipa,Probable,0,0,0,7
2019-03-17,2019-03-10,10 Mar 2019 - 17 Mar 2019,North Kivu | Manguredjipa,Probable,0,0,0,7
2019-03-24,2019-03-17,17 Mar 2019 - 24 Mar 2019,North Kivu | Manguredjipa,Probable,0,0,0,7
2019-03-31,2019-03-24,24 Mar 2019 - 31 Mar 2019,North Kivu | Manguredjipa,Probable,0,0,0,7
2019-04-07,2019-03-31,31 Mar 2019 - 7 Apr 2019,North Kivu | Manguredjipa,Probable,0,0,0,7
2019-04-14,2019-04-07,7 Apr 2019 - 14 Apr 2019,North Kivu | Manguredjipa,Probable,0,0,0,7
2019-04-22,2019-04-14,14 Apr 2019 - 22 Apr 2019,North Kivu | Manguredjipa,Probable,0,0,0,8
2019-04-28,2019-04-22,22 Apr 2019 - 28 Apr 2019,North Kivu | Manguredjipa,Probable,0,0,0,6
2019-05-05,2019-04-28,28 Apr 2019 - 5 May 2019,North Kivu | Manguredjipa,Probable,0,0,0,7
2019-05-12,2019-05-05,5 May 2019 - 12 May 2019,North Kivu | Manguredjipa,Probable,0,0,0,7
2019-05-19,2019-05-12,12 May 2019 - 19 May 2019,North Kivu | Manguredjipa,Probable,0,0,0,7
2019-05-26,2019-05-19,19 May 2019 - 26 May 2019,North Kivu | Manguredjipa,Probable,0,0,0,7
2019-06-02,2019-05-26,26 May 2019 - 2 Jun 2019,North Kivu | Manguredjipa,Probable,0,0,0,7
2019-06-12,2019-06-02,2 Jun 2019 - 12 Jun 2019,North Kivu | Manguredjipa,Probable,0,0,0,10
2019-06-16,2019-06-12,12 Jun 2019 - 16 Jun 2019,North Kivu | Manguredjipa,Probable,0,0,0,4
2019-06-23,2019-06-16,16 Jun 2019 - 23 Jun 2019,North Kivu | Manguredjipa,Probable,0,0,0,7
2019-06-30,2019-06-23,23 Jun 2019 - 30 Jun 2019,North Kivu | Manguredjipa,Probable,0,0,0,7
2019-07-07,2019-06-30,30 Jun 2019 - 7 Jul 2019,North Kivu | Manguredjipa,Probable,0,0,0,7
2019-07-14,2019-07-07,7 Jul 2019 - 14 Jul 2019,North Kivu | Manguredjipa,Probable,0,0,0,7
2019-07-21,2019-07-14,14 Jul 2019 - 21 Jul 2019,North Kivu | Manguredjipa,Probable,0,0,0,7
2019-07-28,2019-07-21,21 Jul 2019 - 28 Jul 2019,North Kivu | Manguredjipa,Probable,0,0,0,7
2019-08-04,2019-07-28,28 Jul 2019 - 4 Aug 2019,North Kivu | Manguredjipa,Probable,0,0,0,7
2019-08-11,2019-08-04,4 Aug 2019 - 11 Aug 2019,North Kivu | Manguredjipa,Probable,0,0,0,7
2019-08-18,2019-08-11,11 Aug 2019 - 18 Aug 2019,North Kivu | Manguredjipa,Probable,0,0,0,7
2019-08-25,2019-08-18,18 Aug 2019 - 25 Aug 2019,North Kivu | Manguredjipa,Probable,0,0,0,7
2019-09-01,2019-08-25,25 Aug 2019 - 1 Sep 2019,North Kivu | Manguredjipa,Probable,0,0,0,7
2019-09-08,2019-09-01,1 Sep 2019 - 8 Sep 2019,North Kivu | Manguredjipa,Probable,0,0,0,7
2019-09-15,2019-09-08,8 Sep 2019 - 15 Sep 2019,North Kivu | Manguredjipa,Probable,0,0,0,7
2019-09-22,2019-09-15,15 Sep 2019 - 22 Sep 2019,North Kivu | Manguredjipa,Probable,0,0,0,7
2019-09-29,2019-09-22,22 Sep 2019 - 29 Sep 2019,North Kivu | Manguredjipa,Probable,0,0,0,7
2019-10-06,2019-09-29,29 Sep 2019 - 6 Oct 2019,North Kivu | Manguredjipa,Probable,0,0,0,7
2019-10-13,2019-10-06,6 Oct 2019 - 13 Oct 2019,North Kivu | Manguredjipa,Probable,0,0,0,7
2019-10-20,2019-10-13,13 Oct 2019 - 20 Oct 2019,North Kivu | Manguredjipa,Probable,0,0,0,7
2019-10-27,2019-10-20,20 Oct 2019 - 27 Oct 2019,North Kivu | Manguredjipa,Probable,0,0,0,7
2019-11-03,2019-10-27,27 Oct 2019 - 3 Nov 2019,North Kivu | Manguredjipa,Probable,0,0,0,7
2019-11-10,2019-11-03,3 Nov 2019 - 10 Nov 2019,North Kivu | Manguredjipa,Probable,0,0,0,7
2019-11-17,2019-11-10,10 Nov 2019 - 17 Nov 2019,North Kivu | Manguredjipa,Probable,0,0,0,7
2019-11-24,2019-11-17,17 Nov 2019 - 24 Nov 2019,North Kivu | Manguredjipa,Probable,0,0,0,7
2019-12-01,2019-11-24,24 Nov 2019 - 1 Dec 2019,North Kivu | Manguredjipa,Probable,0,0,0,7
2019-12-08,2019-12-01,1 Dec 2019 - 8 Dec 2019,North Kivu | Manguredjipa,Probable,0,0,0,7
2019-12-15,2019-12-08,8 Dec 2019 - 15 Dec 2019,North Kivu | Manguredjipa,Probable,0,0,0,7
2019-12-22,2019-12-15,15 Dec 2019 - 22 Dec 2019,North Kivu | Manguredjipa,Probable,0,0,0,7
2020-01-05,2019-12-22,22 Dec 2019 - 5 Jan 2020,North Kivu | Manguredjipa,Probable,0,0,0,14
2020-01-12,2020-01-05,5 Jan 2020 - 12 Jan 2020,North Kivu | Manguredjipa,Probable,0,0,0,7
2020-01-19,2020-01-12,12 Jan 2020 - 19 Jan 2020,North Kivu | Manguredjipa,Probable,0,0,0,7
2020-01-26,2020-01-19,19 Jan 2020 - 26 Jan 2020,North Kivu | Manguredjipa,Probable,0,0,0,7
2018-08-05,,unknown - 5 August 2018,North Kivu | Masereka,Confirmed,0,0,1,
2018-08-12,2018-08-05,5 Aug 2018 - 12 Aug 2018,North Kivu | Masereka,Confirmed,0,0,0,7
2018-08-20,2018-08-12,12 Aug 2018 - 20 Aug 2018,North Kivu | Masereka,Confirmed,0,0,0,8
2018-08-26,2018-08-20,20 Aug 2018 - 26 Aug 2018,North Kivu | Masereka,Confirmed,0,0,0,6
2018-09-02,2018-08-26,26 Aug 2018 - 2 Sep 2018,North Kivu | Masereka,Confirmed,0,0,0,7
2018-09-09,2018-09-02,2 Sep 2018 - 9 Sep 2018,North Kivu | Masereka,Confirmed,1,0,0,7
2018-09-16,2018-09-09,9 Sep 2018 - 16 Sep 2018,North Kivu | Masereka,Confirmed,0,0,0,7
2018-09-23,2018-09-16,16 Sep 2018 - 23 Sep 2018,North Kivu | Masereka,Confirmed,0,0,0,7
2018-10-02,2018-09-23,23 Sep 2018 - 2 Oct 2018,North Kivu | Masereka,Confirmed,0,0,0,9
2018-10-07,2018-10-02,2 Oct 2018 - 7 Oct 2018,North Kivu | Masereka,Confirmed,0,0,0,5
2018-10-15,2018-10-07,7 Oct 2018 - 15 Oct 2018,North Kivu | Masereka,Confirmed,3,0,0,8
2018-10-21,2018-10-15,15 Oct 2018 - 21 Oct 2018,North Kivu | Masereka,Confirmed,0,0,0,6
2018-10-28,2018-10-21,21 Oct 2018 - 28 Oct 2018,North Kivu | Masereka,Confirmed,0,0,0,7
2018-11-04,2018-10-28,28 Oct 2018 - 4 Nov 2018,North Kivu | Masereka,Confirmed,0,0,0,7
2018-11-11,2018-11-04,4 Nov 2018 - 11 Nov 2018,North Kivu | Masereka,Confirmed,2,0,0,7
2018-11-19,2018-11-11,11 Nov 2018 - 19 Nov 2018,North Kivu | Masereka,Confirmed,0,0,0,8
2018-11-26,2018-11-19,19 Nov 2018 - 26 Nov 2018,North Kivu | Masereka,Confirmed,0,0,0,7
2018-12-03,2018-11-26,26 Nov 2018 - 3 Dec 2018,North Kivu | Masereka,Confirmed,1,0,0,7
2018-12-10,2018-12-03,3 Dec 2018 - 10 Dec 2018,North Kivu | Masereka,Confirmed,0,0,0,7
2018-12-16,2018-12-10,10 Dec 2018 - 16 Dec 2018,North Kivu | Masereka,Confirmed,0,0,0,6
2018-12-25,2018-12-16,16 Dec 2018 - 25 Dec 2018,North Kivu | Masereka,Confirmed,0,0,0,9
2019-01-01,2018-12-25,25 Dec 2018 - 1 Jan 2019,North Kivu | Masereka,Confirmed,0,0,0,7
2019-01-06,2019-01-01,1 Jan 2019 - 6 Jan 2019,North Kivu | Masereka,Confirmed,0,0,0,5
2019-01-14,2019-01-06,6 Jan 2019 - 14 Jan 2019,North Kivu | Masereka,Confirmed,0,0,0,8
2019-01-21,2019-01-14,14 Jan 2019 - 21 Jan 2019,North Kivu | Masereka,Confirmed,0,0,0,7
2019-01-28,2019-01-21,21 Jan 2019 - 28 Jan 2019,North Kivu | Masereka,Confirmed,0,0,0,7
2019-02-03,2019-01-28,28 Jan 2019 - 3 Feb 2019,North Kivu | Masereka,Confirmed,0,0,0,6
2019-02-10,2019-02-03,3 Feb 2019 - 10 Feb 2019,North Kivu | Masereka,Confirmed,1,0,0,7
2019-02-17,2019-02-10,10 Feb 2019 - 17 Feb 2019,North Kivu | Masereka,Confirmed,0,0,0,7
2019-02-24,2019-02-17,17 Feb 2019 - 24 Feb 2019,North Kivu | Masereka,Confirmed,0,0,0,7
2019-03-03,2019-02-24,24 Feb 2019 - 3 Mar 2019,North Kivu | Masereka,Confirmed,0,0,0,7
2019-03-10,2019-03-03,3 Mar 2019 - 10 Mar 2019,North Kivu | Masereka,Confirmed,2,0,0,7
2019-03-17,2019-03-10,10 Mar 2019 - 17 Mar 2019,North Kivu | Masereka,Confirmed,6,0,0,7
2019-03-24,2019-03-17,17 Mar 2019 - 24 Mar 2019,North Kivu | Masereka,Confirmed,12,0,0,7
2019-03-31,2019-03-24,24 Mar 2019 - 31 Mar 2019,North Kivu | Masereka,Confirmed,0,0,0,7
2019-04-07,2019-03-31,31 Mar 2019 - 7 Apr 2019,North Kivu | Masereka,Confirmed,0,0,0,7
2019-04-14,2019-04-07,7 Apr 2019 - 14 Apr 2019,North Kivu | Masereka,Confirmed,1,0,0,7
2019-04-22,2019-04-14,14 Apr 2019 - 22 Apr 2019,North Kivu | Masereka,Confirmed,4,0,0,8
2019-04-28,2019-04-22,22 Apr 2019 - 28 Apr 2019,North Kivu | Masereka,Confirmed,0,0,0,6
2019-05-05,2019-04-28,28 Apr 2019 - 5 May 2019,North Kivu | Masereka,Confirmed,1,0,0,7
2019-05-12,2019-05-05,5 May 2019 - 12 May 2019,North Kivu | Masereka,Confirmed,2,0,0,7
2019-05-19,2019-05-12,12 May 2019 - 19 May 2019,North Kivu | Masereka,Confirmed,0,0,0,7
2019-05-26,2019-05-19,19 May 2019 - 26 May 2019,North Kivu | Masereka,Confirmed,1,0,0,7
2019-06-02,2019-05-26,26 May 2019 - 2 Jun 2019,North Kivu | Masereka,Confirmed,1,0,0,7
2019-06-12,2019-06-02,2 Jun 2019 - 12 Jun 2019,North Kivu | Masereka,Confirmed,0,0,0,10
2019-06-16,2019-06-12,12 Jun 2019 - 16 Jun 2019,North Kivu | Masereka,Confirmed,0,0,0,4
2019-06-23,2019-06-16,16 Jun 2019 - 23 Jun 2019,North Kivu | Masereka,Confirmed,0,0,0,7
2019-06-30,2019-06-23,23 Jun 2019 - 30 Jun 2019,North Kivu | Masereka,Confirmed,8,0,0,7
2019-07-07,2019-06-30,30 Jun 2019 - 7 Jul 2019,North Kivu | Masereka,Confirmed,1,0,0,7
2019-07-14,2019-07-07,7 Jul 2019 - 14 Jul 2019,North Kivu | Masereka,Confirmed,0,0,0,7
2019-07-21,2019-07-14,14 Jul 2019 - 21 Jul 2019,North Kivu | Masereka,Confirmed,1,0,0,7
2019-07-28,2019-07-21,21 Jul 2019 - 28 Jul 2019,North Kivu | Masereka,Confirmed,1,0,0,7
2019-08-04,2019-07-28,28 Jul 2019 - 4 Aug 2019,North Kivu | Masereka,Confirmed,0,0,0,7
2019-08-11,2019-08-04,4 Aug 2019 - 11 Aug 2019,North Kivu | Masereka,Confirmed,0,0,0,7
2019-08-18,2019-08-11,11 Aug 2019 - 18 Aug 2019,North Kivu | Masereka,Confirmed,0,0,0,7
2019-08-25,2019-08-18,18 Aug 2019 - 25 Aug 2019,North Kivu | Masereka,Confirmed,1,0,0,7
2019-09-01,2019-08-25,25 Aug 2019 - 1 Sep 2019,North Kivu | Masereka,Confirmed,0,0,0,7
2019-09-08,2019-09-01,1 Sep 2019 - 8 Sep 2019,North Kivu | Masereka,Confirmed,0,0,0,7
2019-09-15,2019-09-08,8 Sep 2019 - 15 Sep 2019,North Kivu | Masereka,Confirmed,0,0,0,7
2019-09-22,2019-09-15,15 Sep 2019 - 22 Sep 2019,North Kivu | Masereka,Confirmed,0,0,0,7
2019-09-29,2019-09-22,22 Sep 2019 - 29 Sep 2019,North Kivu | Masereka,Confirmed,0,0,0,7
2019-10-06,2019-09-29,29 Sep 2019 - 6 Oct 2019,North Kivu | Masereka,Confirmed,0,0,0,7
2019-10-13,2019-10-06,6 Oct 2019 - 13 Oct 2019,North Kivu | Masereka,Confirmed,0,0,0,7
2019-10-20,2019-10-13,13 Oct 2019 - 20 Oct 2019,North Kivu | Masereka,Confirmed,0,0,0,7
2019-10-27,2019-10-20,20 Oct 2019 - 27 Oct 2019,North Kivu | Masereka,Confirmed,0,0,0,7
2019-11-03,2019-10-27,27 Oct 2019 - 3 Nov 2019,North Kivu | Masereka,Confirmed,0,0,0,7
2019-11-10,2019-11-03,3 Nov 2019 - 10 Nov 2019,North Kivu | Masereka,Confirmed,0,0,0,7
2019-11-17,2019-11-10,10 Nov 2019 - 17 Nov 2019,North Kivu | Masereka,Confirmed,0,0,0,7
2019-11-24,2019-11-17,17 Nov 2019 - 24 Nov 2019,North Kivu | Masereka,Confirmed,0,0,0,7
2019-12-01,2019-11-24,24 Nov 2019 - 1 Dec 2019,North Kivu | Masereka,Confirmed,0,0,0,7
2019-12-08,2019-12-01,1 Dec 2019 - 8 Dec 2019,North Kivu | Masereka,Confirmed,0,0,0,7
2019-12-15,2019-12-08,8 Dec 2019 - 15 Dec 2019,North Kivu | Masereka,Confirmed,0,0,0,7
2019-12-22,2019-12-15,15 Dec 2019 - 22 Dec 2019,North Kivu | Masereka,Confirmed,0,0,0,7
2020-01-05,2019-12-22,22 Dec 2019 - 5 Jan 2020,North Kivu | Masereka,Confirmed,0,0,0,14
2020-01-12,2020-01-05,5 Jan 2020 - 12 Jan 2020,North Kivu | Masereka,Confirmed,0,0,0,7
2020-01-19,2020-01-12,12 Jan 2020 - 19 Jan 2020,North Kivu | Masereka,Confirmed,0,0,0,7
2020-01-26,2020-01-19,19 Jan 2020 - 26 Jan 2020,North Kivu | Masereka,Confirmed,0,0,0,7
2018-08-05,,unknown - 5 August 2018,North Kivu | Masereka,Probable,0,0,1,
2018-08-12,2018-08-05,5 Aug 2018 - 12 Aug 2018,North Kivu | Masereka,Probable,0,0,0,7
2018-08-20,2018-08-12,12 Aug 2018 - 20 Aug 2018,North Kivu | Masereka,Probable,0,0,0,8
2018-08-26,2018-08-20,20 Aug 2018 - 26 Aug 2018,North Kivu | Masereka,Probable,0,0,0,6
2018-09-02,2018-08-26,26 Aug 2018 - 2 Sep 2018,North Kivu | Masereka,Probable,0,0,0,7
2018-09-09,2018-09-02,2 Sep 2018 - 9 Sep 2018,North Kivu | Masereka,Probable,0,0,0,7
2018-09-16,2018-09-09,9 Sep 2018 - 16 Sep 2018,North Kivu | Masereka,Probable,0,0,0,7
2018-09-23,2018-09-16,16 Sep 2018 - 23 Sep 2018,North Kivu | Masereka,Probable,0,0,0,7
2018-10-02,2018-09-23,23 Sep 2018 - 2 Oct 2018,North Kivu | Masereka,Probable,0,0,0,9
2018-10-07,2018-10-02,2 Oct 2018 - 7 Oct 2018,North Kivu | Masereka,Probable,0,0,0,5
2018-10-15,2018-10-07,7 Oct 2018 - 15 Oct 2018,North Kivu | Masereka,Probable,0,0,0,8
2018-10-21,2018-10-15,15 Oct 2018 - 21 Oct 2018,North Kivu | Masereka,Probable,0,0,0,6
2018-10-28,2018-10-21,21 Oct 2018 - 28 Oct 2018,North Kivu | Masereka,Probable,0,0,0,7
2018-11-04,2018-10-28,28 Oct 2018 - 4 Nov 2018,North Kivu | Masereka,Probable,0,0,0,7
2018-11-11,2018-11-04,4 Nov 2018 - 11 Nov 2018,North Kivu | Masereka,Probable,1,0,0,7
2018-11-19,2018-11-11,11 Nov 2018 - 19 Nov 2018,North Kivu | Masereka,Probable,0,0,0,8
2018-11-26,2018-11-19,19 Nov 2018 - 26 Nov 2018,North Kivu | Masereka,Probable,0,0,0,7
2018-12-03,2018-11-26,26 Nov 2018 - 3 Dec 2018,North Kivu | Masereka,Probable,0,0,0,7
2018-12-10,2018-12-03,3 Dec 2018 - 10 Dec 2018,North Kivu | Masereka,Probable,0,0,0,7
2018-12-16,2018-12-10,10 Dec 2018 - 16 Dec 2018,North Kivu | Masereka,Probable,0,0,0,6
2018-12-25,2018-12-16,16 Dec 2018 - 25 Dec 2018,North Kivu | Masereka,Probable,0,0,0,9
2019-01-01,2018-12-25,25 Dec 2018 - 1 Jan 2019,North Kivu | Masereka,Probable,0,0,0,7
2019-01-06,2019-01-01,1 Jan 2019 - 6 Jan 2019,North Kivu | Masereka,Probable,0,0,0,5
2019-01-14,2019-01-06,6 Jan 2019 - 14 Jan 2019,North Kivu | Masereka,Probable,0,0,0,8
2019-01-21,2019-01-14,14 Jan 2019 - 21 Jan 2019,North Kivu | Masereka,Probable,0,0,0,7
2019-01-28,2019-01-21,21 Jan 2019 - 28 Jan 2019,North Kivu | Masereka,Probable,0,0,0,7
2019-02-03,2019-01-28,28 Jan 2019 - 3 Feb 2019,North Kivu | Masereka,Probable,0,0,0,6
2019-02-10,2019-02-03,3 Feb 2019 - 10 Feb 2019,North Kivu | Masereka,Probable,0,0,0,7
2019-02-17,2019-02-10,10 Feb 2019 - 17 Feb 2019,North Kivu | Masereka,Probable,0,0,0,7
2019-02-24,2019-02-17,17 Feb 2019 - 24 Feb 2019,North Kivu | Masereka,Probable,0,0,0,7
2019-03-03,2019-02-24,24 Feb 2019 - 3 Mar 2019,North Kivu | Masereka,Probable,0,0,0,7
2019-03-10,2019-03-03,3 Mar 2019 - 10 Mar 2019,North Kivu | Masereka,Probable,0,0,0,7
2019-03-17,2019-03-10,10 Mar 2019 - 17 Mar 2019,North Kivu | Masereka,Probable,0,0,0,7
2019-03-24,2019-03-17,17 Mar 2019 - 24 Mar 2019,North Kivu | Masereka,Probable,0,0,0,7
2019-03-31,2019-03-24,24 Mar 2019 - 31 Mar 2019,North Kivu | Masereka,Probable,0,0,0,7
2019-04-07,2019-03-31,31 Mar 2019 - 7 Apr 2019,North Kivu | Masereka,Probable,0,0,0,7
2019-04-14,2019-04-07,7 Apr 2019 - 14 Apr 2019,North Kivu | Masereka,Probable,0,0,0,7
2019-04-22,2019-04-14,14 Apr 2019 - 22 Apr 2019,North Kivu | Masereka,Probable,0,0,0,8
2019-04-28,2019-04-22,22 Apr 2019 - 28 Apr 2019,North Kivu | Masereka,Probable,0,0,0,6
2019-05-05,2019-04-28,28 Apr 2019 - 5 May 2019,North Kivu | Masereka,Probable,0,0,0,7
2019-05-12,2019-05-05,5 May 2019 - 12 May 2019,North Kivu | Masereka,Probable,2,0,0,7
2019-05-19,2019-05-12,12 May 2019 - 19 May 2019,North Kivu | Masereka,Probable,0,0,0,7
2019-05-26,2019-05-19,19 May 2019 - 26 May 2019,North Kivu | Masereka,Probable,0,0,0,7
2019-06-02,2019-05-26,26 May 2019 - 2 Jun 2019,North Kivu | Masereka,Probable,3,0,0,7
2019-06-12,2019-06-02,2 Jun 2019 - 12 Jun 2019,North Kivu | Masereka,Probable,0,0,0,10
2019-06-16,2019-06-12,12 Jun 2019 - 16 Jun 2019,North Kivu | Masereka,Probable,0,0,0,4
2019-06-23,2019-06-16,16 Jun 2019 - 23 Jun 2019,North Kivu | Masereka,Probable,0,0,0,7
2019-06-30,2019-06-23,23 Jun 2019 - 30 Jun 2019,North Kivu | Masereka,Probable,0,0,0,7
2019-07-07,2019-06-30,30 Jun 2019 - 7 Jul 2019,North Kivu | Masereka,Probable,0,0,0,7
2019-07-14,2019-07-07,7 Jul 2019 - 14 Jul 2019,North Kivu | Masereka,Probable,0,0,0,7
2019-07-21,2019-07-14,14 Jul 2019 - 21 Jul 2019,North Kivu | Masereka,Probable,0,0,0,7
2019-07-28,2019-07-21,21 Jul 2019 - 28 Jul 2019,North Kivu | Masereka,Probable,0,0,0,7
2019-08-04,2019-07-28,28 Jul 2019 - 4 Aug 2019,North Kivu | Masereka,Probable,0,0,0,7
2019-08-11,2019-08-04,4 Aug 2019 - 11 Aug 2019,North Kivu | Masereka,Probable,0,0,0,7
2019-08-18,2019-08-11,11 Aug 2019 - 18 Aug 2019,North Kivu | Masereka,Probable,0,0,0,7
2019-08-25,2019-08-18,18 Aug 2019 - 25 Aug 2019,North Kivu | Masereka,Probable,0,0,0,7
2019-09-01,2019-08-25,25 Aug 2019 - 1 Sep 2019,North Kivu | Masereka,Probable,0,0,0,7
2019-09-08,2019-09-01,1 Sep 2019 - 8 Sep 2019,North Kivu | Masereka,Probable,0,0,0,7
2019-09-15,2019-09-08,8 Sep 2019 - 15 Sep 2019,North Kivu | Masereka,Probable,0,0,0,7
2019-09-22,2019-09-15,15 Sep 2019 - 22 Sep 2019,North Kivu | Masereka,Probable,0,0,0,7
2019-09-29,2019-09-22,22 Sep 2019 - 29 Sep 2019,North Kivu | Masereka,Probable,0,0,0,7
2019-10-06,2019-09-29,29 Sep 2019 - 6 Oct 2019,North Kivu | Masereka,Probable,0,0,0,7
2019-10-13,2019-10-06,6 Oct 2019 - 13 Oct 2019,North Kivu | Masereka,Probable,0,0,0,7
2019-10-20,2019-10-13,13 Oct 2019 - 20 Oct 2019,North Kivu | Masereka,Probable,0,0,0,7
2019-10-27,2019-10-20,20 Oct 2019 - 27 Oct 2019,North Kivu | Masereka,Probable,0,0,0,7
2019-11-03,2019-10-27,27 Oct 2019 - 3 Nov 2019,North Kivu | Masereka,Probable,0,0,0,7
2019-11-10,2019-11-03,3 Nov 2019 - 10 Nov 2019,North Kivu | Masereka,Probable,0,0,0,7
2019-11-17,2019-11-10,10 Nov 2019 - 17 Nov 2019,North Kivu | Masereka,Probable,0,0,0,7
2019-11-24,2019-11-17,17 Nov 2019 - 24 Nov 2019,North Kivu | Masereka,Probable,0,0,0,7
2019-12-01,2019-11-24,24 Nov 2019 - 1 Dec 2019,North Kivu | Masereka,Probable,0,0,0,7
2019-12-08,2019-12-01,1 Dec 2019 - 8 Dec 2019,North Kivu | Masereka,Probable,0,0,0,7
2019-12-15,2019-12-08,8 Dec 2019 - 15 Dec 2019,North Kivu | Masereka,Probable,0,0,0,7
2019-12-22,2019-12-15,15 Dec 2019 - 22 Dec 2019,North Kivu | Masereka,Probable,0,0,0,7
2020-01-05,2019-12-22,22 Dec 2019 - 5 Jan 2020,North Kivu | Masereka,Probable,0,0,0,14
2020-01-12,2020-01-05,5 Jan 2020 - 12 Jan 2020,North Kivu | Masereka,Probable,0,0,0,7
2020-01-19,2020-01-12,12 Jan 2020 - 19 Jan 2020,North Kivu | Masereka,Probable,0,0,0,7
2020-01-26,2020-01-19,19 Jan 2020 - 26 Jan 2020,North Kivu | Masereka,Probable,0,0,0,7
2018-08-05,,unknown - 5 August 2018,North Kivu | Musienene,Confirmed,0,0,1,
2018-08-12,2018-08-05,5 Aug 2018 - 12 Aug 2018,North Kivu | Musienene,Confirmed,0,0,0,7
2018-08-20,2018-08-12,12 Aug 2018 - 20 Aug 2018,North Kivu | Musienene,Confirmed,0,0,0,8
2018-08-26,2018-08-20,20 Aug 2018 - 26 Aug 2018,North Kivu | Musienene,Confirmed,0,0,0,6
2018-09-02,2018-08-26,26 Aug 2018 - 2 Sep 2018,North Kivu | Musienene,Confirmed,0,0,0,7
2018-09-09,2018-09-02,2 Sep 2018 - 9 Sep 2018,North Kivu | Musienene,Confirmed,0,0,0,7
2018-09-16,2018-09-09,9 Sep 2018 - 16 Sep 2018,North Kivu | Musienene,Confirmed,0,0,0,7
2018-09-23,2018-09-16,16 Sep 2018 - 23 Sep 2018,North Kivu | Musienene,Confirmed,0,0,0,7
2018-10-02,2018-09-23,23 Sep 2018 - 2 Oct 2018,North Kivu | Musienene,Confirmed,0,0,0,9
2018-10-07,2018-10-02,2 Oct 2018 - 7 Oct 2018,North Kivu | Musienene,Confirmed,0,0,0,5
2018-10-15,2018-10-07,7 Oct 2018 - 15 Oct 2018,North Kivu | Musienene,Confirmed,0,0,0,8
2018-10-21,2018-10-15,15 Oct 2018 - 21 Oct 2018,North Kivu | Musienene,Confirmed,0,0,0,6
2018-10-28,2018-10-21,21 Oct 2018 - 28 Oct 2018,North Kivu | Musienene,Confirmed,0,0,0,7
2018-11-04,2018-10-28,28 Oct 2018 - 4 Nov 2018,North Kivu | Musienene,Confirmed,0,0,0,7
2018-11-11,2018-11-04,4 Nov 2018 - 11 Nov 2018,North Kivu | Musienene,Confirmed,2,0,0,7
2018-11-19,2018-11-11,11 Nov 2018 - 19 Nov 2018,North Kivu | Musienene,Confirmed,0,0,0,8
2018-11-26,2018-11-19,19 Nov 2018 - 26 Nov 2018,North Kivu | Musienene,Confirmed,0,0,0,7
2018-12-03,2018-11-26,26 Nov 2018 - 3 Dec 2018,North Kivu | Musienene,Confirmed,0,0,0,7
2018-12-10,2018-12-03,3 Dec 2018 - 10 Dec 2018,North Kivu | Musienene,Confirmed,0,0,0,7
2018-12-16,2018-12-10,10 Dec 2018 - 16 Dec 2018,North Kivu | Musienene,Confirmed,1,0,0,6
2018-12-25,2018-12-16,16 Dec 2018 - 25 Dec 2018,North Kivu | Musienene,Confirmed,1,0,0,9
2019-01-01,2018-12-25,25 Dec 2018 - 1 Jan 2019,North Kivu | Musienene,Confirmed,0,0,0,7
2019-01-06,2019-01-01,1 Jan 2019 - 6 Jan 2019,North Kivu | Musienene,Confirmed,0,0,0,5
2019-01-14,2019-01-06,6 Jan 2019 - 14 Jan 2019,North Kivu | Musienene,Confirmed,1,0,0,8
2019-01-21,2019-01-14,14 Jan 2019 - 21 Jan 2019,North Kivu | Musienene,Confirmed,1,0,0,7
2019-01-28,2019-01-21,21 Jan 2019 - 28 Jan 2019,North Kivu | Musienene,Confirmed,0,0,0,7
2019-02-03,2019-01-28,28 Jan 2019 - 3 Feb 2019,North Kivu | Musienene,Confirmed,0,0,0,6
2019-02-10,2019-02-03,3 Feb 2019 - 10 Feb 2019,North Kivu | Musienene,Confirmed,0,0,0,7
2019-02-17,2019-02-10,10 Feb 2019 - 17 Feb 2019,North Kivu | Musienene,Confirmed,0,0,0,7
2019-02-24,2019-02-17,17 Feb 2019 - 24 Feb 2019,North Kivu | Musienene,Confirmed,0,0,0,7
2019-03-03,2019-02-24,24 Feb 2019 - 3 Mar 2019,North Kivu | Musienene,Confirmed,0,0,0,7
2019-03-10,2019-03-03,3 Mar 2019 - 10 Mar 2019,North Kivu | Musienene,Confirmed,0,0,0,7
2019-03-17,2019-03-10,10 Mar 2019 - 17 Mar 2019,North Kivu | Musienene,Confirmed,0,0,0,7
2019-03-24,2019-03-17,17 Mar 2019 - 24 Mar 2019,North Kivu | Musienene,Confirmed,0,0,0,7
2019-03-31,2019-03-24,24 Mar 2019 - 31 Mar 2019,North Kivu | Musienene,Confirmed,1,0,0,7
2019-04-07,2019-03-31,31 Mar 2019 - 7 Apr 2019,North Kivu | Musienene,Confirmed,1,0,0,7
2019-04-14,2019-04-07,7 Apr 2019 - 14 Apr 2019,North Kivu | Musienene,Confirmed,-1,1,0,7
2019-04-22,2019-04-14,14 Apr 2019 - 22 Apr 2019,North Kivu | Musienene,Confirmed,2,0,0,8
2019-04-28,2019-04-22,22 Apr 2019 - 28 Apr 2019,North Kivu | Musienene,Confirmed,11,0,0,6
2019-05-05,2019-04-28,28 Apr 2019 - 5 May 2019,North Kivu | Musienene,Confirmed,12,0,0,7
2019-05-12,2019-05-05,5 May 2019 - 12 May 2019,North Kivu | Musienene,Confirmed,6,0,0,7
2019-05-19,2019-05-12,12 May 2019 - 19 May 2019,North Kivu | Musienene,Confirmed,13,0,0,7
2019-05-26,2019-05-19,19 May 2019 - 26 May 2019,North Kivu | Musienene,Confirmed,4,0,0,7
2019-06-02,2019-05-26,26 May 2019 - 2 Jun 2019,North Kivu | Musienene,Confirmed,3,0,0,7
2019-06-12,2019-06-02,2 Jun 2019 - 12 Jun 2019,North Kivu | Musienene,Confirmed,7,0,0,10
2019-06-16,2019-06-12,12 Jun 2019 - 16 Jun 2019,North Kivu | Musienene,Confirmed,2,0,0,4
2019-06-23,2019-06-16,16 Jun 2019 - 23 Jun 2019,North Kivu | Musienene,Confirmed,2,0,0,7
2019-06-30,2019-06-23,23 Jun 2019 - 30 Jun 2019,North Kivu | Musienene,Confirmed,2,0,0,7
2019-07-07,2019-06-30,30 Jun 2019 - 7 Jul 2019,North Kivu | Musienene,Confirmed,0,0,0,7
2019-07-14,2019-07-07,7 Jul 2019 - 14 Jul 2019,North Kivu | Musienene,Confirmed,0,0,0,7
2019-07-21,2019-07-14,14 Jul 2019 - 21 Jul 2019,North Kivu | Musienene,Confirmed,0,0,0,7
2019-07-28,2019-07-21,21 Jul 2019 - 28 Jul 2019,North Kivu | Musienene,Confirmed,0,0,0,7
2019-08-04,2019-07-28,28 Jul 2019 - 4 Aug 2019,North Kivu | Musienene,Confirmed,2,0,0,7
2019-08-11,2019-08-04,4 Aug 2019 - 11 Aug 2019,North Kivu | Musienene,Confirmed,2,0,0,7
2019-08-18,2019-08-11,11 Aug 2019 - 18 Aug 2019,North Kivu | Musienene,Confirmed,3,0,0,7
2019-08-25,2019-08-18,18 Aug 2019 - 25 Aug 2019,North Kivu | Musienene,Confirmed,3,0,0,7
2019-09-01,2019-08-25,25 Aug 2019 - 1 Sep 2019,North Kivu | Musienene,Confirmed,3,0,0,7
2019-09-08,2019-09-01,1 Sep 2019 - 8 Sep 2019,North Kivu | Musienene,Confirmed,0,0,0,7
2019-09-15,2019-09-08,8 Sep 2019 - 15 Sep 2019,North Kivu | Musienene,Confirmed,0,0,0,7
2019-09-22,2019-09-15,15 Sep 2019 - 22 Sep 2019,North Kivu | Musienene,Confirmed,0,0,0,7
2019-09-29,2019-09-22,22 Sep 2019 - 29 Sep 2019,North Kivu | Musienene,Confirmed,0,0,0,7
2019-10-06,2019-09-29,29 Sep 2019 - 6 Oct 2019,North Kivu | Musienene,Confirmed,0,0,0,7
2019-10-13,2019-10-06,6 Oct 2019 - 13 Oct 2019,North Kivu | Musienene,Confirmed,0,0,0,7
2019-10-20,2019-10-13,13 Oct 2019 - 20 Oct 2019,North Kivu | Musienene,Confirmed,0,0,0,7
2019-10-27,2019-10-20,20 Oct 2019 - 27 Oct 2019,North Kivu | Musienene,Confirmed,0,0,0,7
2019-11-03,2019-10-27,27 Oct 2019 - 3 Nov 2019,North Kivu | Musienene,Confirmed,0,0,0,7
2019-11-10,2019-11-03,3 Nov 2019 - 10 Nov 2019,North Kivu | Musienene,Confirmed,0,0,0,7
2019-11-17,2019-11-10,10 Nov 2019 - 17 Nov 2019,North Kivu | Musienene,Confirmed,0,0,0,7
2019-11-24,2019-11-17,17 Nov 2019 - 24 Nov 2019,North Kivu | Musienene,Confirmed,0,0,0,7
2019-12-01,2019-11-24,24 Nov 2019 - 1 Dec 2019,North Kivu | Musienene,Confirmed,0,0,0,7
2019-12-08,2019-12-01,1 Dec 2019 - 8 Dec 2019,North Kivu | Musienene,Confirmed,0,0,0,7
2019-12-15,2019-12-08,8 Dec 2019 - 15 Dec 2019,North Kivu | Musienene,Confirmed,0,0,0,7
2019-12-22,2019-12-15,15 Dec 2019 - 22 Dec 2019,North Kivu | Musienene,Confirmed,0,0,0,7
2020-01-05,2019-12-22,22 Dec 2019 - 5 Jan 2020,North Kivu | Musienene,Confirmed,0,0,0,14
2020-01-12,2020-01-05,5 Jan 2020 - 12 Jan 2020,North Kivu | Musienene,Confirmed,1,0,0,7
2020-01-19,2020-01-12,12 Jan 2020 - 19 Jan 2020,North Kivu | Musienene,Confirmed,0,0,0,7
2020-01-26,2020-01-19,19 Jan 2020 - 26 Jan 2020,North Kivu | Musienene,Confirmed,0,0,0,7
2018-08-05,,unknown - 5 August 2018,North Kivu | Musienene,Probable,1,0,1,
2018-08-12,2018-08-05,5 Aug 2018 - 12 Aug 2018,North Kivu | Musienene,Probable,0,0,0,7
2018-08-20,2018-08-12,12 Aug 2018 - 20 Aug 2018,North Kivu | Musienene,Probable,0,0,0,8
2018-08-26,2018-08-20,20 Aug 2018 - 26 Aug 2018,North Kivu | Musienene,Probable,0,0,0,6
2018-09-02,2018-08-26,26 Aug 2018 - 2 Sep 2018,North Kivu | Musienene,Probable,0,0,0,7
2018-09-09,2018-09-02,2 Sep 2018 - 9 Sep 2018,North Kivu | Musienene,Probable,0,0,0,7
2018-09-16,2018-09-09,9 Sep 2018 - 16 Sep 2018,North Kivu | Musienene,Probable,0,0,0,7
2018-09-23,2018-09-16,16 Sep 2018 - 23 Sep 2018,North Kivu | Musienene,Probable,0,0,0,7
2018-10-02,2018-09-23,23 Sep 2018 - 2 Oct 2018,North Kivu | Musienene,Probable,0,0,0,9
2018-10-07,2018-10-02,2 Oct 2018 - 7 Oct 2018,North Kivu | Musienene,Probable,0,0,0,5
2018-10-15,2018-10-07,7 Oct 2018 - 15 Oct 2018,North Kivu | Musienene,Probable,0,0,0,8
2018-10-21,2018-10-15,15 Oct 2018 - 21 Oct 2018,North Kivu | Musienene,Probable,0,0,0,6
2018-10-28,2018-10-21,21 Oct 2018 - 28 Oct 2018,North Kivu | Musienene,Probable,0,0,0,7
2018-11-04,2018-10-28,28 Oct 2018 - 4 Nov 2018,North Kivu | Musienene,Probable,0,0,0,7
2018-11-11,2018-11-04,4 Nov 2018 - 11 Nov 2018,North Kivu | Musienene,Probable,0,0,0,7
2018-11-19,2018-11-11,11 Nov 2018 - 19 Nov 2018,North Kivu | Musienene,Probable,0,0,0,8
2018-11-26,2018-11-19,19 Nov 2018 - 26 Nov 2018,North Kivu | Musienene,Probable,0,0,0,7
2018-12-03,2018-11-26,26 Nov 2018 - 3 Dec 2018,North Kivu | Musienene,Probable,0,0,0,7
2018-12-10,2018-12-03,3 Dec 2018 - 10 Dec 2018,North Kivu | Musienene,Probable,0,0,0,7
2018-12-16,2018-12-10,10 Dec 2018 - 16 Dec 2018,North Kivu | Musienene,Probable,0,0,0,6
2018-12-25,2018-12-16,16 Dec 2018 - 25 Dec 2018,North Kivu | Musienene,Probable,0,0,0,9
2019-01-01,2018-12-25,25 Dec 2018 - 1 Jan 2019,North Kivu | Musienene,Probable,0,0,0,7
2019-01-06,2019-01-01,1 Jan 2019 - 6 Jan 2019,North Kivu | Musienene,Probable,0,0,0,5
2019-01-14,2019-01-06,6 Jan 2019 - 14 Jan 2019,North Kivu | Musienene,Probable,0,0,0,8
2019-01-21,2019-01-14,14 Jan 2019 - 21 Jan 2019,North Kivu | Musienene,Probable,0,0,0,7
2019-01-28,2019-01-21,21 Jan 2019 - 28 Jan 2019,North Kivu | Musienene,Probable,0,0,0,7
2019-02-03,2019-01-28,28 Jan 2019 - 3 Feb 2019,North Kivu | Musienene,Probable,0,0,0,6
2019-02-10,2019-02-03,3 Feb 2019 - 10 Feb 2019,North Kivu | Musienene,Probable,0,0,0,7
2019-02-17,2019-02-10,10 Feb 2019 - 17 Feb 2019,North Kivu | Musienene,Probable,0,0,0,7
2019-02-24,2019-02-17,17 Feb 2019 - 24 Feb 2019,North Kivu | Musienene,Probable,0,0,0,7
2019-03-03,2019-02-24,24 Feb 2019 - 3 Mar 2019,North Kivu | Musienene,Probable,0,0,0,7
2019-03-10,2019-03-03,3 Mar 2019 - 10 Mar 2019,North Kivu | Musienene,Probable,0,0,0,7
2019-03-17,2019-03-10,10 Mar 2019 - 17 Mar 2019,North Kivu | Musienene,Probable,0,0,0,7
2019-03-24,2019-03-17,17 Mar 2019 - 24 Mar 2019,North Kivu | Musienene,Probable,0,0,0,7
2019-03-31,2019-03-24,24 Mar 2019 - 31 Mar 2019,North Kivu | Musienene,Probable,0,0,0,7
2019-04-07,2019-03-31,31 Mar 2019 - 7 Apr 2019,North Kivu | Musienene,Probable,0,0,0,7
2019-04-14,2019-04-07,7 Apr 2019 - 14 Apr 2019,North Kivu | Musienene,Probable,0,0,0,7
2019-04-22,2019-04-14,14 Apr 2019 - 22 Apr 2019,North Kivu | Musienene,Probable,0,0,0,8
2019-04-28,2019-04-22,22 Apr 2019 - 28 Apr 2019,North Kivu | Musienene,Probable,0,0,0,6
2019-05-05,2019-04-28,28 Apr 2019 - 5 May 2019,North Kivu | Musienene,Probable,0,0,0,7
2019-05-12,2019-05-05,5 May 2019 - 12 May 2019,North Kivu | Musienene,Probable,0,0,0,7
2019-05-19,2019-05-12,12 May 2019 - 19 May 2019,North Kivu | Musienene,Probable,0,0,0,7
2019-05-26,2019-05-19,19 May 2019 - 26 May 2019,North Kivu | Musienene,Probable,0,0,0,7
2019-06-02,2019-05-26,26 May 2019 - 2 Jun 2019,North Kivu | Musienene,Probable,0,0,0,7
2019-06-12,2019-06-02,2 Jun 2019 - 12 Jun 2019,North Kivu | Musienene,Probable,0,0,0,10
2019-06-16,2019-06-12,12 Jun 2019 - 16 Jun 2019,North Kivu | Musienene,Probable,0,0,0,4
2019-06-23,2019-06-16,16 Jun 2019 - 23 Jun 2019,North Kivu | Musienene,Probable,0,0,0,7
2019-06-30,2019-06-23,23 Jun 2019 - 30 Jun 2019,North Kivu | Musienene,Probable,0,0,0,7
2019-07-07,2019-06-30,30 Jun 2019 - 7 Jul 2019,North Kivu | Musienene,Probable,0,0,0,7
2019-07-14,2019-07-07,7 Jul 2019 - 14 Jul 2019,North Kivu | Musienene,Probable,0,0,0,7
2019-07-21,2019-07-14,14 Jul 2019 - 21 Jul 2019,North Kivu | Musienene,Probable,0,0,0,7
2019-07-28,2019-07-21,21 Jul 2019 - 28 Jul 2019,North Kivu | Musienene,Probable,0,0,0,7
2019-08-04,2019-07-28,28 Jul 2019 - 4 Aug 2019,North Kivu | Musienene,Probable,0,0,0,7
2019-08-11,2019-08-04,4 Aug 2019 - 11 Aug 2019,North Kivu | Musienene,Probable,0,0,0,7
2019-08-18,2019-08-11,11 Aug 2019 - 18 Aug 2019,North Kivu | Musienene,Probable,0,0,0,7
2019-08-25,2019-08-18,18 Aug 2019 - 25 Aug 2019,North Kivu | Musienene,Probable,0,0,0,7
2019-09-01,2019-08-25,25 Aug 2019 - 1 Sep 2019,North Kivu | Musienene,Probable,0,0,0,7
2019-09-08,2019-09-01,1 Sep 2019 - 8 Sep 2019,North Kivu | Musienene,Probable,0,0,0,7
2019-09-15,2019-09-08,8 Sep 2019 - 15 Sep 2019,North Kivu | Musienene,Probable,0,0,0,7
2019-09-22,2019-09-15,15 Sep 2019 - 22 Sep 2019,North Kivu | Musienene,Probable,0,0,0,7
2019-09-29,2019-09-22,22 Sep 2019 - 29 Sep 2019,North Kivu | Musienene,Probable,0,0,0,7
2019-10-06,2019-09-29,29 Sep 2019 - 6 Oct 2019,North Kivu | Musienene,Probable,0,0,0,7
2019-10-13,2019-10-06,6 Oct 2019 - 13 Oct 2019,North Kivu | Musienene,Probable,0,0,0,7
2019-10-20,2019-10-13,13 Oct 2019 - 20 Oct 2019,North Kivu | Musienene,Probable,0,0,0,7
2019-10-27,2019-10-20,20 Oct 2019 - 27 Oct 2019,North Kivu | Musienene,Probable,0,0,0,7
2019-11-03,2019-10-27,27 Oct 2019 - 3 Nov 2019,North Kivu | Musienene,Probable,0,0,0,7
2019-11-10,2019-11-03,3 Nov 2019 - 10 Nov 2019,North Kivu | Musienene,Probable,0,0,0,7
2019-11-17,2019-11-10,10 Nov 2019 - 17 Nov 2019,North Kivu | Musienene,Probable,0,0,0,7
2019-11-24,2019-11-17,17 Nov 2019 - 24 Nov 2019,North Kivu | Musienene,Probable,0,0,0,7
2019-12-01,2019-11-24,24 Nov 2019 - 1 Dec 2019,North Kivu | Musienene,Probable,0,0,0,7
2019-12-08,2019-12-01,1 Dec 2019 - 8 Dec 2019,North Kivu | Musienene,Probable,0,0,0,7
2019-12-15,2019-12-08,8 Dec 2019 - 15 Dec 2019,North Kivu | Musienene,Probable,0,0,0,7
2019-12-22,2019-12-15,15 Dec 2019 - 22 Dec 2019,North Kivu | Musienene,Probable,0,0,0,7
2020-01-05,2019-12-22,22 Dec 2019 - 5 Jan 2020,North Kivu | Musienene,Probable,0,0,0,14
2020-01-12,2020-01-05,5 Jan 2020 - 12 Jan 2020,North Kivu | Musienene,Probable,0,0,0,7
2020-01-19,2020-01-12,12 Jan 2020 - 19 Jan 2020,North Kivu | Musienene,Probable,0,0,0,7
2020-01-26,2020-01-19,19 Jan 2020 - 26 Jan 2020,North Kivu | Musienene,Probable,0,0,0,7
2018-08-05,,unknown - 5 August 2018,North Kivu | Mutwanga,Confirmed,0,0,1,
2018-08-12,2018-08-05,5 Aug 2018 - 12 Aug 2018,North Kivu | Mutwanga,Confirmed,0,0,0,7
2018-08-20,2018-08-12,12 Aug 2018 - 20 Aug 2018,North Kivu | Mutwanga,Confirmed,0,0,0,8
2018-08-26,2018-08-20,20 Aug 2018 - 26 Aug 2018,North Kivu | Mutwanga,Confirmed,0,0,0,6
2018-09-02,2018-08-26,26 Aug 2018 - 2 Sep 2018,North Kivu | Mutwanga,Confirmed,0,0,0,7
2018-09-09,2018-09-02,2 Sep 2018 - 9 Sep 2018,North Kivu | Mutwanga,Confirmed,0,0,0,7
2018-09-16,2018-09-09,9 Sep 2018 - 16 Sep 2018,North Kivu | Mutwanga,Confirmed,0,0,0,7
2018-09-23,2018-09-16,16 Sep 2018 - 23 Sep 2018,North Kivu | Mutwanga,Confirmed,0,0,0,7
2018-10-02,2018-09-23,23 Sep 2018 - 2 Oct 2018,North Kivu | Mutwanga,Confirmed,0,0,0,9
2018-10-07,2018-10-02,2 Oct 2018 - 7 Oct 2018,North Kivu | Mutwanga,Confirmed,0,0,0,5
2018-10-15,2018-10-07,7 Oct 2018 - 15 Oct 2018,North Kivu | Mutwanga,Confirmed,0,0,0,8
2018-10-21,2018-10-15,15 Oct 2018 - 21 Oct 2018,North Kivu | Mutwanga,Confirmed,0,0,0,6
2018-10-28,2018-10-21,21 Oct 2018 - 28 Oct 2018,North Kivu | Mutwanga,Confirmed,0,0,0,7
2018-11-04,2018-10-28,28 Oct 2018 - 4 Nov 2018,North Kivu | Mutwanga,Confirmed,0,0,0,7
2018-11-11,2018-11-04,4 Nov 2018 - 11 Nov 2018,North Kivu | Mutwanga,Confirmed,1,0,0,7
2018-11-19,2018-11-11,11 Nov 2018 - 19 Nov 2018,North Kivu | Mutwanga,Confirmed,0,0,0,8
2018-11-26,2018-11-19,19 Nov 2018 - 26 Nov 2018,North Kivu | Mutwanga,Confirmed,1,0,0,7
2018-12-03,2018-11-26,26 Nov 2018 - 3 Dec 2018,North Kivu | Mutwanga,Confirmed,1,0,0,7
2018-12-10,2018-12-03,3 Dec 2018 - 10 Dec 2018,North Kivu | Mutwanga,Confirmed,0,0,0,7
2018-12-16,2018-12-10,10 Dec 2018 - 16 Dec 2018,North Kivu | Mutwanga,Confirmed,0,0,0,6
2018-12-25,2018-12-16,16 Dec 2018 - 25 Dec 2018,North Kivu | Mutwanga,Confirmed,0,0,0,9
2019-01-01,2018-12-25,25 Dec 2018 - 1 Jan 2019,North Kivu | Mutwanga,Confirmed,0,0,0,7
2019-01-06,2019-01-01,1 Jan 2019 - 6 Jan 2019,North Kivu | Mutwanga,Confirmed,0,0,0,5
2019-01-14,2019-01-06,6 Jan 2019 - 14 Jan 2019,North Kivu | Mutwanga,Confirmed,0,0,0,8
2019-01-21,2019-01-14,14 Jan 2019 - 21 Jan 2019,North Kivu | Mutwanga,Confirmed,0,0,0,7
2019-01-28,2019-01-21,21 Jan 2019 - 28 Jan 2019,North Kivu | Mutwanga,Confirmed,0,0,0,7
2019-02-03,2019-01-28,28 Jan 2019 - 3 Feb 2019,North Kivu | Mutwanga,Confirmed,1,0,0,6
2019-02-10,2019-02-03,3 Feb 2019 - 10 Feb 2019,North Kivu | Mutwanga,Confirmed,0,0,0,7
2019-02-17,2019-02-10,10 Feb 2019 - 17 Feb 2019,North Kivu | Mutwanga,Confirmed,0,0,0,7
2019-02-24,2019-02-17,17 Feb 2019 - 24 Feb 2019,North Kivu | Mutwanga,Confirmed,0,0,0,7
2019-03-03,2019-02-24,24 Feb 2019 - 3 Mar 2019,North Kivu | Mutwanga,Confirmed,0,0,0,7
2019-03-10,2019-03-03,3 Mar 2019 - 10 Mar 2019,North Kivu | Mutwanga,Confirmed,0,0,0,7
2019-03-17,2019-03-10,10 Mar 2019 - 17 Mar 2019,North Kivu | Mutwanga,Confirmed,0,0,0,7
2019-03-24,2019-03-17,17 Mar 2019 - 24 Mar 2019,North Kivu | Mutwanga,Confirmed,0,0,0,7
2019-03-31,2019-03-24,24 Mar 2019 - 31 Mar 2019,North Kivu | Mutwanga,Confirmed,0,0,0,7
2019-04-07,2019-03-31,31 Mar 2019 - 7 Apr 2019,North Kivu | Mutwanga,Confirmed,0,0,0,7
2019-04-14,2019-04-07,7 Apr 2019 - 14 Apr 2019,North Kivu | Mutwanga,Confirmed,0,0,0,7
2019-04-22,2019-04-14,14 Apr 2019 - 22 Apr 2019,North Kivu | Mutwanga,Confirmed,0,0,0,8
2019-04-28,2019-04-22,22 Apr 2019 - 28 Apr 2019,North Kivu | Mutwanga,Confirmed,1,0,0,6
2019-05-05,2019-04-28,28 Apr 2019 - 5 May 2019,North Kivu | Mutwanga,Confirmed,0,0,0,7
2019-05-12,2019-05-05,5 May 2019 - 12 May 2019,North Kivu | Mutwanga,Confirmed,0,0,0,7
2019-05-19,2019-05-12,12 May 2019 - 19 May 2019,North Kivu | Mutwanga,Confirmed,0,0,0,7
2019-05-26,2019-05-19,19 May 2019 - 26 May 2019,North Kivu | Mutwanga,Confirmed,0,0,0,7
2019-06-02,2019-05-26,26 May 2019 - 2 Jun 2019,North Kivu | Mutwanga,Confirmed,0,0,0,7
2019-06-12,2019-06-02,2 Jun 2019 - 12 Jun 2019,North Kivu | Mutwanga,Confirmed,0,0,0,10
2019-06-16,2019-06-12,12 Jun 2019 - 16 Jun 2019,North Kivu | Mutwanga,Confirmed,3,0,0,4
2019-06-23,2019-06-16,16 Jun 2019 - 23 Jun 2019,North Kivu | Mutwanga,Confirmed,0,0,0,7
2019-06-30,2019-06-23,23 Jun 2019 - 30 Jun 2019,North Kivu | Mutwanga,Confirmed,0,0,0,7
2019-07-07,2019-06-30,30 Jun 2019 - 7 Jul 2019,North Kivu | Mutwanga,Confirmed,2,0,0,7
2019-07-14,2019-07-07,7 Jul 2019 - 14 Jul 2019,North Kivu | Mutwanga,Confirmed,1,0,0,7
2019-07-21,2019-07-14,14 Jul 2019 - 21 Jul 2019,North Kivu | Mutwanga,Confirmed,2,0,0,7
2019-07-28,2019-07-21,21 Jul 2019 - 28 Jul 2019,North Kivu | Mutwanga,Confirmed,1,0,0,7
2019-08-04,2019-07-28,28 Jul 2019 - 4 Aug 2019,North Kivu | Mutwanga,Confirmed,2,0,0,7
2019-08-11,2019-08-04,4 Aug 2019 - 11 Aug 2019,North Kivu | Mutwanga,Confirmed,2,0,0,7
2019-08-18,2019-08-11,11 Aug 2019 - 18 Aug 2019,North Kivu | Mutwanga,Confirmed,2,0,0,7
2019-08-25,2019-08-18,18 Aug 2019 - 25 Aug 2019,North Kivu | Mutwanga,Confirmed,5,0,0,7
2019-09-01,2019-08-25,25 Aug 2019 - 1 Sep 2019,North Kivu | Mutwanga,Confirmed,6,0,0,7
2019-09-08,2019-09-01,1 Sep 2019 - 8 Sep 2019,North Kivu | Mutwanga,Confirmed,1,0,0,7
2019-09-15,2019-09-08,8 Sep 2019 - 15 Sep 2019,North Kivu | Mutwanga,Confirmed,0,0,0,7
2019-09-22,2019-09-15,15 Sep 2019 - 22 Sep 2019,North Kivu | Mutwanga,Confirmed,0,0,0,7
2019-09-29,2019-09-22,22 Sep 2019 - 29 Sep 2019,North Kivu | Mutwanga,Confirmed,0,0,0,7
2019-10-06,2019-09-29,29 Sep 2019 - 6 Oct 2019,North Kivu | Mutwanga,Confirmed,0,0,0,7
2019-10-13,2019-10-06,6 Oct 2019 - 13 Oct 2019,North Kivu | Mutwanga,Confirmed,0,0,0,7
2019-10-20,2019-10-13,13 Oct 2019 - 20 Oct 2019,North Kivu | Mutwanga,Confirmed,0,0,0,7
2019-10-27,2019-10-20,20 Oct 2019 - 27 Oct 2019,North Kivu | Mutwanga,Confirmed,0,0,0,7
2019-11-03,2019-10-27,27 Oct 2019 - 3 Nov 2019,North Kivu | Mutwanga,Confirmed,0,0,0,7
2019-11-10,2019-11-03,3 Nov 2019 - 10 Nov 2019,North Kivu | Mutwanga,Confirmed,0,0,0,7
2019-11-17,2019-11-10,10 Nov 2019 - 17 Nov 2019,North Kivu | Mutwanga,Confirmed,0,0,0,7
2019-11-24,2019-11-17,17 Nov 2019 - 24 Nov 2019,North Kivu | Mutwanga,Confirmed,0,0,0,7
2019-12-01,2019-11-24,24 Nov 2019 - 1 Dec 2019,North Kivu | Mutwanga,Confirmed,0,0,0,7
2019-12-08,2019-12-01,1 Dec 2019 - 8 Dec 2019,North Kivu | Mutwanga,Confirmed,0,0,0,7
2019-12-15,2019-12-08,8 Dec 2019 - 15 Dec 2019,North Kivu | Mutwanga,Confirmed,0,0,0,7
2019-12-22,2019-12-15,15 Dec 2019 - 22 Dec 2019,North Kivu | Mutwanga,Confirmed,0,0,0,7
2020-01-05,2019-12-22,22 Dec 2019 - 5 Jan 2020,North Kivu | Mutwanga,Confirmed,0,0,0,14
2020-01-12,2020-01-05,5 Jan 2020 - 12 Jan 2020,North Kivu | Mutwanga,Confirmed,0,0,0,7
2020-01-19,2020-01-12,12 Jan 2020 - 19 Jan 2020,North Kivu | Mutwanga,Confirmed,0,0,0,7
2020-01-26,2020-01-19,19 Jan 2020 - 26 Jan 2020,North Kivu | Mutwanga,Confirmed,0,0,0,7
2018-08-05,,unknown - 5 August 2018,North Kivu | Mutwanga,Probable,0,0,1,
2018-08-12,2018-08-05,5 Aug 2018 - 12 Aug 2018,North Kivu | Mutwanga,Probable,0,0,0,7
2018-08-20,2018-08-12,12 Aug 2018 - 20 Aug 2018,North Kivu | Mutwanga,Probable,0,0,0,8
2018-08-26,2018-08-20,20 Aug 2018 - 26 Aug 2018,North Kivu | Mutwanga,Probable,0,0,0,6
2018-09-02,2018-08-26,26 Aug 2018 - 2 Sep 2018,North Kivu | Mutwanga,Probable,0,0,0,7
2018-09-09,2018-09-02,2 Sep 2018 - 9 Sep 2018,North Kivu | Mutwanga,Probable,0,0,0,7
2018-09-16,2018-09-09,9 Sep 2018 - 16 Sep 2018,North Kivu | Mutwanga,Probable,0,0,0,7
2018-09-23,2018-09-16,16 Sep 2018 - 23 Sep 2018,North Kivu | Mutwanga,Probable,0,0,0,7
2018-10-02,2018-09-23,23 Sep 2018 - 2 Oct 2018,North Kivu | Mutwanga,Probable,0,0,0,9
2018-10-07,2018-10-02,2 Oct 2018 - 7 Oct 2018,North Kivu | Mutwanga,Probable,0,0,0,5
2018-10-15,2018-10-07,7 Oct 2018 - 15 Oct 2018,North Kivu | Mutwanga,Probable,0,0,0,8
2018-10-21,2018-10-15,15 Oct 2018 - 21 Oct 2018,North Kivu | Mutwanga,Probable,0,0,0,6
2018-10-28,2018-10-21,21 Oct 2018 - 28 Oct 2018,North Kivu | Mutwanga,Probable,0,0,0,7
2018-11-04,2018-10-28,28 Oct 2018 - 4 Nov 2018,North Kivu | Mutwanga,Probable,0,0,0,7
2018-11-11,2018-11-04,4 Nov 2018 - 11 Nov 2018,North Kivu | Mutwanga,Probable,0,0,0,7
2018-11-19,2018-11-11,11 Nov 2018 - 19 Nov 2018,North Kivu | Mutwanga,Probable,0,0,0,8
2018-11-26,2018-11-19,19 Nov 2018 - 26 Nov 2018,North Kivu | Mutwanga,Probable,0,0,0,7
2018-12-03,2018-11-26,26 Nov 2018 - 3 Dec 2018,North Kivu | Mutwanga,Probable,0,0,0,7
2018-12-10,2018-12-03,3 Dec 2018 - 10 Dec 2018,North Kivu | Mutwanga,Probable,0,0,0,7
2018-12-16,2018-12-10,10 Dec 2018 - 16 Dec 2018,North Kivu | Mutwanga,Probable,0,0,0,6
2018-12-25,2018-12-16,16 Dec 2018 - 25 Dec 2018,North Kivu | Mutwanga,Probable,0,0,0,9
2019-01-01,2018-12-25,25 Dec 2018 - 1 Jan 2019,North Kivu | Mutwanga,Probable,0,0,0,7
2019-01-06,2019-01-01,1 Jan 2019 - 6 Jan 2019,North Kivu | Mutwanga,Probable,0,0,0,5
2019-01-14,2019-01-06,6 Jan 2019 - 14 Jan 2019,North Kivu | Mutwanga,Probable,0,0,0,8
2019-01-21,2019-01-14,14 Jan 2019 - 21 Jan 2019,North Kivu | Mutwanga,Probable,0,0,0,7
2019-01-28,2019-01-21,21 Jan 2019 - 28 Jan 2019,North Kivu | Mutwanga,Probable,0,0,0,7
2019-02-03,2019-01-28,28 Jan 2019 - 3 Feb 2019,North Kivu | Mutwanga,Probable,0,0,0,6
2019-02-10,2019-02-03,3 Feb 2019 - 10 Feb 2019,North Kivu | Mutwanga,Probable,0,0,0,7
2019-02-17,2019-02-10,10 Feb 2019 - 17 Feb 2019,North Kivu | Mutwanga,Probable,0,0,0,7
2019-02-24,2019-02-17,17 Feb 2019 - 24 Feb 2019,North Kivu | Mutwanga,Probable,0,0,0,7
2019-03-03,2019-02-24,24 Feb 2019 - 3 Mar 2019,North Kivu | Mutwanga,Probable,0,0,0,7
2019-03-10,2019-03-03,3 Mar 2019 - 10 Mar 2019,North Kivu | Mutwanga,Probable,0,0,0,7
2019-03-17,2019-03-10,10 Mar 2019 - 17 Mar 2019,North Kivu | Mutwanga,Probable,0,0,0,7
2019-03-24,2019-03-17,17 Mar 2019 - 24 Mar 2019,North Kivu | Mutwanga,Probable,0,0,0,7
2019-03-31,2019-03-24,24 Mar 2019 - 31 Mar 2019,North Kivu | Mutwanga,Probable,0,0,0,7
2019-04-07,2019-03-31,31 Mar 2019 - 7 Apr 2019,North Kivu | Mutwanga,Probable,0,0,0,7
2019-04-14,2019-04-07,7 Apr 2019 - 14 Apr 2019,North Kivu | Mutwanga,Probable,0,0,0,7
2019-04-22,2019-04-14,14 Apr 2019 - 22 Apr 2019,North Kivu | Mutwanga,Probable,0,0,0,8
2019-04-28,2019-04-22,22 Apr 2019 - 28 Apr 2019,North Kivu | Mutwanga,Probable,0,0,0,6
2019-05-05,2019-04-28,28 Apr 2019 - 5 May 2019,North Kivu | Mutwanga,Probable,0,0,0,7
2019-05-12,2019-05-05,5 May 2019 - 12 May 2019,North Kivu | Mutwanga,Probable,0,0,0,7
2019-05-19,2019-05-12,12 May 2019 - 19 May 2019,North Kivu | Mutwanga,Probable,0,0,0,7
2019-05-26,2019-05-19,19 May 2019 - 26 May 2019,North Kivu | Mutwanga,Probable,0,0,0,7
2019-06-02,2019-05-26,26 May 2019 - 2 Jun 2019,North Kivu | Mutwanga,Probable,0,0,0,7
2019-06-12,2019-06-02,2 Jun 2019 - 12 Jun 2019,North Kivu | Mutwanga,Probable,0,0,0,10
2019-06-16,2019-06-12,12 Jun 2019 - 16 Jun 2019,North Kivu | Mutwanga,Probable,0,0,0,4
2019-06-23,2019-06-16,16 Jun 2019 - 23 Jun 2019,North Kivu | Mutwanga,Probable,0,0,0,7
2019-06-30,2019-06-23,23 Jun 2019 - 30 Jun 2019,North Kivu | Mutwanga,Probable,0,0,0,7
2019-07-07,2019-06-30,30 Jun 2019 - 7 Jul 2019,North Kivu | Mutwanga,Probable,0,0,0,7
2019-07-14,2019-07-07,7 Jul 2019 - 14 Jul 2019,North Kivu | Mutwanga,Probable,0,0,0,7
2019-07-21,2019-07-14,14 Jul 2019 - 21 Jul 2019,North Kivu | Mutwanga,Probable,0,0,0,7
2019-07-28,2019-07-21,21 Jul 2019 - 28 Jul 2019,North Kivu | Mutwanga,Probable,0,0,0,7
2019-08-04,2019-07-28,28 Jul 2019 - 4 Aug 2019,North Kivu | Mutwanga,Probable,0,0,0,7
2019-08-11,2019-08-04,4 Aug 2019 - 11 Aug 2019,North Kivu | Mutwanga,Probable,0,0,0,7
2019-08-18,2019-08-11,11 Aug 2019 - 18 Aug 2019,North Kivu | Mutwanga,Probable,0,0,0,7
2019-08-25,2019-08-18,18 Aug 2019 - 25 Aug 2019,North Kivu | Mutwanga,Probable,0,0,0,7
2019-09-01,2019-08-25,25 Aug 2019 - 1 Sep 2019,North Kivu | Mutwanga,Probable,0,0,0,7
2019-09-08,2019-09-01,1 Sep 2019 - 8 Sep 2019,North Kivu | Mutwanga,Probable,0,0,0,7
2019-09-15,2019-09-08,8 Sep 2019 - 15 Sep 2019,North Kivu | Mutwanga,Probable,0,0,0,7
2019-09-22,2019-09-15,15 Sep 2019 - 22 Sep 2019,North Kivu | Mutwanga,Probable,0,0,0,7
2019-09-29,2019-09-22,22 Sep 2019 - 29 Sep 2019,North Kivu | Mutwanga,Probable,0,0,0,7
2019-10-06,2019-09-29,29 Sep 2019 - 6 Oct 2019,North Kivu | Mutwanga,Probable,0,0,0,7
2019-10-13,2019-10-06,6 Oct 2019 - 13 Oct 2019,North Kivu | Mutwanga,Probable,0,0,0,7
2019-10-20,2019-10-13,13 Oct 2019 - 20 Oct 2019,North Kivu | Mutwanga,Probable,0,0,0,7
2019-10-27,2019-10-20,20 Oct 2019 - 27 Oct 2019,North Kivu | Mutwanga,Probable,0,0,0,7
2019-11-03,2019-10-27,27 Oct 2019 - 3 Nov 2019,North Kivu | Mutwanga,Probable,0,0,0,7
2019-11-10,2019-11-03,3 Nov 2019 - 10 Nov 2019,North Kivu | Mutwanga,Probable,0,0,0,7
2019-11-17,2019-11-10,10 Nov 2019 - 17 Nov 2019,North Kivu | Mutwanga,Probable,0,0,0,7
2019-11-24,2019-11-17,17 Nov 2019 - 24 Nov 2019,North Kivu | Mutwanga,Probable,0,0,0,7
2019-12-01,2019-11-24,24 Nov 2019 - 1 Dec 2019,North Kivu | Mutwanga,Probable,0,0,0,7
2019-12-08,2019-12-01,1 Dec 2019 - 8 Dec 2019,North Kivu | Mutwanga,Probable,0,0,0,7
2019-12-15,2019-12-08,8 Dec 2019 - 15 Dec 2019,North Kivu | Mutwanga,Probable,0,0,0,7
2019-12-22,2019-12-15,15 Dec 2019 - 22 Dec 2019,North Kivu | Mutwanga,Probable,0,0,0,7
2020-01-05,2019-12-22,22 Dec 2019 - 5 Jan 2020,North Kivu | Mutwanga,Probable,0,0,0,14
2020-01-12,2020-01-05,5 Jan 2020 - 12 Jan 2020,North Kivu | Mutwanga,Probable,0,0,0,7
2020-01-19,2020-01-12,12 Jan 2020 - 19 Jan 2020,North Kivu | Mutwanga,Probable,0,0,0,7
2020-01-26,2020-01-19,19 Jan 2020 - 26 Jan 2020,North Kivu | Mutwanga,Probable,0,0,0,7
2018-08-05,,unknown - 5 August 2018,North Kivu | Nyiragongo,Confirmed,0,0,1,
2018-08-12,2018-08-05,5 Aug 2018 - 12 Aug 2018,North Kivu | Nyiragongo,Confirmed,0,0,0,7
2018-08-20,2018-08-12,12 Aug 2018 - 20 Aug 2018,North Kivu | Nyiragongo,Confirmed,0,0,0,8
2018-08-26,2018-08-20,20 Aug 2018 - 26 Aug 2018,North Kivu | Nyiragongo,Confirmed,0,0,0,6
2018-09-02,2018-08-26,26 Aug 2018 - 2 Sep 2018,North Kivu | Nyiragongo,Confirmed,0,0,0,7
2018-09-09,2018-09-02,2 Sep 2018 - 9 Sep 2018,North Kivu | Nyiragongo,Confirmed,0,0,0,7
2018-09-16,2018-09-09,9 Sep 2018 - 16 Sep 2018,North Kivu | Nyiragongo,Confirmed,0,0,0,7
2018-09-23,2018-09-16,16 Sep 2018 - 23 Sep 2018,North Kivu | Nyiragongo,Confirmed,0,0,0,7
2018-10-02,2018-09-23,23 Sep 2018 - 2 Oct 2018,North Kivu | Nyiragongo,Confirmed,0,0,0,9
2018-10-07,2018-10-02,2 Oct 2018 - 7 Oct 2018,North Kivu | Nyiragongo,Confirmed,0,0,0,5
2018-10-15,2018-10-07,7 Oct 2018 - 15 Oct 2018,North Kivu | Nyiragongo,Confirmed,0,0,0,8
2018-10-21,2018-10-15,15 Oct 2018 - 21 Oct 2018,North Kivu | Nyiragongo,Confirmed,0,0,0,6
2018-10-28,2018-10-21,21 Oct 2018 - 28 Oct 2018,North Kivu | Nyiragongo,Confirmed,0,0,0,7
2018-11-04,2018-10-28,28 Oct 2018 - 4 Nov 2018,North Kivu | Nyiragongo,Confirmed,0,0,0,7
2018-11-11,2018-11-04,4 Nov 2018 - 11 Nov 2018,North Kivu | Nyiragongo,Confirmed,0,0,0,7
2018-11-19,2018-11-11,11 Nov 2018 - 19 Nov 2018,North Kivu | Nyiragongo,Confirmed,0,0,0,8
2018-11-26,2018-11-19,19 Nov 2018 - 26 Nov 2018,North Kivu | Nyiragongo,Confirmed,0,0,0,7
2018-12-03,2018-11-26,26 Nov 2018 - 3 Dec 2018,North Kivu | Nyiragongo,Confirmed,0,0,0,7
2018-12-10,2018-12-03,3 Dec 2018 - 10 Dec 2018,North Kivu | Nyiragongo,Confirmed,0,0,0,7
2018-12-16,2018-12-10,10 Dec 2018 - 16 Dec 2018,North Kivu | Nyiragongo,Confirmed,0,0,0,6
2018-12-25,2018-12-16,16 Dec 2018 - 25 Dec 2018,North Kivu | Nyiragongo,Confirmed,0,0,0,9
2019-01-01,2018-12-25,25 Dec 2018 - 1 Jan 2019,North Kivu | Nyiragongo,Confirmed,0,0,0,7
2019-01-06,2019-01-01,1 Jan 2019 - 6 Jan 2019,North Kivu | Nyiragongo,Confirmed,0,0,0,5
2019-01-14,2019-01-06,6 Jan 2019 - 14 Jan 2019,North Kivu | Nyiragongo,Confirmed,0,0,0,8
2019-01-21,2019-01-14,14 Jan 2019 - 21 Jan 2019,North Kivu | Nyiragongo,Confirmed,0,0,0,7
2019-01-28,2019-01-21,21 Jan 2019 - 28 Jan 2019,North Kivu | Nyiragongo,Confirmed,0,0,0,7
2019-02-03,2019-01-28,28 Jan 2019 - 3 Feb 2019,North Kivu | Nyiragongo,Confirmed,0,0,0,6
2019-02-10,2019-02-03,3 Feb 2019 - 10 Feb 2019,North Kivu | Nyiragongo,Confirmed,0,0,0,7
2019-02-17,2019-02-10,10 Feb 2019 - 17 Feb 2019,North Kivu | Nyiragongo,Confirmed,0,0,0,7
2019-02-24,2019-02-17,17 Feb 2019 - 24 Feb 2019,North Kivu | Nyiragongo,Confirmed,0,0,0,7
2019-03-03,2019-02-24,24 Feb 2019 - 3 Mar 2019,North Kivu | Nyiragongo,Confirmed,0,0,0,7
2019-03-10,2019-03-03,3 Mar 2019 - 10 Mar 2019,North Kivu | Nyiragongo,Confirmed,0,0,0,7
2019-03-17,2019-03-10,10 Mar 2019 - 17 Mar 2019,North Kivu | Nyiragongo,Confirmed,0,0,0,7
2019-03-24,2019-03-17,17 Mar 2019 - 24 Mar 2019,North Kivu | Nyiragongo,Confirmed,0,0,0,7
2019-03-31,2019-03-24,24 Mar 2019 - 31 Mar 2019,North Kivu | Nyiragongo,Confirmed,0,0,0,7
2019-04-07,2019-03-31,31 Mar 2019 - 7 Apr 2019,North Kivu | Nyiragongo,Confirmed,0,0,0,7
2019-04-14,2019-04-07,7 Apr 2019 - 14 Apr 2019,North Kivu | Nyiragongo,Confirmed,0,0,0,7
2019-04-22,2019-04-14,14 Apr 2019 - 22 Apr 2019,North Kivu | Nyiragongo,Confirmed,0,0,0,8
2019-04-28,2019-04-22,22 Apr 2019 - 28 Apr 2019,North Kivu | Nyiragongo,Confirmed,0,0,0,6
2019-05-05,2019-04-28,28 Apr 2019 - 5 May 2019,North Kivu | Nyiragongo,Confirmed,0,0,0,7
2019-05-12,2019-05-05,5 May 2019 - 12 May 2019,North Kivu | Nyiragongo,Confirmed,0,0,0,7
2019-05-19,2019-05-12,12 May 2019 - 19 May 2019,North Kivu | Nyiragongo,Confirmed,0,0,0,7
2019-05-26,2019-05-19,19 May 2019 - 26 May 2019,North Kivu | Nyiragongo,Confirmed,0,0,0,7
2019-06-02,2019-05-26,26 May 2019 - 2 Jun 2019,North Kivu | Nyiragongo,Confirmed,0,0,0,7
2019-06-12,2019-06-02,2 Jun 2019 - 12 Jun 2019,North Kivu | Nyiragongo,Confirmed,0,0,0,10
2019-06-16,2019-06-12,12 Jun 2019 - 16 Jun 2019,North Kivu | Nyiragongo,Confirmed,0,0,0,4
2019-06-23,2019-06-16,16 Jun 2019 - 23 Jun 2019,North Kivu | Nyiragongo,Confirmed,0,0,0,7
2019-06-30,2019-06-23,23 Jun 2019 - 30 Jun 2019,North Kivu | Nyiragongo,Confirmed,0,0,0,7
2019-07-07,2019-06-30,30 Jun 2019 - 7 Jul 2019,North Kivu | Nyiragongo,Confirmed,0,0,0,7
2019-07-14,2019-07-07,7 Jul 2019 - 14 Jul 2019,North Kivu | Nyiragongo,Confirmed,0,0,0,7
2019-07-21,2019-07-14,14 Jul 2019 - 21 Jul 2019,North Kivu | Nyiragongo,Confirmed,0,0,0,7
2019-07-28,2019-07-21,21 Jul 2019 - 28 Jul 2019,North Kivu | Nyiragongo,Confirmed,0,0,0,7
2019-08-04,2019-07-28,28 Jul 2019 - 4 Aug 2019,North Kivu | Nyiragongo,Confirmed,3,0,0,7
2019-08-11,2019-08-04,4 Aug 2019 - 11 Aug 2019,North Kivu | Nyiragongo,Confirmed,0,0,0,7
2019-08-18,2019-08-11,11 Aug 2019 - 18 Aug 2019,North Kivu | Nyiragongo,Confirmed,0,0,0,7
2019-08-25,2019-08-18,18 Aug 2019 - 25 Aug 2019,North Kivu | Nyiragongo,Confirmed,0,0,0,7
2019-09-01,2019-08-25,25 Aug 2019 - 1 Sep 2019,North Kivu | Nyiragongo,Confirmed,0,0,0,7
2019-09-08,2019-09-01,1 Sep 2019 - 8 Sep 2019,North Kivu | Nyiragongo,Confirmed,0,0,0,7
2019-09-15,2019-09-08,8 Sep 2019 - 15 Sep 2019,North Kivu | Nyiragongo,Confirmed,0,0,0,7
2019-09-22,2019-09-15,15 Sep 2019 - 22 Sep 2019,North Kivu | Nyiragongo,Confirmed,0,0,0,7
2019-09-29,2019-09-22,22 Sep 2019 - 29 Sep 2019,North Kivu | Nyiragongo,Confirmed,0,0,0,7
2019-10-06,2019-09-29,29 Sep 2019 - 6 Oct 2019,North Kivu | Nyiragongo,Confirmed,0,0,0,7
2019-10-13,2019-10-06,6 Oct 2019 - 13 Oct 2019,North Kivu | Nyiragongo,Confirmed,0,0,0,7
2019-10-20,2019-10-13,13 Oct 2019 - 20 Oct 2019,North Kivu | Nyiragongo,Confirmed,0,0,0,7
2019-10-27,2019-10-20,20 Oct 2019 - 27 Oct 2019,North Kivu | Nyiragongo,Confirmed,0,0,0,7
2019-11-03,2019-10-27,27 Oct 2019 - 3 Nov 2019,North Kivu | Nyiragongo,Confirmed,0,0,0,7
2019-11-10,2019-11-03,3 Nov 2019 - 10 Nov 2019,North Kivu | Nyiragongo,Confirmed,0,0,0,7
2019-11-17,2019-11-10,10 Nov 2019 - 17 Nov 2019,North Kivu | Nyiragongo,Confirmed,0,0,0,7
2019-11-24,2019-11-17,17 Nov 2019 - 24 Nov 2019,North Kivu | Nyiragongo,Confirmed,0,0,0,7
2019-12-01,2019-11-24,24 Nov 2019 - 1 Dec 2019,North Kivu | Nyiragongo,Confirmed,0,0,0,7
2019-12-08,2019-12-01,1 Dec 2019 - 8 Dec 2019,North Kivu | Nyiragongo,Confirmed,0,0,0,7
2019-12-15,2019-12-08,8 Dec 2019 - 15 Dec 2019,North Kivu | Nyiragongo,Confirmed,0,0,0,7
2019-12-22,2019-12-15,15 Dec 2019 - 22 Dec 2019,North Kivu | Nyiragongo,Confirmed,0,0,0,7
2020-01-05,2019-12-22,22 Dec 2019 - 5 Jan 2020,North Kivu | Nyiragongo,Confirmed,0,0,0,14
2020-01-12,2020-01-05,5 Jan 2020 - 12 Jan 2020,North Kivu | Nyiragongo,Confirmed,0,0,0,7
2020-01-19,2020-01-12,12 Jan 2020 - 19 Jan 2020,North Kivu | Nyiragongo,Confirmed,0,0,0,7
2020-01-26,2020-01-19,19 Jan 2020 - 26 Jan 2020,North Kivu | Nyiragongo,Confirmed,0,0,0,7
2018-08-05,,unknown - 5 August 2018,North Kivu | Nyiragongo,Probable,0,0,1,
2018-08-12,2018-08-05,5 Aug 2018 - 12 Aug 2018,North Kivu | Nyiragongo,Probable,0,0,0,7
2018-08-20,2018-08-12,12 Aug 2018 - 20 Aug 2018,North Kivu | Nyiragongo,Probable,0,0,0,8
2018-08-26,2018-08-20,20 Aug 2018 - 26 Aug 2018,North Kivu | Nyiragongo,Probable,0,0,0,6
2018-09-02,2018-08-26,26 Aug 2018 - 2 Sep 2018,North Kivu | Nyiragongo,Probable,0,0,0,7
2018-09-09,2018-09-02,2 Sep 2018 - 9 Sep 2018,North Kivu | Nyiragongo,Probable,0,0,0,7
2018-09-16,2018-09-09,9 Sep 2018 - 16 Sep 2018,North Kivu | Nyiragongo,Probable,0,0,0,7
2018-09-23,2018-09-16,16 Sep 2018 - 23 Sep 2018,North Kivu | Nyiragongo,Probable,0,0,0,7
2018-10-02,2018-09-23,23 Sep 2018 - 2 Oct 2018,North Kivu | Nyiragongo,Probable,0,0,0,9
2018-10-07,2018-10-02,2 Oct 2018 - 7 Oct 2018,North Kivu | Nyiragongo,Probable,0,0,0,5
2018-10-15,2018-10-07,7 Oct 2018 - 15 Oct 2018,North Kivu | Nyiragongo,Probable,0,0,0,8
2018-10-21,2018-10-15,15 Oct 2018 - 21 Oct 2018,North Kivu | Nyiragongo,Probable,0,0,0,6
2018-10-28,2018-10-21,21 Oct 2018 - 28 Oct 2018,North Kivu | Nyiragongo,Probable,0,0,0,7
2018-11-04,2018-10-28,28 Oct 2018 - 4 Nov 2018,North Kivu | Nyiragongo,Probable,0,0,0,7
2018-11-11,2018-11-04,4 Nov 2018 - 11 Nov 2018,North Kivu | Nyiragongo,Probable,0,0,0,7
2018-11-19,2018-11-11,11 Nov 2018 - 19 Nov 2018,North Kivu | Nyiragongo,Probable,0,0,0,8
2018-11-26,2018-11-19,19 Nov 2018 - 26 Nov 2018,North Kivu | Nyiragongo,Probable,0,0,0,7
2018-12-03,2018-11-26,26 Nov 2018 - 3 Dec 2018,North Kivu | Nyiragongo,Probable,0,0,0,7
2018-12-10,2018-12-03,3 Dec 2018 - 10 Dec 2018,North Kivu | Nyiragongo,Probable,0,0,0,7
2018-12-16,2018-12-10,10 Dec 2018 - 16 Dec 2018,North Kivu | Nyiragongo,Probable,0,0,0,6
2018-12-25,2018-12-16,16 Dec 2018 - 25 Dec 2018,North Kivu | Nyiragongo,Probable,0,0,0,9
2019-01-01,2018-12-25,25 Dec 2018 - 1 Jan 2019,North Kivu | Nyiragongo,Probable,0,0,0,7
2019-01-06,2019-01-01,1 Jan 2019 - 6 Jan 2019,North Kivu | Nyiragongo,Probable,0,0,0,5
2019-01-14,2019-01-06,6 Jan 2019 - 14 Jan 2019,North Kivu | Nyiragongo,Probable,0,0,0,8
2019-01-21,2019-01-14,14 Jan 2019 - 21 Jan 2019,North Kivu | Nyiragongo,Probable,0,0,0,7
2019-01-28,2019-01-21,21 Jan 2019 - 28 Jan 2019,North Kivu | Nyiragongo,Probable,0,0,0,7
2019-02-03,2019-01-28,28 Jan 2019 - 3 Feb 2019,North Kivu | Nyiragongo,Probable,0,0,0,6
2019-02-10,2019-02-03,3 Feb 2019 - 10 Feb 2019,North Kivu | Nyiragongo,Probable,0,0,0,7
2019-02-17,2019-02-10,10 Feb 2019 - 17 Feb 2019,North Kivu | Nyiragongo,Probable,0,0,0,7
2019-02-24,2019-02-17,17 Feb 2019 - 24 Feb 2019,North Kivu | Nyiragongo,Probable,0,0,0,7
2019-03-03,2019-02-24,24 Feb 2019 - 3 Mar 2019,North Kivu | Nyiragongo,Probable,0,0,0,7
2019-03-10,2019-03-03,3 Mar 2019 - 10 Mar 2019,North Kivu | Nyiragongo,Probable,0,0,0,7
2019-03-17,2019-03-10,10 Mar 2019 - 17 Mar 2019,North Kivu | Nyiragongo,Probable,0,0,0,7
2019-03-24,2019-03-17,17 Mar 2019 - 24 Mar 2019,North Kivu | Nyiragongo,Probable,0,0,0,7
2019-03-31,2019-03-24,24 Mar 2019 - 31 Mar 2019,North Kivu | Nyiragongo,Probable,0,0,0,7
2019-04-07,2019-03-31,31 Mar 2019 - 7 Apr 2019,North Kivu | Nyiragongo,Probable,0,0,0,7
2019-04-14,2019-04-07,7 Apr 2019 - 14 Apr 2019,North Kivu | Nyiragongo,Probable,0,0,0,7
2019-04-22,2019-04-14,14 Apr 2019 - 22 Apr 2019,North Kivu | Nyiragongo,Probable,0,0,0,8
2019-04-28,2019-04-22,22 Apr 2019 - 28 Apr 2019,North Kivu | Nyiragongo,Probable,0,0,0,6
2019-05-05,2019-04-28,28 Apr 2019 - 5 May 2019,North Kivu | Nyiragongo,Probable,0,0,0,7
2019-05-12,2019-05-05,5 May 2019 - 12 May 2019,North Kivu | Nyiragongo,Probable,0,0,0,7
2019-05-19,2019-05-12,12 May 2019 - 19 May 2019,North Kivu | Nyiragongo,Probable,0,0,0,7
2019-05-26,2019-05-19,19 May 2019 - 26 May 2019,North Kivu | Nyiragongo,Probable,0,0,0,7
2019-06-02,2019-05-26,26 May 2019 - 2 Jun 2019,North Kivu | Nyiragongo,Probable,0,0,0,7
2019-06-12,2019-06-02,2 Jun 2019 - 12 Jun 2019,North Kivu | Nyiragongo,Probable,0,0,0,10
2019-06-16,2019-06-12,12 Jun 2019 - 16 Jun 2019,North Kivu | Nyiragongo,Probable,0,0,0,4
2019-06-23,2019-06-16,16 Jun 2019 - 23 Jun 2019,North Kivu | Nyiragongo,Probable,0,0,0,7
2019-06-30,2019-06-23,23 Jun 2019 - 30 Jun 2019,North Kivu | Nyiragongo,Probable,0,0,0,7
2019-07-07,2019-06-30,30 Jun 2019 - 7 Jul 2019,North Kivu | Nyiragongo,Probable,0,0,0,7
2019-07-14,2019-07-07,7 Jul 2019 - 14 Jul 2019,North Kivu | Nyiragongo,Probable,0,0,0,7
2019-07-21,2019-07-14,14 Jul 2019 - 21 Jul 2019,North Kivu | Nyiragongo,Probable,0,0,0,7
2019-07-28,2019-07-21,21 Jul 2019 - 28 Jul 2019,North Kivu | Nyiragongo,Probable,0,0,0,7
2019-08-04,2019-07-28,28 Jul 2019 - 4 Aug 2019,North Kivu | Nyiragongo,Probable,0,0,0,7
2019-08-11,2019-08-04,4 Aug 2019 - 11 Aug 2019,North Kivu | Nyiragongo,Probable,0,0,0,7
2019-08-18,2019-08-11,11 Aug 2019 - 18 Aug 2019,North Kivu | Nyiragongo,Probable,0,0,0,7
2019-08-25,2019-08-18,18 Aug 2019 - 25 Aug 2019,North Kivu | Nyiragongo,Probable,0,0,0,7
2019-09-01,2019-08-25,25 Aug 2019 - 1 Sep 2019,North Kivu | Nyiragongo,Probable,0,0,0,7
2019-09-08,2019-09-01,1 Sep 2019 - 8 Sep 2019,North Kivu | Nyiragongo,Probable,0,0,0,7
2019-09-15,2019-09-08,8 Sep 2019 - 15 Sep 2019,North Kivu | Nyiragongo,Probable,0,0,0,7
2019-09-22,2019-09-15,15 Sep 2019 - 22 Sep 2019,North Kivu | Nyiragongo,Probable,0,0,0,7
2019-09-29,2019-09-22,22 Sep 2019 - 29 Sep 2019,North Kivu | Nyiragongo,Probable,0,0,0,7
2019-10-06,2019-09-29,29 Sep 2019 - 6 Oct 2019,North Kivu | Nyiragongo,Probable,0,0,0,7
2019-10-13,2019-10-06,6 Oct 2019 - 13 Oct 2019,North Kivu | Nyiragongo,Probable,0,0,0,7
2019-10-20,2019-10-13,13 Oct 2019 - 20 Oct 2019,North Kivu | Nyiragongo,Probable,0,0,0,7
2019-10-27,2019-10-20,20 Oct 2019 - 27 Oct 2019,North Kivu | Nyiragongo,Probable,0,0,0,7
2019-11-03,2019-10-27,27 Oct 2019 - 3 Nov 2019,North Kivu | Nyiragongo,Probable,0,0,0,7
2019-11-10,2019-11-03,3 Nov 2019 - 10 Nov 2019,North Kivu | Nyiragongo,Probable,0,0,0,7
2019-11-17,2019-11-10,10 Nov 2019 - 17 Nov 2019,North Kivu | Nyiragongo,Probable,0,0,0,7
2019-11-24,2019-11-17,17 Nov 2019 - 24 Nov 2019,North Kivu | Nyiragongo,Probable,0,0,0,7
2019-12-01,2019-11-24,24 Nov 2019 - 1 Dec 2019,North Kivu | Nyiragongo,Probable,0,0,0,7
2019-12-08,2019-12-01,1 Dec 2019 - 8 Dec 2019,North Kivu | Nyiragongo,Probable,0,0,0,7
2019-12-15,2019-12-08,8 Dec 2019 - 15 Dec 2019,North Kivu | Nyiragongo,Probable,0,0,0,7
2019-12-22,2019-12-15,15 Dec 2019 - 22 Dec 2019,North Kivu | Nyiragongo,Probable,0,0,0,7
2020-01-05,2019-12-22,22 Dec 2019 - 5 Jan 2020,North Kivu | Nyiragongo,Probable,0,0,0,14
2020-01-12,2020-01-05,5 Jan 2020 - 12 Jan 2020,North Kivu | Nyiragongo,Probable,0,0,0,7
2020-01-19,2020-01-12,12 Jan 2020 - 19 Jan 2020,North Kivu | Nyiragongo,Probable,0,0,0,7
2020-01-26,2020-01-19,19 Jan 2020 - 26 Jan 2020,North Kivu | Nyiragongo,Probable,0,0,0,7
2018-08-05,,unknown - 5 August 2018,North Kivu | Oicha,Confirmed,0,0,1,
2018-08-12,2018-08-05,5 Aug 2018 - 12 Aug 2018,North Kivu | Oicha,Confirmed,0,0,0,7
2018-08-20,2018-08-12,12 Aug 2018 - 20 Aug 2018,North Kivu | Oicha,Confirmed,1,0,0,8
2018-08-26,2018-08-20,20 Aug 2018 - 26 Aug 2018,North Kivu | Oicha,Confirmed,1,0,0,6
2018-09-02,2018-08-26,26 Aug 2018 - 2 Sep 2018,North Kivu | Oicha,Confirmed,0,0,0,7
2018-09-09,2018-09-02,2 Sep 2018 - 9 Sep 2018,North Kivu | Oicha,Confirmed,0,0,0,7
2018-09-16,2018-09-09,9 Sep 2018 - 16 Sep 2018,North Kivu | Oicha,Confirmed,0,0,0,7
2018-09-23,2018-09-16,16 Sep 2018 - 23 Sep 2018,North Kivu | Oicha,Confirmed,0,0,0,7
2018-10-02,2018-09-23,23 Sep 2018 - 2 Oct 2018,North Kivu | Oicha,Confirmed,0,0,0,9
2018-10-07,2018-10-02,2 Oct 2018 - 7 Oct 2018,North Kivu | Oicha,Confirmed,0,0,0,5
2018-10-15,2018-10-07,7 Oct 2018 - 15 Oct 2018,North Kivu | Oicha,Confirmed,0,0,0,8
2018-10-21,2018-10-15,15 Oct 2018 - 21 Oct 2018,North Kivu | Oicha,Confirmed,0,0,0,6
2018-10-28,2018-10-21,21 Oct 2018 - 28 Oct 2018,North Kivu | Oicha,Confirmed,0,0,0,7
2018-11-04,2018-10-28,28 Oct 2018 - 4 Nov 2018,North Kivu | Oicha,Confirmed,0,0,0,7
2018-11-11,2018-11-04,4 Nov 2018 - 11 Nov 2018,North Kivu | Oicha,Confirmed,0,0,0,7
2018-11-19,2018-11-11,11 Nov 2018 - 19 Nov 2018,North Kivu | Oicha,Confirmed,0,0,0,8
2018-11-26,2018-11-19,19 Nov 2018 - 26 Nov 2018,North Kivu | Oicha,Confirmed,2,0,0,7
2018-12-03,2018-11-26,26 Nov 2018 - 3 Dec 2018,North Kivu | Oicha,Confirmed,0,0,0,7
2018-12-10,2018-12-03,3 Dec 2018 - 10 Dec 2018,North Kivu | Oicha,Confirmed,3,0,0,7
2018-12-16,2018-12-10,10 Dec 2018 - 16 Dec 2018,North Kivu | Oicha,Confirmed,1,0,0,6
2018-12-25,2018-12-16,16 Dec 2018 - 25 Dec 2018,North Kivu | Oicha,Confirmed,3,0,0,9
2019-01-01,2018-12-25,25 Dec 2018 - 1 Jan 2019,North Kivu | Oicha,Confirmed,6,0,0,7
2019-01-06,2019-01-01,1 Jan 2019 - 6 Jan 2019,North Kivu | Oicha,Confirmed,6,0,0,5
2019-01-14,2019-01-06,6 Jan 2019 - 14 Jan 2019,North Kivu | Oicha,Confirmed,1,0,0,8
2019-01-21,2019-01-14,14 Jan 2019 - 21 Jan 2019,North Kivu | Oicha,Confirmed,3,0,0,7
2019-01-28,2019-01-21,21 Jan 2019 - 28 Jan 2019,North Kivu | Oicha,Confirmed,2,0,0,7
2019-02-03,2019-01-28,28 Jan 2019 - 3 Feb 2019,North Kivu | Oicha,Confirmed,0,0,0,6
2019-02-10,2019-02-03,3 Feb 2019 - 10 Feb 2019,North Kivu | Oicha,Confirmed,1,0,0,7
2019-02-17,2019-02-10,10 Feb 2019 - 17 Feb 2019,North Kivu | Oicha,Confirmed,0,0,0,7
2019-02-24,2019-02-17,17 Feb 2019 - 24 Feb 2019,North Kivu | Oicha,Confirmed,0,0,0,7
2019-03-03,2019-02-24,24 Feb 2019 - 3 Mar 2019,North Kivu | Oicha,Confirmed,1,0,0,7
2019-03-10,2019-03-03,3 Mar 2019 - 10 Mar 2019,North Kivu | Oicha,Confirmed,0,0,0,7
2019-03-17,2019-03-10,10 Mar 2019 - 17 Mar 2019,North Kivu | Oicha,Confirmed,0,0,0,7
2019-03-24,2019-03-17,17 Mar 2019 - 24 Mar 2019,North Kivu | Oicha,Confirmed,2,0,0,7
2019-03-31,2019-03-24,24 Mar 2019 - 31 Mar 2019,North Kivu | Oicha,Confirmed,6,0,0,7
2019-04-07,2019-03-31,31 Mar 2019 - 7 Apr 2019,North Kivu | Oicha,Confirmed,1,0,0,7
2019-04-14,2019-04-07,7 Apr 2019 - 14 Apr 2019,North Kivu | Oicha,Confirmed,0,0,0,7
2019-04-22,2019-04-14,14 Apr 2019 - 22 Apr 2019,North Kivu | Oicha,Confirmed,0,0,0,8
2019-04-28,2019-04-22,22 Apr 2019 - 28 Apr 2019,North Kivu | Oicha,Confirmed,0,0,0,6
2019-05-05,2019-04-28,28 Apr 2019 - 5 May 2019,North Kivu | Oicha,Confirmed,1,0,0,7
2019-05-12,2019-05-05,5 May 2019 - 12 May 2019,North Kivu | Oicha,Confirmed,0,0,0,7
2019-05-19,2019-05-12,12 May 2019 - 19 May 2019,North Kivu | Oicha,Confirmed,0,0,0,7
2019-05-26,2019-05-19,19 May 2019 - 26 May 2019,North Kivu | Oicha,Confirmed,0,0,0,7
2019-06-02,2019-05-26,26 May 2019 - 2 Jun 2019,North Kivu | Oicha,Confirmed,0,0,0,7
2019-06-12,2019-06-02,2 Jun 2019 - 12 Jun 2019,North Kivu | Oicha,Confirmed,0,0,0,10
2019-06-16,2019-06-12,12 Jun 2019 - 16 Jun 2019,North Kivu | Oicha,Confirmed,0,0,0,4
2019-06-23,2019-06-16,16 Jun 2019 - 23 Jun 2019,North Kivu | Oicha,Confirmed,0,0,0,7
2019-06-30,2019-06-23,23 Jun 2019 - 30 Jun 2019,North Kivu | Oicha,Confirmed,1,0,0,7
2019-07-07,2019-06-30,30 Jun 2019 - 7 Jul 2019,North Kivu | Oicha,Confirmed,0,0,0,7
2019-07-14,2019-07-07,7 Jul 2019 - 14 Jul 2019,North Kivu | Oicha,Confirmed,3,0,0,7
2019-07-21,2019-07-14,14 Jul 2019 - 21 Jul 2019,North Kivu | Oicha,Confirmed,6,0,0,7
2019-07-28,2019-07-21,21 Jul 2019 - 28 Jul 2019,North Kivu | Oicha,Confirmed,-1,1,0,7
2019-08-04,2019-07-28,28 Jul 2019 - 4 Aug 2019,North Kivu | Oicha,Confirmed,1,0,0,7
2019-08-11,2019-08-04,4 Aug 2019 - 11 Aug 2019,North Kivu | Oicha,Confirmed,0,0,0,7
2019-08-18,2019-08-11,11 Aug 2019 - 18 Aug 2019,North Kivu | Oicha,Confirmed,0,0,0,7
2019-08-25,2019-08-18,18 Aug 2019 - 25 Aug 2019,North Kivu | Oicha,Confirmed,3,0,0,7
2019-09-01,2019-08-25,25 Aug 2019 - 1 Sep 2019,North Kivu | Oicha,Confirmed,1,0,0,7
2019-09-08,2019-09-01,1 Sep 2019 - 8 Sep 2019,North Kivu | Oicha,Confirmed,0,0,0,7
2019-09-15,2019-09-08,8 Sep 2019 - 15 Sep 2019,North Kivu | Oicha,Confirmed,1,0,0,7
2019-09-22,2019-09-15,15 Sep 2019 - 22 Sep 2019,North Kivu | Oicha,Confirmed,0,0,0,7
2019-09-29,2019-09-22,22 Sep 2019 - 29 Sep 2019,North Kivu | Oicha,Confirmed,2,0,0,7
2019-10-06,2019-09-29,29 Sep 2019 - 6 Oct 2019,North Kivu | Oicha,Confirmed,3,0,0,7
2019-10-13,2019-10-06,6 Oct 2019 - 13 Oct 2019,North Kivu | Oicha,Confirmed,1,0,0,7
2019-10-20,2019-10-13,13 Oct 2019 - 20 Oct 2019,North Kivu | Oicha,Confirmed,0,0,0,7
2019-10-27,2019-10-20,20 Oct 2019 - 27 Oct 2019,North Kivu | Oicha,Confirmed,0,0,0,7
2019-11-03,2019-10-27,27 Oct 2019 - 3 Nov 2019,North Kivu | Oicha,Confirmed,0,0,0,7
2019-11-10,2019-11-03,3 Nov 2019 - 10 Nov 2019,North Kivu | Oicha,Confirmed,0,0,0,7
2019-11-17,2019-11-10,10 Nov 2019 - 17 Nov 2019,North Kivu | Oicha,Confirmed,1,0,0,7
2019-11-24,2019-11-17,17 Nov 2019 - 24 Nov 2019,North Kivu | Oicha,Confirmed,1,0,0,7
2019-12-01,2019-11-24,24 Nov 2019 - 1 Dec 2019,North Kivu | Oicha,Confirmed,0,0,0,7
2019-12-08,2019-12-01,1 Dec 2019 - 8 Dec 2019,North Kivu | Oicha,Confirmed,1,0,0,7
2019-12-15,2019-12-08,8 Dec 2019 - 15 Dec 2019,North Kivu | Oicha,Confirmed,0,0,0,7
2019-12-22,2019-12-15,15 Dec 2019 - 22 Dec 2019,North Kivu | Oicha,Confirmed,0,0,0,7
2020-01-05,2019-12-22,22 Dec 2019 - 5 Jan 2020,North Kivu | Oicha,Confirmed,0,0,0,14
2020-01-12,2020-01-05,5 Jan 2020 - 12 Jan 2020,North Kivu | Oicha,Confirmed,0,0,0,7
2020-01-19,2020-01-12,12 Jan 2020 - 19 Jan 2020,North Kivu | Oicha,Confirmed,0,0,0,7
2020-01-26,2020-01-19,19 Jan 2020 - 26 Jan 2020,North Kivu | Oicha,Confirmed,0,0,0,7
2018-08-05,,unknown - 5 August 2018,North Kivu | Oicha,Probable,1,0,1,
2018-08-12,2018-08-05,5 Aug 2018 - 12 Aug 2018,North Kivu | Oicha,Probable,0,0,0,7
2018-08-20,2018-08-12,12 Aug 2018 - 20 Aug 2018,North Kivu | Oicha,Probable,0,0,0,8
2018-08-26,2018-08-20,20 Aug 2018 - 26 Aug 2018,North Kivu | Oicha,Probable,0,0,0,6
2018-09-02,2018-08-26,26 Aug 2018 - 2 Sep 2018,North Kivu | Oicha,Probable,0,0,0,7
2018-09-09,2018-09-02,2 Sep 2018 - 9 Sep 2018,North Kivu | Oicha,Probable,0,0,0,7
2018-09-16,2018-09-09,9 Sep 2018 - 16 Sep 2018,North Kivu | Oicha,Probable,0,0,0,7
2018-09-23,2018-09-16,16 Sep 2018 - 23 Sep 2018,North Kivu | Oicha,Probable,0,0,0,7
2018-10-02,2018-09-23,23 Sep 2018 - 2 Oct 2018,North Kivu | Oicha,Probable,0,0,0,9
2018-10-07,2018-10-02,2 Oct 2018 - 7 Oct 2018,North Kivu | Oicha,Probable,0,0,0,5
2018-10-15,2018-10-07,7 Oct 2018 - 15 Oct 2018,North Kivu | Oicha,Probable,0,0,0,8
2018-10-21,2018-10-15,15 Oct 2018 - 21 Oct 2018,North Kivu | Oicha,Probable,0,0,0,6
2018-10-28,2018-10-21,21 Oct 2018 - 28 Oct 2018,North Kivu | Oicha,Probable,0,0,0,7
2018-11-04,2018-10-28,28 Oct 2018 - 4 Nov 2018,North Kivu | Oicha,Probable,0,0,0,7
2018-11-11,2018-11-04,4 Nov 2018 - 11 Nov 2018,North Kivu | Oicha,Probable,-1,1,0,7
2018-11-19,2018-11-11,11 Nov 2018 - 19 Nov 2018,North Kivu | Oicha,Probable,0,0,0,8
2018-11-26,2018-11-19,19 Nov 2018 - 26 Nov 2018,North Kivu | Oicha,Probable,0,0,0,7
2018-12-03,2018-11-26,26 Nov 2018 - 3 Dec 2018,North Kivu | Oicha,Probable,0,0,0,7
2018-12-10,2018-12-03,3 Dec 2018 - 10 Dec 2018,North Kivu | Oicha,Probable,0,0,0,7
2018-12-16,2018-12-10,10 Dec 2018 - 16 Dec 2018,North Kivu | Oicha,Probable,0,0,0,6
2018-12-25,2018-12-16,16 Dec 2018 - 25 Dec 2018,North Kivu | Oicha,Probable,0,0,0,9
2019-01-01,2018-12-25,25 Dec 2018 - 1 Jan 2019,North Kivu | Oicha,Probable,0,0,0,7
2019-01-06,2019-01-01,1 Jan 2019 - 6 Jan 2019,North Kivu | Oicha,Probable,0,0,0,5
2019-01-14,2019-01-06,6 Jan 2019 - 14 Jan 2019,North Kivu | Oicha,Probable,0,0,0,8
2019-01-21,2019-01-14,14 Jan 2019 - 21 Jan 2019,North Kivu | Oicha,Probable,0,0,0,7
2019-01-28,2019-01-21,21 Jan 2019 - 28 Jan 2019,North Kivu | Oicha,Probable,0,0,0,7
2019-02-03,2019-01-28,28 Jan 2019 - 3 Feb 2019,North Kivu | Oicha,Probable,0,0,0,6
2019-02-10,2019-02-03,3 Feb 2019 - 10 Feb 2019,North Kivu | Oicha,Probable,0,0,0,7
2019-02-17,2019-02-10,10 Feb 2019 - 17 Feb 2019,North Kivu | Oicha,Probable,0,0,0,7
2019-02-24,2019-02-17,17 Feb 2019 - 24 Feb 2019,North Kivu | Oicha,Probable,0,0,0,7
2019-03-03,2019-02-24,24 Feb 2019 - 3 Mar 2019,North Kivu | Oicha,Probable,0,0,0,7
2019-03-10,2019-03-03,3 Mar 2019 - 10 Mar 2019,North Kivu | Oicha,Probable,0,0,0,7
2019-03-17,2019-03-10,10 Mar 2019 - 17 Mar 2019,North Kivu | Oicha,Probable,0,0,0,7
2019-03-24,2019-03-17,17 Mar 2019 - 24 Mar 2019,North Kivu | Oicha,Probable,0,0,0,7
2019-03-31,2019-03-24,24 Mar 2019 - 31 Mar 2019,North Kivu | Oicha,Probable,0,0,0,7
2019-04-07,2019-03-31,31 Mar 2019 - 7 Apr 2019,North Kivu | Oicha,Probable,0,0,0,7
2019-04-14,2019-04-07,7 Apr 2019 - 14 Apr 2019,North Kivu | Oicha,Probable,0,0,0,7
2019-04-22,2019-04-14,14 Apr 2019 - 22 Apr 2019,North Kivu | Oicha,Probable,0,0,0,8
2019-04-28,2019-04-22,22 Apr 2019 - 28 Apr 2019,North Kivu | Oicha,Probable,0,0,0,6
2019-05-05,2019-04-28,28 Apr 2019 - 5 May 2019,North Kivu | Oicha,Probable,0,0,0,7
2019-05-12,2019-05-05,5 May 2019 - 12 May 2019,North Kivu | Oicha,Probable,0,0,0,7
2019-05-19,2019-05-12,12 May 2019 - 19 May 2019,North Kivu | Oicha,Probable,0,0,0,7
2019-05-26,2019-05-19,19 May 2019 - 26 May 2019,North Kivu | Oicha,Probable,0,0,0,7
2019-06-02,2019-05-26,26 May 2019 - 2 Jun 2019,North Kivu | Oicha,Probable,0,0,0,7
2019-06-12,2019-06-02,2 Jun 2019 - 12 Jun 2019,North Kivu | Oicha,Probable,0,0,0,10
2019-06-16,2019-06-12,12 Jun 2019 - 16 Jun 2019,North Kivu | Oicha,Probable,0,0,0,4
2019-06-23,2019-06-16,16 Jun 2019 - 23 Jun 2019,North Kivu | Oicha,Probable,0,0,0,7
2019-06-30,2019-06-23,23 Jun 2019 - 30 Jun 2019,North Kivu | Oicha,Probable,0,0,0,7
2019-07-07,2019-06-30,30 Jun 2019 - 7 Jul 2019,North Kivu | Oicha,Probable,0,0,0,7
2019-07-14,2019-07-07,7 Jul 2019 - 14 Jul 2019,North Kivu | Oicha,Probable,0,0,0,7
2019-07-21,2019-07-14,14 Jul 2019 - 21 Jul 2019,North Kivu | Oicha,Probable,0,0,0,7
2019-07-28,2019-07-21,21 Jul 2019 - 28 Jul 2019,North Kivu | Oicha,Probable,0,0,0,7
2019-08-04,2019-07-28,28 Jul 2019 - 4 Aug 2019,North Kivu | Oicha,Probable,0,0,0,7
2019-08-11,2019-08-04,4 Aug 2019 - 11 Aug 2019,North Kivu | Oicha,Probable,0,0,0,7
2019-08-18,2019-08-11,11 Aug 2019 - 18 Aug 2019,North Kivu | Oicha,Probable,0,0,0,7
2019-08-25,2019-08-18,18 Aug 2019 - 25 Aug 2019,North Kivu | Oicha,Probable,0,0,0,7
2019-09-01,2019-08-25,25 Aug 2019 - 1 Sep 2019,North Kivu | Oicha,Probable,0,0,0,7
2019-09-08,2019-09-01,1 Sep 2019 - 8 Sep 2019,North Kivu | Oicha,Probable,0,0,0,7
2019-09-15,2019-09-08,8 Sep 2019 - 15 Sep 2019,North Kivu | Oicha,Probable,0,0,0,7
2019-09-22,2019-09-15,15 Sep 2019 - 22 Sep 2019,North Kivu | Oicha,Probable,0,0,0,7
2019-09-29,2019-09-22,22 Sep 2019 - 29 Sep 2019,North Kivu | Oicha,Probable,0,0,0,7
2019-10-06,2019-09-29,29 Sep 2019 - 6 Oct 2019,North Kivu | Oicha,Probable,0,0,0,7
2019-10-13,2019-10-06,6 Oct 2019 - 13 Oct 2019,North Kivu | Oicha,Probable,0,0,0,7
2019-10-20,2019-10-13,13 Oct 2019 - 20 Oct 2019,North Kivu | Oicha,Probable,0,0,0,7
2019-10-27,2019-10-20,20 Oct 2019 - 27 Oct 2019,North Kivu | Oicha,Probable,0,0,0,7
2019-11-03,2019-10-27,27 Oct 2019 - 3 Nov 2019,North Kivu | Oicha,Probable,0,0,0,7
2019-11-10,2019-11-03,3 Nov 2019 - 10 Nov 2019,North Kivu | Oicha,Probable,0,0,0,7
2019-11-17,2019-11-10,10 Nov 2019 - 17 Nov 2019,North Kivu | Oicha,Probable,0,0,0,7
2019-11-24,2019-11-17,17 Nov 2019 - 24 Nov 2019,North Kivu | Oicha,Probable,0,0,0,7
2019-12-01,2019-11-24,24 Nov 2019 - 1 Dec 2019,North Kivu | Oicha,Probable,0,0,0,7
2019-12-08,2019-12-01,1 Dec 2019 - 8 Dec 2019,North Kivu | Oicha,Probable,0,0,0,7
2019-12-15,2019-12-08,8 Dec 2019 - 15 Dec 2019,North Kivu | Oicha,Probable,0,0,0,7
2019-12-22,2019-12-15,15 Dec 2019 - 22 Dec 2019,North Kivu | Oicha,Probable,0,0,0,7
2020-01-05,2019-12-22,22 Dec 2019 - 5 Jan 2020,North Kivu | Oicha,Probable,0,0,0,14
2020-01-12,2020-01-05,5 Jan 2020 - 12 Jan 2020,North Kivu | Oicha,Probable,0,0,0,7
2020-01-19,2020-01-12,12 Jan 2020 - 19 Jan 2020,North Kivu | Oicha,Probable,0,0,0,7
2020-01-26,2020-01-19,19 Jan 2020 - 26 Jan 2020,North Kivu | Oicha,Probable,0,0,0,7
2018-08-05,,unknown - 5 August 2018,North Kivu | Pinga,Confirmed,0,0,1,
2018-08-12,2018-08-05,5 Aug 2018 - 12 Aug 2018,North Kivu | Pinga,Confirmed,0,0,0,7
2018-08-20,2018-08-12,12 Aug 2018 - 20 Aug 2018,North Kivu | Pinga,Confirmed,0,0,0,8
2018-08-26,2018-08-20,20 Aug 2018 - 26 Aug 2018,North Kivu | Pinga,Confirmed,0,0,0,6
2018-09-02,2018-08-26,26 Aug 2018 - 2 Sep 2018,North Kivu | Pinga,Confirmed,0,0,0,7
2018-09-09,2018-09-02,2 Sep 2018 - 9 Sep 2018,North Kivu | Pinga,Confirmed,0,0,0,7
2018-09-16,2018-09-09,9 Sep 2018 - 16 Sep 2018,North Kivu | Pinga,Confirmed,0,0,0,7
2018-09-23,2018-09-16,16 Sep 2018 - 23 Sep 2018,North Kivu | Pinga,Confirmed,0,0,0,7
2018-10-02,2018-09-23,23 Sep 2018 - 2 Oct 2018,North Kivu | Pinga,Confirmed,0,0,0,9
2018-10-07,2018-10-02,2 Oct 2018 - 7 Oct 2018,North Kivu | Pinga,Confirmed,0,0,0,5
2018-10-15,2018-10-07,7 Oct 2018 - 15 Oct 2018,North Kivu | Pinga,Confirmed,0,0,0,8
2018-10-21,2018-10-15,15 Oct 2018 - 21 Oct 2018,North Kivu | Pinga,Confirmed,0,0,0,6
2018-10-28,2018-10-21,21 Oct 2018 - 28 Oct 2018,North Kivu | Pinga,Confirmed,0,0,0,7
2018-11-04,2018-10-28,28 Oct 2018 - 4 Nov 2018,North Kivu | Pinga,Confirmed,0,0,0,7
2018-11-11,2018-11-04,4 Nov 2018 - 11 Nov 2018,North Kivu | Pinga,Confirmed,0,0,0,7
2018-11-19,2018-11-11,11 Nov 2018 - 19 Nov 2018,North Kivu | Pinga,Confirmed,0,0,0,8
2018-11-26,2018-11-19,19 Nov 2018 - 26 Nov 2018,North Kivu | Pinga,Confirmed,0,0,0,7
2018-12-03,2018-11-26,26 Nov 2018 - 3 Dec 2018,North Kivu | Pinga,Confirmed,0,0,0,7
2018-12-10,2018-12-03,3 Dec 2018 - 10 Dec 2018,North Kivu | Pinga,Confirmed,0,0,0,7
2018-12-16,2018-12-10,10 Dec 2018 - 16 Dec 2018,North Kivu | Pinga,Confirmed,0,0,0,6
2018-12-25,2018-12-16,16 Dec 2018 - 25 Dec 2018,North Kivu | Pinga,Confirmed,0,0,0,9
2019-01-01,2018-12-25,25 Dec 2018 - 1 Jan 2019,North Kivu | Pinga,Confirmed,0,0,0,7
2019-01-06,2019-01-01,1 Jan 2019 - 6 Jan 2019,North Kivu | Pinga,Confirmed,0,0,0,5
2019-01-14,2019-01-06,6 Jan 2019 - 14 Jan 2019,North Kivu | Pinga,Confirmed,0,0,0,8
2019-01-21,2019-01-14,14 Jan 2019 - 21 Jan 2019,North Kivu | Pinga,Confirmed,0,0,0,7
2019-01-28,2019-01-21,21 Jan 2019 - 28 Jan 2019,North Kivu | Pinga,Confirmed,0,0,0,7
2019-02-03,2019-01-28,28 Jan 2019 - 3 Feb 2019,North Kivu | Pinga,Confirmed,0,0,0,6
2019-02-10,2019-02-03,3 Feb 2019 - 10 Feb 2019,North Kivu | Pinga,Confirmed,0,0,0,7
2019-02-17,2019-02-10,10 Feb 2019 - 17 Feb 2019,North Kivu | Pinga,Confirmed,0,0,0,7
2019-02-24,2019-02-17,17 Feb 2019 - 24 Feb 2019,North Kivu | Pinga,Confirmed,0,0,0,7
2019-03-03,2019-02-24,24 Feb 2019 - 3 Mar 2019,North Kivu | Pinga,Confirmed,0,0,0,7
2019-03-10,2019-03-03,3 Mar 2019 - 10 Mar 2019,North Kivu | Pinga,Confirmed,0,0,0,7
2019-03-17,2019-03-10,10 Mar 2019 - 17 Mar 2019,North Kivu | Pinga,Confirmed,0,0,0,7
2019-03-24,2019-03-17,17 Mar 2019 - 24 Mar 2019,North Kivu | Pinga,Confirmed,0,0,0,7
2019-03-31,2019-03-24,24 Mar 2019 - 31 Mar 2019,North Kivu | Pinga,Confirmed,0,0,0,7
2019-04-07,2019-03-31,31 Mar 2019 - 7 Apr 2019,North Kivu | Pinga,Confirmed,0,0,0,7
2019-04-14,2019-04-07,7 Apr 2019 - 14 Apr 2019,North Kivu | Pinga,Confirmed,0,0,0,7
2019-04-22,2019-04-14,14 Apr 2019 - 22 Apr 2019,North Kivu | Pinga,Confirmed,0,0,0,8
2019-04-28,2019-04-22,22 Apr 2019 - 28 Apr 2019,North Kivu | Pinga,Confirmed,0,0,0,6
2019-05-05,2019-04-28,28 Apr 2019 - 5 May 2019,North Kivu | Pinga,Confirmed,0,0,0,7
2019-05-12,2019-05-05,5 May 2019 - 12 May 2019,North Kivu | Pinga,Confirmed,0,0,0,7
2019-05-19,2019-05-12,12 May 2019 - 19 May 2019,North Kivu | Pinga,Confirmed,0,0,0,7
2019-05-26,2019-05-19,19 May 2019 - 26 May 2019,North Kivu | Pinga,Confirmed,0,0,0,7
2019-06-02,2019-05-26,26 May 2019 - 2 Jun 2019,North Kivu | Pinga,Confirmed,0,0,0,7
2019-06-12,2019-06-02,2 Jun 2019 - 12 Jun 2019,North Kivu | Pinga,Confirmed,0,0,0,10
2019-06-16,2019-06-12,12 Jun 2019 - 16 Jun 2019,North Kivu | Pinga,Confirmed,0,0,0,4
2019-06-23,2019-06-16,16 Jun 2019 - 23 Jun 2019,North Kivu | Pinga,Confirmed,0,0,0,7
2019-06-30,2019-06-23,23 Jun 2019 - 30 Jun 2019,North Kivu | Pinga,Confirmed,0,0,0,7
2019-07-07,2019-06-30,30 Jun 2019 - 7 Jul 2019,North Kivu | Pinga,Confirmed,0,0,0,7
2019-07-14,2019-07-07,7 Jul 2019 - 14 Jul 2019,North Kivu | Pinga,Confirmed,0,0,0,7
2019-07-21,2019-07-14,14 Jul 2019 - 21 Jul 2019,North Kivu | Pinga,Confirmed,0,0,0,7
2019-07-28,2019-07-21,21 Jul 2019 - 28 Jul 2019,North Kivu | Pinga,Confirmed,0,0,0,7
2019-08-04,2019-07-28,28 Jul 2019 - 4 Aug 2019,North Kivu | Pinga,Confirmed,0,0,0,7
2019-08-11,2019-08-04,4 Aug 2019 - 11 Aug 2019,North Kivu | Pinga,Confirmed,0,0,0,7
2019-08-18,2019-08-11,11 Aug 2019 - 18 Aug 2019,North Kivu | Pinga,Confirmed,1,0,0,7
2019-08-25,2019-08-18,18 Aug 2019 - 25 Aug 2019,North Kivu | Pinga,Confirmed,0,0,0,7
2019-09-01,2019-08-25,25 Aug 2019 - 1 Sep 2019,North Kivu | Pinga,Confirmed,0,0,0,7
2019-09-08,2019-09-01,1 Sep 2019 - 8 Sep 2019,North Kivu | Pinga,Confirmed,0,0,0,7
2019-09-15,2019-09-08,8 Sep 2019 - 15 Sep 2019,North Kivu | Pinga,Confirmed,0,0,0,7
2019-09-22,2019-09-15,15 Sep 2019 - 22 Sep 2019,North Kivu | Pinga,Confirmed,0,0,0,7
2019-09-29,2019-09-22,22 Sep 2019 - 29 Sep 2019,North Kivu | Pinga,Confirmed,0,0,0,7
2019-10-06,2019-09-29,29 Sep 2019 - 6 Oct 2019,North Kivu | Pinga,Confirmed,0,0,0,7
2019-10-13,2019-10-06,6 Oct 2019 - 13 Oct 2019,North Kivu | Pinga,Confirmed,0,0,0,7
2019-10-20,2019-10-13,13 Oct 2019 - 20 Oct 2019,North Kivu | Pinga,Confirmed,0,0,0,7
2019-10-27,2019-10-20,20 Oct 2019 - 27 Oct 2019,North Kivu | Pinga,Confirmed,0,0,0,7
2019-11-03,2019-10-27,27 Oct 2019 - 3 Nov 2019,North Kivu | Pinga,Confirmed,0,0,0,7
2019-11-10,2019-11-03,3 Nov 2019 - 10 Nov 2019,North Kivu | Pinga,Confirmed,0,0,0,7
2019-11-17,2019-11-10,10 Nov 2019 - 17 Nov 2019,North Kivu | Pinga,Confirmed,0,0,0,7
2019-11-24,2019-11-17,17 Nov 2019 - 24 Nov 2019,North Kivu | Pinga,Confirmed,0,0,0,7
2019-12-01,2019-11-24,24 Nov 2019 - 1 Dec 2019,North Kivu | Pinga,Confirmed,0,0,0,7
2019-12-08,2019-12-01,1 Dec 2019 - 8 Dec 2019,North Kivu | Pinga,Confirmed,0,0,0,7
2019-12-15,2019-12-08,8 Dec 2019 - 15 Dec 2019,North Kivu | Pinga,Confirmed,0,0,0,7
2019-12-22,2019-12-15,15 Dec 2019 - 22 Dec 2019,North Kivu | Pinga,Confirmed,0,0,0,7
2020-01-05,2019-12-22,22 Dec 2019 - 5 Jan 2020,North Kivu | Pinga,Confirmed,0,0,0,14
2020-01-12,2020-01-05,5 Jan 2020 - 12 Jan 2020,North Kivu | Pinga,Confirmed,0,0,0,7
2020-01-19,2020-01-12,12 Jan 2020 - 19 Jan 2020,North Kivu | Pinga,Confirmed,0,0,0,7
2020-01-26,2020-01-19,19 Jan 2020 - 26 Jan 2020,North Kivu | Pinga,Confirmed,0,0,0,7
2018-08-05,,unknown - 5 August 2018,North Kivu | Pinga,Probable,0,0,1,
2018-08-12,2018-08-05,5 Aug 2018 - 12 Aug 2018,North Kivu | Pinga,Probable,0,0,0,7
2018-08-20,2018-08-12,12 Aug 2018 - 20 Aug 2018,North Kivu | Pinga,Probable,0,0,0,8
2018-08-26,2018-08-20,20 Aug 2018 - 26 Aug 2018,North Kivu | Pinga,Probable,0,0,0,6
2018-09-02,2018-08-26,26 Aug 2018 - 2 Sep 2018,North Kivu | Pinga,Probable,0,0,0,7
2018-09-09,2018-09-02,2 Sep 2018 - 9 Sep 2018,North Kivu | Pinga,Probable,0,0,0,7
2018-09-16,2018-09-09,9 Sep 2018 - 16 Sep 2018,North Kivu | Pinga,Probable,0,0,0,7
2018-09-23,2018-09-16,16 Sep 2018 - 23 Sep 2018,North Kivu | Pinga,Probable,0,0,0,7
2018-10-02,2018-09-23,23 Sep 2018 - 2 Oct 2018,North Kivu | Pinga,Probable,0,0,0,9
2018-10-07,2018-10-02,2 Oct 2018 - 7 Oct 2018,North Kivu | Pinga,Probable,0,0,0,5
2018-10-15,2018-10-07,7 Oct 2018 - 15 Oct 2018,North Kivu | Pinga,Probable,0,0,0,8
2018-10-21,2018-10-15,15 Oct 2018 - 21 Oct 2018,North Kivu | Pinga,Probable,0,0,0,6
2018-10-28,2018-10-21,21 Oct 2018 - 28 Oct 2018,North Kivu | Pinga,Probable,0,0,0,7
2018-11-04,2018-10-28,28 Oct 2018 - 4 Nov 2018,North Kivu | Pinga,Probable,0,0,0,7
2018-11-11,2018-11-04,4 Nov 2018 - 11 Nov 2018,North Kivu | Pinga,Probable,0,0,0,7
2018-11-19,2018-11-11,11 Nov 2018 - 19 Nov 2018,North Kivu | Pinga,Probable,0,0,0,8
2018-11-26,2018-11-19,19 Nov 2018 - 26 Nov 2018,North Kivu | Pinga,Probable,0,0,0,7
2018-12-03,2018-11-26,26 Nov 2018 - 3 Dec 2018,North Kivu | Pinga,Probable,0,0,0,7
2018-12-10,2018-12-03,3 Dec 2018 - 10 Dec 2018,North Kivu | Pinga,Probable,0,0,0,7
2018-12-16,2018-12-10,10 Dec 2018 - 16 Dec 2018,North Kivu | Pinga,Probable,0,0,0,6
2018-12-25,2018-12-16,16 Dec 2018 - 25 Dec 2018,North Kivu | Pinga,Probable,0,0,0,9
2019-01-01,2018-12-25,25 Dec 2018 - 1 Jan 2019,North Kivu | Pinga,Probable,0,0,0,7
2019-01-06,2019-01-01,1 Jan 2019 - 6 Jan 2019,North Kivu | Pinga,Probable,0,0,0,5
2019-01-14,2019-01-06,6 Jan 2019 - 14 Jan 2019,North Kivu | Pinga,Probable,0,0,0,8
2019-01-21,2019-01-14,14 Jan 2019 - 21 Jan 2019,North Kivu | Pinga,Probable,0,0,0,7
2019-01-28,2019-01-21,21 Jan 2019 - 28 Jan 2019,North Kivu | Pinga,Probable,0,0,0,7
2019-02-03,2019-01-28,28 Jan 2019 - 3 Feb 2019,North Kivu | Pinga,Probable,0,0,0,6
2019-02-10,2019-02-03,3 Feb 2019 - 10 Feb 2019,North Kivu | Pinga,Probable,0,0,0,7
2019-02-17,2019-02-10,10 Feb 2019 - 17 Feb 2019,North Kivu | Pinga,Probable,0,0,0,7
2019-02-24,2019-02-17,17 Feb 2019 - 24 Feb 2019,North Kivu | Pinga,Probable,0,0,0,7
2019-03-03,2019-02-24,24 Feb 2019 - 3 Mar 2019,North Kivu | Pinga,Probable,0,0,0,7
2019-03-10,2019-03-03,3 Mar 2019 - 10 Mar 2019,North Kivu | Pinga,Probable,0,0,0,7
2019-03-17,2019-03-10,10 Mar 2019 - 17 Mar 2019,North Kivu | Pinga,Probable,0,0,0,7
2019-03-24,2019-03-17,17 Mar 2019 - 24 Mar 2019,North Kivu | Pinga,Probable,0,0,0,7
2019-03-31,2019-03-24,24 Mar 2019 - 31 Mar 2019,North Kivu | Pinga,Probable,0,0,0,7
2019-04-07,2019-03-31,31 Mar 2019 - 7 Apr 2019,North Kivu | Pinga,Probable,0,0,0,7
2019-04-14,2019-04-07,7 Apr 2019 - 14 Apr 2019,North Kivu | Pinga,Probable,0,0,0,7
2019-04-22,2019-04-14,14 Apr 2019 - 22 Apr 2019,North Kivu | Pinga,Probable,0,0,0,8
2019-04-28,2019-04-22,22 Apr 2019 - 28 Apr 2019,North Kivu | Pinga,Probable,0,0,0,6
2019-05-05,2019-04-28,28 Apr 2019 - 5 May 2019,North Kivu | Pinga,Probable,0,0,0,7
2019-05-12,2019-05-05,5 May 2019 - 12 May 2019,North Kivu | Pinga,Probable,0,0,0,7
2019-05-19,2019-05-12,12 May 2019 - 19 May 2019,North Kivu | Pinga,Probable,0,0,0,7
2019-05-26,2019-05-19,19 May 2019 - 26 May 2019,North Kivu | Pinga,Probable,0,0,0,7
2019-06-02,2019-05-26,26 May 2019 - 2 Jun 2019,North Kivu | Pinga,Probable,0,0,0,7
2019-06-12,2019-06-02,2 Jun 2019 - 12 Jun 2019,North Kivu | Pinga,Probable,0,0,0,10
2019-06-16,2019-06-12,12 Jun 2019 - 16 Jun 2019,North Kivu | Pinga,Probable,0,0,0,4
2019-06-23,2019-06-16,16 Jun 2019 - 23 Jun 2019,North Kivu | Pinga,Probable,0,0,0,7
2019-06-30,2019-06-23,23 Jun 2019 - 30 Jun 2019,North Kivu | Pinga,Probable,0,0,0,7
2019-07-07,2019-06-30,30 Jun 2019 - 7 Jul 2019,North Kivu | Pinga,Probable,0,0,0,7
2019-07-14,2019-07-07,7 Jul 2019 - 14 Jul 2019,North Kivu | Pinga,Probable,0,0,0,7
2019-07-21,2019-07-14,14 Jul 2019 - 21 Jul 2019,North Kivu | Pinga,Probable,0,0,0,7
2019-07-28,2019-07-21,21 Jul 2019 - 28 Jul 2019,North Kivu | Pinga,Probable,0,0,0,7
2019-08-04,2019-07-28,28 Jul 2019 - 4 Aug 2019,North Kivu | Pinga,Probable,0,0,0,7
2019-08-11,2019-08-04,4 Aug 2019 - 11 Aug 2019,North Kivu | Pinga,Probable,0,0,0,7
2019-08-18,2019-08-11,11 Aug 2019 - 18 Aug 2019,North Kivu | Pinga,Probable,0,0,0,7
2019-08-25,2019-08-18,18 Aug 2019 - 25 Aug 2019,North Kivu | Pinga,Probable,0,0,0,7
2019-09-01,2019-08-25,25 Aug 2019 - 1 Sep 2019,North Kivu | Pinga,Probable,0,0,0,7
2019-09-08,2019-09-01,1 Sep 2019 - 8 Sep 2019,North Kivu | Pinga,Probable,0,0,0,7
2019-09-15,2019-09-08,8 Sep 2019 - 15 Sep 2019,North Kivu | Pinga,Probable,0,0,0,7
2019-09-22,2019-09-15,15 Sep 2019 - 22 Sep 2019,North Kivu | Pinga,Probable,0,0,0,7
2019-09-29,2019-09-22,22 Sep 2019 - 29 Sep 2019,North Kivu | Pinga,Probable,0,0,0,7
2019-10-06,2019-09-29,29 Sep 2019 - 6 Oct 2019,North Kivu | Pinga,Probable,0,0,0,7
2019-10-13,2019-10-06,6 Oct 2019 - 13 Oct 2019,North Kivu | Pinga,Probable,0,0,0,7
2019-10-20,2019-10-13,13 Oct 2019 - 20 Oct 2019,North Kivu | Pinga,Probable,0,0,0,7
2019-10-27,2019-10-20,20 Oct 2019 - 27 Oct 2019,North Kivu | Pinga,Probable,0,0,0,7
2019-11-03,2019-10-27,27 Oct 2019 - 3 Nov 2019,North Kivu | Pinga,Probable,0,0,0,7
2019-11-10,2019-11-03,3 Nov 2019 - 10 Nov 2019,North Kivu | Pinga,Probable,0,0,0,7
2019-11-17,2019-11-10,10 Nov 2019 - 17 Nov 2019,North Kivu | Pinga,Probable,0,0,0,7
2019-11-24,2019-11-17,17 Nov 2019 - 24 Nov 2019,North Kivu | Pinga,Probable,0,0,0,7
2019-12-01,2019-11-24,24 Nov 2019 - 1 Dec 2019,North Kivu | Pinga,Probable,0,0,0,7
2019-12-08,2019-12-01,1 Dec 2019 - 8 Dec 2019,North Kivu | Pinga,Probable,0,0,0,7
2019-12-15,2019-12-08,8 Dec 2019 - 15 Dec 2019,North Kivu | Pinga,Probable,0,0,0,7
2019-12-22,2019-12-15,15 Dec 2019 - 22 Dec 2019,North Kivu | Pinga,Probable,0,0,0,7
2020-01-05,2019-12-22,22 Dec 2019 - 5 Jan 2020,North Kivu | Pinga,Probable,0,0,0,14
2020-01-12,2020-01-05,5 Jan 2020 - 12 Jan 2020,North Kivu | Pinga,Probable,0,0,0,7
2020-01-19,2020-01-12,12 Jan 2020 - 19 Jan 2020,North Kivu | Pinga,Probable,0,0,0,7
2020-01-26,2020-01-19,19 Jan 2020 - 26 Jan 2020,North Kivu | Pinga,Probable,0,0,0,7
2018-08-05,,unknown - 5 August 2018,North Kivu | Vuhovi,Confirmed,0,0,1,
2018-08-12,2018-08-05,5 Aug 2018 - 12 Aug 2018,North Kivu | Vuhovi,Confirmed,0,0,0,7
2018-08-20,2018-08-12,12 Aug 2018 - 20 Aug 2018,North Kivu | Vuhovi,Confirmed,0,0,0,8
2018-08-26,2018-08-20,20 Aug 2018 - 26 Aug 2018,North Kivu | Vuhovi,Confirmed,0,0,0,6
2018-09-02,2018-08-26,26 Aug 2018 - 2 Sep 2018,North Kivu | Vuhovi,Confirmed,0,0,0,7
2018-09-09,2018-09-02,2 Sep 2018 - 9 Sep 2018,North Kivu | Vuhovi,Confirmed,0,0,0,7
2018-09-16,2018-09-09,9 Sep 2018 - 16 Sep 2018,North Kivu | Vuhovi,Confirmed,0,0,0,7
2018-09-23,2018-09-16,16 Sep 2018 - 23 Sep 2018,North Kivu | Vuhovi,Confirmed,0,0,0,7
2018-10-02,2018-09-23,23 Sep 2018 - 2 Oct 2018,North Kivu | Vuhovi,Confirmed,0,0,0,9
2018-10-07,2018-10-02,2 Oct 2018 - 7 Oct 2018,North Kivu | Vuhovi,Confirmed,0,0,0,5
2018-10-15,2018-10-07,7 Oct 2018 - 15 Oct 2018,North Kivu | Vuhovi,Confirmed,0,0,0,8
2018-10-21,2018-10-15,15 Oct 2018 - 21 Oct 2018,North Kivu | Vuhovi,Confirmed,0,0,0,6
2018-10-28,2018-10-21,21 Oct 2018 - 28 Oct 2018,North Kivu | Vuhovi,Confirmed,0,0,0,7
2018-11-04,2018-10-28,28 Oct 2018 - 4 Nov 2018,North Kivu | Vuhovi,Confirmed,1,0,0,7
2018-11-11,2018-11-04,4 Nov 2018 - 11 Nov 2018,North Kivu | Vuhovi,Confirmed,1,0,0,7
2018-11-19,2018-11-11,11 Nov 2018 - 19 Nov 2018,North Kivu | Vuhovi,Confirmed,0,0,0,8
2018-11-26,2018-11-19,19 Nov 2018 - 26 Nov 2018,North Kivu | Vuhovi,Confirmed,0,0,0,7
2018-12-03,2018-11-26,26 Nov 2018 - 3 Dec 2018,North Kivu | Vuhovi,Confirmed,3,0,0,7
2018-12-10,2018-12-03,3 Dec 2018 - 10 Dec 2018,North Kivu | Vuhovi,Confirmed,3,0,0,7
2018-12-16,2018-12-10,10 Dec 2018 - 16 Dec 2018,North Kivu | Vuhovi,Confirmed,0,0,0,6
2018-12-25,2018-12-16,16 Dec 2018 - 25 Dec 2018,North Kivu | Vuhovi,Confirmed,0,0,0,9
2019-01-01,2018-12-25,25 Dec 2018 - 1 Jan 2019,North Kivu | Vuhovi,Confirmed,0,0,0,7
2019-01-06,2019-01-01,1 Jan 2019 - 6 Jan 2019,North Kivu | Vuhovi,Confirmed,0,0,0,5
2019-01-14,2019-01-06,6 Jan 2019 - 14 Jan 2019,North Kivu | Vuhovi,Confirmed,1,0,0,8
2019-01-21,2019-01-14,14 Jan 2019 - 21 Jan 2019,North Kivu | Vuhovi,Confirmed,2,0,0,7
2019-01-28,2019-01-21,21 Jan 2019 - 28 Jan 2019,North Kivu | Vuhovi,Confirmed,-2,1,0,7
2019-02-03,2019-01-28,28 Jan 2019 - 3 Feb 2019,North Kivu | Vuhovi,Confirmed,1,0,0,6
2019-02-10,2019-02-03,3 Feb 2019 - 10 Feb 2019,North Kivu | Vuhovi,Confirmed,2,0,0,7
2019-02-17,2019-02-10,10 Feb 2019 - 17 Feb 2019,North Kivu | Vuhovi,Confirmed,1,0,0,7
2019-02-24,2019-02-17,17 Feb 2019 - 24 Feb 2019,North Kivu | Vuhovi,Confirmed,0,0,0,7
2019-03-03,2019-02-24,24 Feb 2019 - 3 Mar 2019,North Kivu | Vuhovi,Confirmed,0,0,0,7
2019-03-10,2019-03-03,3 Mar 2019 - 10 Mar 2019,North Kivu | Vuhovi,Confirmed,0,0,0,7
2019-03-17,2019-03-10,10 Mar 2019 - 17 Mar 2019,North Kivu | Vuhovi,Confirmed,6,0,0,7
2019-03-24,2019-03-17,17 Mar 2019 - 24 Mar 2019,North Kivu | Vuhovi,Confirmed,8,0,0,7
2019-03-31,2019-03-24,24 Mar 2019 - 31 Mar 2019,North Kivu | Vuhovi,Confirmed,20,0,0,7
2019-04-07,2019-03-31,31 Mar 2019 - 7 Apr 2019,North Kivu | Vuhovi,Confirmed,7,0,0,7
2019-04-14,2019-04-07,7 Apr 2019 - 14 Apr 2019,North Kivu | Vuhovi,Confirmed,16,0,0,7
2019-04-22,2019-04-14,14 Apr 2019 - 22 Apr 2019,North Kivu | Vuhovi,Confirmed,7,0,0,8
2019-04-28,2019-04-22,22 Apr 2019 - 28 Apr 2019,North Kivu | Vuhovi,Confirmed,1,0,0,6
2019-05-05,2019-04-28,28 Apr 2019 - 5 May 2019,North Kivu | Vuhovi,Confirmed,1,0,0,7
2019-05-12,2019-05-05,5 May 2019 - 12 May 2019,North Kivu | Vuhovi,Confirmed,0,0,0,7
2019-05-19,2019-05-12,12 May 2019 - 19 May 2019,North Kivu | Vuhovi,Confirmed,2,0,0,7
2019-05-26,2019-05-19,19 May 2019 - 26 May 2019,North Kivu | Vuhovi,Confirmed,2,0,0,7
2019-06-02,2019-05-26,26 May 2019 - 2 Jun 2019,North Kivu | Vuhovi,Confirmed,2,0,0,7
2019-06-12,2019-06-02,2 Jun 2019 - 12 Jun 2019,North Kivu | Vuhovi,Confirmed,0,0,0,10
2019-06-16,2019-06-12,12 Jun 2019 - 16 Jun 2019,North Kivu | Vuhovi,Confirmed,0,0,0,4
2019-06-23,2019-06-16,16 Jun 2019 - 23 Jun 2019,North Kivu | Vuhovi,Confirmed,0,0,0,7
2019-06-30,2019-06-23,23 Jun 2019 - 30 Jun 2019,North Kivu | Vuhovi,Confirmed,2,0,0,7
2019-07-07,2019-06-30,30 Jun 2019 - 7 Jul 2019,North Kivu | Vuhovi,Confirmed,2,0,0,7
2019-07-14,2019-07-07,7 Jul 2019 - 14 Jul 2019,North Kivu | Vuhovi,Confirmed,1,0,0,7
2019-07-21,2019-07-14,14 Jul 2019 - 21 Jul 2019,North Kivu | Vuhovi,Confirmed,3,0,0,7
2019-07-28,2019-07-21,21 Jul 2019 - 28 Jul 2019,North Kivu | Vuhovi,Confirmed,2,0,0,7
2019-08-04,2019-07-28,28 Jul 2019 - 4 Aug 2019,North Kivu | Vuhovi,Confirmed,6,0,0,7
2019-08-11,2019-08-04,4 Aug 2019 - 11 Aug 2019,North Kivu | Vuhovi,Confirmed,2,0,0,7
2019-08-18,2019-08-11,11 Aug 2019 - 18 Aug 2019,North Kivu | Vuhovi,Confirmed,0,0,0,7
2019-08-25,2019-08-18,18 Aug 2019 - 25 Aug 2019,North Kivu | Vuhovi,Confirmed,0,0,0,7
2019-09-01,2019-08-25,25 Aug 2019 - 1 Sep 2019,North Kivu | Vuhovi,Confirmed,0,0,0,7
2019-09-08,2019-09-01,1 Sep 2019 - 8 Sep 2019,North Kivu | Vuhovi,Confirmed,0,0,0,7
2019-09-15,2019-09-08,8 Sep 2019 - 15 Sep 2019,North Kivu | Vuhovi,Confirmed,0,0,0,7
2019-09-22,2019-09-15,15 Sep 2019 - 22 Sep 2019,North Kivu | Vuhovi,Confirmed,0,0,0,7
2019-09-29,2019-09-22,22 Sep 2019 - 29 Sep 2019,North Kivu | Vuhovi,Confirmed,0,0,0,7
2019-10-06,2019-09-29,29 Sep 2019 - 6 Oct 2019,North Kivu | Vuhovi,Confirmed,0,0,0,7
2019-10-13,2019-10-06,6 Oct 2019 - 13 Oct 2019,North Kivu | Vuhovi,Confirmed,0,0,0,7
2019-10-20,2019-10-13,13 Oct 2019 - 20 Oct 2019,North Kivu | Vuhovi,Confirmed,0,0,0,7
2019-10-27,2019-10-20,20 Oct 2019 - 27 Oct 2019,North Kivu | Vuhovi,Confirmed,0,0,0,7
2019-11-03,2019-10-27,27 Oct 2019 - 3 Nov 2019,North Kivu | Vuhovi,Confirmed,0,0,0,7
2019-11-10,2019-11-03,3 Nov 2019 - 10 Nov 2019,North Kivu | Vuhovi,Confirmed,0,0,0,7
2019-11-17,2019-11-10,10 Nov 2019 - 17 Nov 2019,North Kivu | Vuhovi,Confirmed,0,0,0,7
2019-11-24,2019-11-17,17 Nov 2019 - 24 Nov 2019,North Kivu | Vuhovi,Confirmed,0,0,0,7
2019-12-01,2019-11-24,24 Nov 2019 - 1 Dec 2019,North Kivu | Vuhovi,Confirmed,0,0,0,7
2019-12-08,2019-12-01,1 Dec 2019 - 8 Dec 2019,North Kivu | Vuhovi,Confirmed,0,0,0,7
2019-12-15,2019-12-08,8 Dec 2019 - 15 Dec 2019,North Kivu | Vuhovi,Confirmed,0,0,0,7
2019-12-22,2019-12-15,15 Dec 2019 - 22 Dec 2019,North Kivu | Vuhovi,Confirmed,0,0,0,7
2020-01-05,2019-12-22,22 Dec 2019 - 5 Jan 2020,North Kivu | Vuhovi,Confirmed,0,0,0,14
2020-01-12,2020-01-05,5 Jan 2020 - 12 Jan 2020,North Kivu | Vuhovi,Confirmed,0,0,0,7
2020-01-19,2020-01-12,12 Jan 2020 - 19 Jan 2020,North Kivu | Vuhovi,Confirmed,0,0,0,7
2020-01-26,2020-01-19,19 Jan 2020 - 26 Jan 2020,North Kivu | Vuhovi,Confirmed,0,0,0,7
2018-08-05,,unknown - 5 August 2018,North Kivu | Vuhovi,Probable,0,0,1,
2018-08-12,2018-08-05,5 Aug 2018 - 12 Aug 2018,North Kivu | Vuhovi,Probable,0,0,0,7
2018-08-20,2018-08-12,12 Aug 2018 - 20 Aug 2018,North Kivu | Vuhovi,Probable,0,0,0,8
2018-08-26,2018-08-20,20 Aug 2018 - 26 Aug 2018,North Kivu | Vuhovi,Probable,0,0,0,6
2018-09-02,2018-08-26,26 Aug 2018 - 2 Sep 2018,North Kivu | Vuhovi,Probable,0,0,0,7
2018-09-09,2018-09-02,2 Sep 2018 - 9 Sep 2018,North Kivu | Vuhovi,Probable,0,0,0,7
2018-09-16,2018-09-09,9 Sep 2018 - 16 Sep 2018,North Kivu | Vuhovi,Probable,0,0,0,7
2018-09-23,2018-09-16,16 Sep 2018 - 23 Sep 2018,North Kivu | Vuhovi,Probable,0,0,0,7
2018-10-02,2018-09-23,23 Sep 2018 - 2 Oct 2018,North Kivu | Vuhovi,Probable,0,0,0,9
2018-10-07,2018-10-02,2 Oct 2018 - 7 Oct 2018,North Kivu | Vuhovi,Probable,0,0,0,5
2018-10-15,2018-10-07,7 Oct 2018 - 15 Oct 2018,North Kivu | Vuhovi,Probable,0,0,0,8
2018-10-21,2018-10-15,15 Oct 2018 - 21 Oct 2018,North Kivu | Vuhovi,Probable,0,0,0,6
2018-10-28,2018-10-21,21 Oct 2018 - 28 Oct 2018,North Kivu | Vuhovi,Probable,0,0,0,7
2018-11-04,2018-10-28,28 Oct 2018 - 4 Nov 2018,North Kivu | Vuhovi,Probable,0,0,0,7
2018-11-11,2018-11-04,4 Nov 2018 - 11 Nov 2018,North Kivu | Vuhovi,Probable,0,0,0,7
2018-11-19,2018-11-11,11 Nov 2018 - 19 Nov 2018,North Kivu | Vuhovi,Probable,0,0,0,8
2018-11-26,2018-11-19,19 Nov 2018 - 26 Nov 2018,North Kivu | Vuhovi,Probable,0,0,0,7
2018-12-03,2018-11-26,26 Nov 2018 - 3 Dec 2018,North Kivu | Vuhovi,Probable,0,0,0,7
2018-12-10,2018-12-03,3 Dec 2018 - 10 Dec 2018,North Kivu | Vuhovi,Probable,0,0,0,7
2018-12-16,2018-12-10,10 Dec 2018 - 16 Dec 2018,North Kivu | Vuhovi,Probable,0,0,0,6
2018-12-25,2018-12-16,16 Dec 2018 - 25 Dec 2018,North Kivu | Vuhovi,Probable,0,0,0,9
2019-01-01,2018-12-25,25 Dec 2018 - 1 Jan 2019,North Kivu | Vuhovi,Probable,0,0,0,7
2019-01-06,2019-01-01,1 Jan 2019 - 6 Jan 2019,North Kivu | Vuhovi,Probable,0,0,0,5
2019-01-14,2019-01-06,6 Jan 2019 - 14 Jan 2019,North Kivu | Vuhovi,Probable,0,0,0,8
2019-01-21,2019-01-14,14 Jan 2019 - 21 Jan 2019,North Kivu | Vuhovi,Probable,0,0,0,7
2019-01-28,2019-01-21,21 Jan 2019 - 28 Jan 2019,North Kivu | Vuhovi,Probable,0,0,0,7
2019-02-03,2019-01-28,28 Jan 2019 - 3 Feb 2019,North Kivu | Vuhovi,Probable,0,0,0,6
2019-02-10,2019-02-03,3 Feb 2019 - 10 Feb 2019,North Kivu | Vuhovi,Probable,0,0,0,7
2019-02-17,2019-02-10,10 Feb 2019 - 17 Feb 2019,North Kivu | Vuhovi,Probable,0,0,0,7
2019-02-24,2019-02-17,17 Feb 2019 - 24 Feb 2019,North Kivu | Vuhovi,Probable,0,0,0,7
2019-03-03,2019-02-24,24 Feb 2019 - 3 Mar 2019,North Kivu | Vuhovi,Probable,0,0,0,7
2019-03-10,2019-03-03,3 Mar 2019 - 10 Mar 2019,North Kivu | Vuhovi,Probable,0,0,0,7
2019-03-17,2019-03-10,10 Mar 2019 - 17 Mar 2019,North Kivu | Vuhovi,Probable,0,0,0,7
2019-03-24,2019-03-17,17 Mar 2019 - 24 Mar 2019,North Kivu | Vuhovi,Probable,0,0,0,7
2019-03-31,2019-03-24,24 Mar 2019 - 31 Mar 2019,North Kivu | Vuhovi,Probable,1,0,0,7
2019-04-07,2019-03-31,31 Mar 2019 - 7 Apr 2019,North Kivu | Vuhovi,Probable,0,0,0,7
2019-04-14,2019-04-07,7 Apr 2019 - 14 Apr 2019,North Kivu | Vuhovi,Probable,0,0,0,7
2019-04-22,2019-04-14,14 Apr 2019 - 22 Apr 2019,North Kivu | Vuhovi,Probable,-1,1,0,8
2019-04-28,2019-04-22,22 Apr 2019 - 28 Apr 2019,North Kivu | Vuhovi,Probable,0,0,0,6
2019-05-05,2019-04-28,28 Apr 2019 - 5 May 2019,North Kivu | Vuhovi,Probable,0,0,0,7
2019-05-12,2019-05-05,5 May 2019 - 12 May 2019,North Kivu | Vuhovi,Probable,13,0,0,7
2019-05-19,2019-05-12,12 May 2019 - 19 May 2019,North Kivu | Vuhovi,Probable,-1,1,0,7
2019-05-26,2019-05-19,19 May 2019 - 26 May 2019,North Kivu | Vuhovi,Probable,1,0,0,7
2019-06-02,2019-05-26,26 May 2019 - 2 Jun 2019,North Kivu | Vuhovi,Probable,0,0,0,7
2019-06-12,2019-06-02,2 Jun 2019 - 12 Jun 2019,North Kivu | Vuhovi,Probable,0,0,0,10
2019-06-16,2019-06-12,12 Jun 2019 - 16 Jun 2019,North Kivu | Vuhovi,Probable,0,0,0,4
2019-06-23,2019-06-16,16 Jun 2019 - 23 Jun 2019,North Kivu | Vuhovi,Probable,0,0,0,7
2019-06-30,2019-06-23,23 Jun 2019 - 30 Jun 2019,North Kivu | Vuhovi,Probable,0,0,0,7
2019-07-07,2019-06-30,30 Jun 2019 - 7 Jul 2019,North Kivu | Vuhovi,Probable,0,0,0,7
2019-07-14,2019-07-07,7 Jul 2019 - 14 Jul 2019,North Kivu | Vuhovi,Probable,0,0,0,7
2019-07-21,2019-07-14,14 Jul 2019 - 21 Jul 2019,North Kivu | Vuhovi,Probable,0,0,0,7
2019-07-28,2019-07-21,21 Jul 2019 - 28 Jul 2019,North Kivu | Vuhovi,Probable,0,0,0,7
2019-08-04,2019-07-28,28 Jul 2019 - 4 Aug 2019,North Kivu | Vuhovi,Probable,0,0,0,7
2019-08-11,2019-08-04,4 Aug 2019 - 11 Aug 2019,North Kivu | Vuhovi,Probable,0,0,0,7
2019-08-18,2019-08-11,11 Aug 2019 - 18 Aug 2019,North Kivu | Vuhovi,Probable,0,0,0,7
2019-08-25,2019-08-18,18 Aug 2019 - 25 Aug 2019,North Kivu | Vuhovi,Probable,1,0,0,7
2019-09-01,2019-08-25,25 Aug 2019 - 1 Sep 2019,North Kivu | Vuhovi,Probable,0,0,0,7
2019-09-08,2019-09-01,1 Sep 2019 - 8 Sep 2019,North Kivu | Vuhovi,Probable,0,0,0,7
2019-09-15,2019-09-08,8 Sep 2019 - 15 Sep 2019,North Kivu | Vuhovi,Probable,0,0,0,7
2019-09-22,2019-09-15,15 Sep 2019 - 22 Sep 2019,North Kivu | Vuhovi,Probable,0,0,0,7
2019-09-29,2019-09-22,22 Sep 2019 - 29 Sep 2019,North Kivu | Vuhovi,Probable,0,0,0,7
2019-10-06,2019-09-29,29 Sep 2019 - 6 Oct 2019,North Kivu | Vuhovi,Probable,0,0,0,7
2019-10-13,2019-10-06,6 Oct 2019 - 13 Oct 2019,North Kivu | Vuhovi,Probable,0,0,0,7
2019-10-20,2019-10-13,13 Oct 2019 - 20 Oct 2019,North Kivu | Vuhovi,Probable,0,0,0,7
2019-10-27,2019-10-20,20 Oct 2019 - 27 Oct 2019,North Kivu | Vuhovi,Probable,0,0,0,7
2019-11-03,2019-10-27,27 Oct 2019 - 3 Nov 2019,North Kivu | Vuhovi,Probable,0,0,0,7
2019-11-10,2019-11-03,3 Nov 2019 - 10 Nov 2019,North Kivu | Vuhovi,Probable,0,0,0,7
2019-11-17,2019-11-10,10 Nov 2019 - 17 Nov 2019,North Kivu | Vuhovi,Probable,0,0,0,7
2019-11-24,2019-11-17,17 Nov 2019 - 24 Nov 2019,North Kivu | Vuhovi,Probable,0,0,0,7
2019-12-01,2019-11-24,24 Nov 2019 - 1 Dec 2019,North Kivu | Vuhovi,Probable,0,0,0,7
2019-12-08,2019-12-01,1 Dec 2019 - 8 Dec 2019,North Kivu | Vuhovi,Probable,0,0,0,7
2019-12-15,2019-12-08,8 Dec 2019 - 15 Dec 2019,North Kivu | Vuhovi,Probable,0,0,0,7
2019-12-22,2019-12-15,15 Dec 2019 - 22 Dec 2019,North Kivu | Vuhovi,Probable,0,0,0,7
2020-01-05,2019-12-22,22 Dec 2019 - 5 Jan 2020,North Kivu | Vuhovi,Probable,0,0,0,14
2020-01-12,2020-01-05,5 Jan 2020 - 12 Jan 2020,North Kivu | Vuhovi,Probable,0,0,0,7
2020-01-19,2020-01-12,12 Jan 2020 - 19 Jan 2020,North Kivu | Vuhovi,Probable,0,0,0,7
2020-01-26,2020-01-19,19 Jan 2020 - 26 Jan 2020,North Kivu | Vuhovi,Probable,0,0,0,7
2018-08-05,,unknown - 5 August 2018,Ituri | Ariwara,Confirmed,0,0,1,
2018-08-12,2018-08-05,5 Aug 2018 - 12 Aug 2018,Ituri | Ariwara,Confirmed,0,0,0,7
2018-08-20,2018-08-12,12 Aug 2018 - 20 Aug 2018,Ituri | Ariwara,Confirmed,0,0,0,8
2018-08-26,2018-08-20,20 Aug 2018 - 26 Aug 2018,Ituri | Ariwara,Confirmed,0,0,0,6
2018-09-02,2018-08-26,26 Aug 2018 - 2 Sep 2018,Ituri | Ariwara,Confirmed,0,0,0,7
2018-09-09,2018-09-02,2 Sep 2018 - 9 Sep 2018,Ituri | Ariwara,Confirmed,0,0,0,7
2018-09-16,2018-09-09,9 Sep 2018 - 16 Sep 2018,Ituri | Ariwara,Confirmed,0,0,0,7
2018-09-23,2018-09-16,16 Sep 2018 - 23 Sep 2018,Ituri | Ariwara,Confirmed,0,0,0,7
2018-10-02,2018-09-23,23 Sep 2018 - 2 Oct 2018,Ituri | Ariwara,Confirmed,0,0,0,9
2018-10-07,2018-10-02,2 Oct 2018 - 7 Oct 2018,Ituri | Ariwara,Confirmed,0,0,0,5
2018-10-15,2018-10-07,7 Oct 2018 - 15 Oct 2018,Ituri | Ariwara,Confirmed,0,0,0,8
2018-10-21,2018-10-15,15 Oct 2018 - 21 Oct 2018,Ituri | Ariwara,Confirmed,0,0,0,6
2018-10-28,2018-10-21,21 Oct 2018 - 28 Oct 2018,Ituri | Ariwara,Confirmed,0,0,0,7
2018-11-04,2018-10-28,28 Oct 2018 - 4 Nov 2018,Ituri | Ariwara,Confirmed,0,0,0,7
2018-11-11,2018-11-04,4 Nov 2018 - 11 Nov 2018,Ituri | Ariwara,Confirmed,0,0,0,7
2018-11-19,2018-11-11,11 Nov 2018 - 19 Nov 2018,Ituri | Ariwara,Confirmed,0,0,0,8
2018-11-26,2018-11-19,19 Nov 2018 - 26 Nov 2018,Ituri | Ariwara,Confirmed,0,0,0,7
2018-12-03,2018-11-26,26 Nov 2018 - 3 Dec 2018,Ituri | Ariwara,Confirmed,0,0,0,7
2018-12-10,2018-12-03,3 Dec 2018 - 10 Dec 2018,Ituri | Ariwara,Confirmed,0,0,0,7
2018-12-16,2018-12-10,10 Dec 2018 - 16 Dec 2018,Ituri | Ariwara,Confirmed,0,0,0,6
2018-12-25,2018-12-16,16 Dec 2018 - 25 Dec 2018,Ituri | Ariwara,Confirmed,0,0,0,9
2019-01-01,2018-12-25,25 Dec 2018 - 1 Jan 2019,Ituri | Ariwara,Confirmed,0,0,0,7
2019-01-06,2019-01-01,1 Jan 2019 - 6 Jan 2019,Ituri | Ariwara,Confirmed,0,0,0,5
2019-01-14,2019-01-06,6 Jan 2019 - 14 Jan 2019,Ituri | Ariwara,Confirmed,0,0,0,8
2019-01-21,2019-01-14,14 Jan 2019 - 21 Jan 2019,Ituri | Ariwara,Confirmed,0,0,0,7
2019-01-28,2019-01-21,21 Jan 2019 - 28 Jan 2019,Ituri | Ariwara,Confirmed,0,0,0,7
2019-02-03,2019-01-28,28 Jan 2019 - 3 Feb 2019,Ituri | Ariwara,Confirmed,0,0,0,6
2019-02-10,2019-02-03,3 Feb 2019 - 10 Feb 2019,Ituri | Ariwara,Confirmed,0,0,0,7
2019-02-17,2019-02-10,10 Feb 2019 - 17 Feb 2019,Ituri | Ariwara,Confirmed,0,0,0,7
2019-02-24,2019-02-17,17 Feb 2019 - 24 Feb 2019,Ituri | Ariwara,Confirmed,0,0,0,7
2019-03-03,2019-02-24,24 Feb 2019 - 3 Mar 2019,Ituri | Ariwara,Confirmed,0,0,0,7
2019-03-10,2019-03-03,3 Mar 2019 - 10 Mar 2019,Ituri | Ariwara,Confirmed,0,0,0,7
2019-03-17,2019-03-10,10 Mar 2019 - 17 Mar 2019,Ituri | Ariwara,Confirmed,0,0,0,7
2019-03-24,2019-03-17,17 Mar 2019 - 24 Mar 2019,Ituri | Ariwara,Confirmed,0,0,0,7
2019-03-31,2019-03-24,24 Mar 2019 - 31 Mar 2019,Ituri | Ariwara,Confirmed,0,0,0,7
2019-04-07,2019-03-31,31 Mar 2019 - 7 Apr 2019,Ituri | Ariwara,Confirmed,0,0,0,7
2019-04-14,2019-04-07,7 Apr 2019 - 14 Apr 2019,Ituri | Ariwara,Confirmed,0,0,0,7
2019-04-22,2019-04-14,14 Apr 2019 - 22 Apr 2019,Ituri | Ariwara,Confirmed,0,0,0,8
2019-04-28,2019-04-22,22 Apr 2019 - 28 Apr 2019,Ituri | Ariwara,Confirmed,0,0,0,6
2019-05-05,2019-04-28,28 Apr 2019 - 5 May 2019,Ituri | Ariwara,Confirmed,0,0,0,7
2019-05-12,2019-05-05,5 May 2019 - 12 May 2019,Ituri | Ariwara,Confirmed,0,0,0,7
2019-05-19,2019-05-12,12 May 2019 - 19 May 2019,Ituri | Ariwara,Confirmed,0,0,0,7
2019-05-26,2019-05-19,19 May 2019 - 26 May 2019,Ituri | Ariwara,Confirmed,0,0,0,7
2019-06-02,2019-05-26,26 May 2019 - 2 Jun 2019,Ituri | Ariwara,Confirmed,0,0,0,7
2019-06-12,2019-06-02,2 Jun 2019 - 12 Jun 2019,Ituri | Ariwara,Confirmed,0,0,0,10
2019-06-16,2019-06-12,12 Jun 2019 - 16 Jun 2019,Ituri | Ariwara,Confirmed,0,0,0,4
2019-06-23,2019-06-16,16 Jun 2019 - 23 Jun 2019,Ituri | Ariwara,Confirmed,0,0,0,7
2019-06-30,2019-06-23,23 Jun 2019 - 30 Jun 2019,Ituri | Ariwara,Confirmed,1,0,0,7
2019-07-07,2019-06-30,30 Jun 2019 - 7 Jul 2019,Ituri | Ariwara,Confirmed,0,0,0,7
2019-07-14,2019-07-07,7 Jul 2019 - 14 Jul 2019,Ituri | Ariwara,Confirmed,0,0,0,7
2019-07-21,2019-07-14,14 Jul 2019 - 21 Jul 2019,Ituri | Ariwara,Confirmed,0,0,0,7
2019-07-28,2019-07-21,21 Jul 2019 - 28 Jul 2019,Ituri | Ariwara,Confirmed,0,0,0,7
2019-08-04,2019-07-28,28 Jul 2019 - 4 Aug 2019,Ituri | Ariwara,Confirmed,0,0,0,7
2019-08-11,2019-08-04,4 Aug 2019 - 11 Aug 2019,Ituri | Ariwara,Confirmed,0,0,0,7
2019-08-18,2019-08-11,11 Aug 2019 - 18 Aug 2019,Ituri | Ariwara,Confirmed,-1,1,0,7
2019-08-25,2019-08-18,18 Aug 2019 - 25 Aug 2019,Ituri | Ariwara,Confirmed,1,0,0,7
2019-09-01,2019-08-25,25 Aug 2019 - 1 Sep 2019,Ituri | Ariwara,Confirmed,0,0,0,7
2019-09-08,2019-09-01,1 Sep 2019 - 8 Sep 2019,Ituri | Ariwara,Confirmed,0,0,0,7
2019-09-15,2019-09-08,8 Sep 2019 - 15 Sep 2019,Ituri | Ariwara,Confirmed,0,0,0,7
2019-09-22,2019-09-15,15 Sep 2019 - 22 Sep 2019,Ituri | Ariwara,Confirmed,0,0,0,7
2019-09-29,2019-09-22,22 Sep 2019 - 29 Sep 2019,Ituri | Ariwara,Confirmed,0,0,0,7
2019-10-06,2019-09-29,29 Sep 2019 - 6 Oct 2019,Ituri | Ariwara,Confirmed,0,0,0,7
2019-10-13,2019-10-06,6 Oct 2019 - 13 Oct 2019,Ituri | Ariwara,Confirmed,0,0,0,7
2019-10-20,2019-10-13,13 Oct 2019 - 20 Oct 2019,Ituri | Ariwara,Confirmed,0,0,0,7
2019-10-27,2019-10-20,20 Oct 2019 - 27 Oct 2019,Ituri | Ariwara,Confirmed,0,0,0,7
2019-11-03,2019-10-27,27 Oct 2019 - 3 Nov 2019,Ituri | Ariwara,Confirmed,0,0,0,7
2019-11-10,2019-11-03,3 Nov 2019 - 10 Nov 2019,Ituri | Ariwara,Confirmed,0,0,0,7
2019-11-17,2019-11-10,10 Nov 2019 - 17 Nov 2019,Ituri | Ariwara,Confirmed,0,0,0,7
2019-11-24,2019-11-17,17 Nov 2019 - 24 Nov 2019,Ituri | Ariwara,Confirmed,0,0,0,7
2019-12-01,2019-11-24,24 Nov 2019 - 1 Dec 2019,Ituri | Ariwara,Confirmed,0,0,0,7
2019-12-08,2019-12-01,1 Dec 2019 - 8 Dec 2019,Ituri | Ariwara,Confirmed,0,0,0,7
2019-12-15,2019-12-08,8 Dec 2019 - 15 Dec 2019,Ituri | Ariwara,Confirmed,0,0,0,7
2019-12-22,2019-12-15,15 Dec 2019 - 22 Dec 2019,Ituri | Ariwara,Confirmed,0,0,0,7
2020-01-05,2019-12-22,22 Dec 2019 - 5 Jan 2020,Ituri | Ariwara,Confirmed,0,0,0,14
2020-01-12,2020-01-05,5 Jan 2020 - 12 Jan 2020,Ituri | Ariwara,Confirmed,0,0,0,7
2020-01-19,2020-01-12,12 Jan 2020 - 19 Jan 2020,Ituri | Ariwara,Confirmed,0,0,0,7
2020-01-26,2020-01-19,19 Jan 2020 - 26 Jan 2020,Ituri | Ariwara,Confirmed,0,0,0,7
2018-08-05,,unknown - 5 August 2018,Ituri | Ariwara,Probable,0,0,1,
2018-08-12,2018-08-05,5 Aug 2018 - 12 Aug 2018,Ituri | Ariwara,Probable,0,0,0,7
2018-08-20,2018-08-12,12 Aug 2018 - 20 Aug 2018,Ituri | Ariwara,Probable,0,0,0,8
2018-08-26,2018-08-20,20 Aug 2018 - 26 Aug 2018,Ituri | Ariwara,Probable,0,0,0,6
2018-09-02,2018-08-26,26 Aug 2018 - 2 Sep 2018,Ituri | Ariwara,Probable,0,0,0,7
2018-09-09,2018-09-02,2 Sep 2018 - 9 Sep 2018,Ituri | Ariwara,Probable,0,0,0,7
2018-09-16,2018-09-09,9 Sep 2018 - 16 Sep 2018,Ituri | Ariwara,Probable,0,0,0,7
2018-09-23,2018-09-16,16 Sep 2018 - 23 Sep 2018,Ituri | Ariwara,Probable,0,0,0,7
2018-10-02,2018-09-23,23 Sep 2018 - 2 Oct 2018,Ituri | Ariwara,Probable,0,0,0,9
2018-10-07,2018-10-02,2 Oct 2018 - 7 Oct 2018,Ituri | Ariwara,Probable,0,0,0,5
2018-10-15,2018-10-07,7 Oct 2018 - 15 Oct 2018,Ituri | Ariwara,Probable,0,0,0,8
2018-10-21,2018-10-15,15 Oct 2018 - 21 Oct 2018,Ituri | Ariwara,Probable,0,0,0,6
2018-10-28,2018-10-21,21 Oct 2018 - 28 Oct 2018,Ituri | Ariwara,Probable,0,0,0,7
2018-11-04,2018-10-28,28 Oct 2018 - 4 Nov 2018,Ituri | Ariwara,Probable,0,0,0,7
2018-11-11,2018-11-04,4 Nov 2018 - 11 Nov 2018,Ituri | Ariwara,Probable,0,0,0,7
2018-11-19,2018-11-11,11 Nov 2018 - 19 Nov 2018,Ituri | Ariwara,Probable,0,0,0,8
2018-11-26,2018-11-19,19 Nov 2018 - 26 Nov 2018,Ituri | Ariwara,Probable,0,0,0,7
2018-12-03,2018-11-26,26 Nov 2018 - 3 Dec 2018,Ituri | Ariwara,Probable,0,0,0,7
2018-12-10,2018-12-03,3 Dec 2018 - 10 Dec 2018,Ituri | Ariwara,Probable,0,0,0,7
2018-12-16,2018-12-10,10 Dec 2018 - 16 Dec 2018,Ituri | Ariwara,Probable,0,0,0,6
2018-12-25,2018-12-16,16 Dec 2018 - 25 Dec 2018,Ituri | Ariwara,Probable,0,0,0,9
2019-01-01,2018-12-25,25 Dec 2018 - 1 Jan 2019,Ituri | Ariwara,Probable,0,0,0,7
2019-01-06,2019-01-01,1 Jan 2019 - 6 Jan 2019,Ituri | Ariwara,Probable,0,0,0,5
2019-01-14,2019-01-06,6 Jan 2019 - 14 Jan 2019,Ituri | Ariwara,Probable,0,0,0,8
2019-01-21,2019-01-14,14 Jan 2019 - 21 Jan 2019,Ituri | Ariwara,Probable,0,0,0,7
2019-01-28,2019-01-21,21 Jan 2019 - 28 Jan 2019,Ituri | Ariwara,Probable,0,0,0,7
2019-02-03,2019-01-28,28 Jan 2019 - 3 Feb 2019,Ituri | Ariwara,Probable,0,0,0,6
2019-02-10,2019-02-03,3 Feb 2019 - 10 Feb 2019,Ituri | Ariwara,Probable,0,0,0,7
2019-02-17,2019-02-10,10 Feb 2019 - 17 Feb 2019,Ituri | Ariwara,Probable,0,0,0,7
2019-02-24,2019-02-17,17 Feb 2019 - 24 Feb 2019,Ituri | Ariwara,Probable,0,0,0,7
2019-03-03,2019-02-24,24 Feb 2019 - 3 Mar 2019,Ituri | Ariwara,Probable,0,0,0,7
2019-03-10,2019-03-03,3 Mar 2019 - 10 Mar 2019,Ituri | Ariwara,Probable,0,0,0,7
2019-03-17,2019-03-10,10 Mar 2019 - 17 Mar 2019,Ituri | Ariwara,Probable,0,0,0,7
2019-03-24,2019-03-17,17 Mar 2019 - 24 Mar 2019,Ituri | Ariwara,Probable,0,0,0,7
2019-03-31,2019-03-24,24 Mar 2019 - 31 Mar 2019,Ituri | Ariwara,Probable,0,0,0,7
2019-04-07,2019-03-31,31 Mar 2019 - 7 Apr 2019,Ituri | Ariwara,Probable,0,0,0,7
2019-04-14,2019-04-07,7 Apr 2019 - 14 Apr 2019,Ituri | Ariwara,Probable,0,0,0,7
2019-04-22,2019-04-14,14 Apr 2019 - 22 Apr 2019,Ituri | Ariwara,Probable,0,0,0,8
2019-04-28,2019-04-22,22 Apr 2019 - 28 Apr 2019,Ituri | Ariwara,Probable,0,0,0,6
2019-05-05,2019-04-28,28 Apr 2019 - 5 May 2019,Ituri | Ariwara,Probable,0,0,0,7
2019-05-12,2019-05-05,5 May 2019 - 12 May 2019,Ituri | Ariwara,Probable,0,0,0,7
2019-05-19,2019-05-12,12 May 2019 - 19 May 2019,Ituri | Ariwara,Probable,0,0,0,7
2019-05-26,2019-05-19,19 May 2019 - 26 May 2019,Ituri | Ariwara,Probable,0,0,0,7
2019-06-02,2019-05-26,26 May 2019 - 2 Jun 2019,Ituri | Ariwara,Probable,0,0,0,7
2019-06-12,2019-06-02,2 Jun 2019 - 12 Jun 2019,Ituri | Ariwara,Probable,0,0,0,10
2019-06-16,2019-06-12,12 Jun 2019 - 16 Jun 2019,Ituri | Ariwara,Probable,0,0,0,4
2019-06-23,2019-06-16,16 Jun 2019 - 23 Jun 2019,Ituri | Ariwara,Probable,0,0,0,7
2019-06-30,2019-06-23,23 Jun 2019 - 30 Jun 2019,Ituri | Ariwara,Probable,0,0,0,7
2019-07-07,2019-06-30,30 Jun 2019 - 7 Jul 2019,Ituri | Ariwara,Probable,0,0,0,7
2019-07-14,2019-07-07,7 Jul 2019 - 14 Jul 2019,Ituri | Ariwara,Probable,0,0,0,7
2019-07-21,2019-07-14,14 Jul 2019 - 21 Jul 2019,Ituri | Ariwara,Probable,0,0,0,7
2019-07-28,2019-07-21,21 Jul 2019 - 28 Jul 2019,Ituri | Ariwara,Probable,0,0,0,7
2019-08-04,2019-07-28,28 Jul 2019 - 4 Aug 2019,Ituri | Ariwara,Probable,0,0,0,7
2019-08-11,2019-08-04,4 Aug 2019 - 11 Aug 2019,Ituri | Ariwara,Probable,0,0,0,7
2019-08-18,2019-08-11,11 Aug 2019 - 18 Aug 2019,Ituri | Ariwara,Probable,0,0,0,7
2019-08-25,2019-08-18,18 Aug 2019 - 25 Aug 2019,Ituri | Ariwara,Probable,0,0,0,7
2019-09-01,2019-08-25,25 Aug 2019 - 1 Sep 2019,Ituri | Ariwara,Probable,0,0,0,7
2019-09-08,2019-09-01,1 Sep 2019 - 8 Sep 2019,Ituri | Ariwara,Probable,0,0,0,7
2019-09-15,2019-09-08,8 Sep 2019 - 15 Sep 2019,Ituri | Ariwara,Probable,0,0,0,7
2019-09-22,2019-09-15,15 Sep 2019 - 22 Sep 2019,Ituri | Ariwara,Probable,0,0,0,7
2019-09-29,2019-09-22,22 Sep 2019 - 29 Sep 2019,Ituri | Ariwara,Probable,0,0,0,7
2019-10-06,2019-09-29,29 Sep 2019 - 6 Oct 2019,Ituri | Ariwara,Probable,0,0,0,7
2019-10-13,2019-10-06,6 Oct 2019 - 13 Oct 2019,Ituri | Ariwara,Probable,0,0,0,7
2019-10-20,2019-10-13,13 Oct 2019 - 20 Oct 2019,Ituri | Ariwara,Probable,0,0,0,7
2019-10-27,2019-10-20,20 Oct 2019 - 27 Oct 2019,Ituri | Ariwara,Probable,0,0,0,7
2019-11-03,2019-10-27,27 Oct 2019 - 3 Nov 2019,Ituri | Ariwara,Probable,0,0,0,7
2019-11-10,2019-11-03,3 Nov 2019 - 10 Nov 2019,Ituri | Ariwara,Probable,0,0,0,7
2019-11-17,2019-11-10,10 Nov 2019 - 17 Nov 2019,Ituri | Ariwara,Probable,0,0,0,7
2019-11-24,2019-11-17,17 Nov 2019 - 24 Nov 2019,Ituri | Ariwara,Probable,0,0,0,7
2019-12-01,2019-11-24,24 Nov 2019 - 1 Dec 2019,Ituri | Ariwara,Probable,0,0,0,7
2019-12-08,2019-12-01,1 Dec 2019 - 8 Dec 2019,Ituri | Ariwara,Probable,0,0,0,7
2019-12-15,2019-12-08,8 Dec 2019 - 15 Dec 2019,Ituri | Ariwara,Probable,0,0,0,7
2019-12-22,2019-12-15,15 Dec 2019 - 22 Dec 2019,Ituri | Ariwara,Probable,0,0,0,7
2020-01-05,2019-12-22,22 Dec 2019 - 5 Jan 2020,Ituri | Ariwara,Probable,0,0,0,14
2020-01-12,2020-01-05,5 Jan 2020 - 12 Jan 2020,Ituri | Ariwara,Probable,0,0,0,7
2020-01-19,2020-01-12,12 Jan 2020 - 19 Jan 2020,Ituri | Ariwara,Probable,0,0,0,7
2020-01-26,2020-01-19,19 Jan 2020 - 26 Jan 2020,Ituri | Ariwara,Probable,0,0,0,7
2018-08-05,,unknown - 5 August 2018,Ituri | Bunia,Confirmed,0,0,1,
2018-08-12,2018-08-05,5 Aug 2018 - 12 Aug 2018,Ituri | Bunia,Confirmed,0,0,0,7
2018-08-20,2018-08-12,12 Aug 2018 - 20 Aug 2018,Ituri | Bunia,Confirmed,0,0,0,8
2018-08-26,2018-08-20,20 Aug 2018 - 26 Aug 2018,Ituri | Bunia,Confirmed,0,0,0,6
2018-09-02,2018-08-26,26 Aug 2018 - 2 Sep 2018,Ituri | Bunia,Confirmed,0,0,0,7
2018-09-09,2018-09-02,2 Sep 2018 - 9 Sep 2018,Ituri | Bunia,Confirmed,0,0,0,7
2018-09-16,2018-09-09,9 Sep 2018 - 16 Sep 2018,Ituri | Bunia,Confirmed,0,0,0,7
2018-09-23,2018-09-16,16 Sep 2018 - 23 Sep 2018,Ituri | Bunia,Confirmed,0,0,0,7
2018-10-02,2018-09-23,23 Sep 2018 - 2 Oct 2018,Ituri | Bunia,Confirmed,0,0,0,9
2018-10-07,2018-10-02,2 Oct 2018 - 7 Oct 2018,Ituri | Bunia,Confirmed,0,0,0,5
2018-10-15,2018-10-07,7 Oct 2018 - 15 Oct 2018,Ituri | Bunia,Confirmed,0,0,0,8
2018-10-21,2018-10-15,15 Oct 2018 - 21 Oct 2018,Ituri | Bunia,Confirmed,0,0,0,6
2018-10-28,2018-10-21,21 Oct 2018 - 28 Oct 2018,Ituri | Bunia,Confirmed,0,0,0,7
2018-11-04,2018-10-28,28 Oct 2018 - 4 Nov 2018,Ituri | Bunia,Confirmed,0,0,0,7
2018-11-11,2018-11-04,4 Nov 2018 - 11 Nov 2018,Ituri | Bunia,Confirmed,0,0,0,7
2018-11-19,2018-11-11,11 Nov 2018 - 19 Nov 2018,Ituri | Bunia,Confirmed,0,0,0,8
2018-11-26,2018-11-19,19 Nov 2018 - 26 Nov 2018,Ituri | Bunia,Confirmed,0,0,0,7
2018-12-03,2018-11-26,26 Nov 2018 - 3 Dec 2018,Ituri | Bunia,Confirmed,0,0,0,7
2018-12-10,2018-12-03,3 Dec 2018 - 10 Dec 2018,Ituri | Bunia,Confirmed,0,0,0,7
2018-12-16,2018-12-10,10 Dec 2018 - 16 Dec 2018,Ituri | Bunia,Confirmed,0,0,0,6
2018-12-25,2018-12-16,16 Dec 2018 - 25 Dec 2018,Ituri | Bunia,Confirmed,0,0,0,9
2019-01-01,2018-12-25,25 Dec 2018 - 1 Jan 2019,Ituri | Bunia,Confirmed,0,0,0,7
2019-01-06,2019-01-01,1 Jan 2019 - 6 Jan 2019,Ituri | Bunia,Confirmed,0,0,0,5
2019-01-14,2019-01-06,6 Jan 2019 - 14 Jan 2019,Ituri | Bunia,Confirmed,0,0,0,8
2019-01-21,2019-01-14,14 Jan 2019 - 21 Jan 2019,Ituri | Bunia,Confirmed,0,0,0,7
2019-01-28,2019-01-21,21 Jan 2019 - 28 Jan 2019,Ituri | Bunia,Confirmed,0,0,0,7
2019-02-03,2019-01-28,28 Jan 2019 - 3 Feb 2019,Ituri | Bunia,Confirmed,0,0,0,6
2019-02-10,2019-02-03,3 Feb 2019 - 10 Feb 2019,Ituri | Bunia,Confirmed,0,0,0,7
2019-02-17,2019-02-10,10 Feb 2019 - 17 Feb 2019,Ituri | Bunia,Confirmed,1,0,0,7
2019-02-24,2019-02-17,17 Feb 2019 - 24 Feb 2019,Ituri | Bunia,Confirmed,-1,1,0,7
2019-03-03,2019-02-24,24 Feb 2019 - 3 Mar 2019,Ituri | Bunia,Confirmed,0,0,0,7
2019-03-10,2019-03-03,3 Mar 2019 - 10 Mar 2019,Ituri | Bunia,Confirmed,0,0,0,7
2019-03-17,2019-03-10,10 Mar 2019 - 17 Mar 2019,Ituri | Bunia,Confirmed,0,0,0,7
2019-03-24,2019-03-17,17 Mar 2019 - 24 Mar 2019,Ituri | Bunia,Confirmed,1,0,0,7
2019-03-31,2019-03-24,24 Mar 2019 - 31 Mar 2019,Ituri | Bunia,Confirmed,0,0,0,7
2019-04-07,2019-03-31,31 Mar 2019 - 7 Apr 2019,Ituri | Bunia,Confirmed,0,0,0,7
2019-04-14,2019-04-07,7 Apr 2019 - 14 Apr 2019,Ituri | Bunia,Confirmed,0,0,0,7
2019-04-22,2019-04-14,14 Apr 2019 - 22 Apr 2019,Ituri | Bunia,Confirmed,0,0,0,8
2019-04-28,2019-04-22,22 Apr 2019 - 28 Apr 2019,Ituri | Bunia,Confirmed,0,0,0,6
2019-05-05,2019-04-28,28 Apr 2019 - 5 May 2019,Ituri | Bunia,Confirmed,0,0,0,7
2019-05-12,2019-05-05,5 May 2019 - 12 May 2019,Ituri | Bunia,Confirmed,0,0,0,7
2019-05-19,2019-05-12,12 May 2019 - 19 May 2019,Ituri | Bunia,Confirmed,0,0,0,7
2019-05-26,2019-05-19,19 May 2019 - 26 May 2019,Ituri | Bunia,Confirmed,0,0,0,7
2019-06-02,2019-05-26,26 May 2019 - 2 Jun 2019,Ituri | Bunia,Confirmed,0,0,0,7
2019-06-12,2019-06-02,2 Jun 2019 - 12 Jun 2019,Ituri | Bunia,Confirmed,0,0,0,10
2019-06-16,2019-06-12,12 Jun 2019 - 16 Jun 2019,Ituri | Bunia,Confirmed,1,0,0,4
2019-06-23,2019-06-16,16 Jun 2019 - 23 Jun 2019,Ituri | Bunia,Confirmed,2,0,0,7
2019-06-30,2019-06-23,23 Jun 2019 - 30 Jun 2019,Ituri | Bunia,Confirmed,0,0,0,7
2019-07-07,2019-06-30,30 Jun 2019 - 7 Jul 2019,Ituri | Bunia,Confirmed,0,0,0,7
2019-07-14,2019-07-07,7 Jul 2019 - 14 Jul 2019,Ituri | Bunia,Confirmed,0,0,0,7
2019-07-21,2019-07-14,14 Jul 2019 - 21 Jul 2019,Ituri | Bunia,Confirmed,0,0,0,7
2019-07-28,2019-07-21,21 Jul 2019 - 28 Jul 2019,Ituri | Bunia,Confirmed,0,0,0,7
2019-08-04,2019-07-28,28 Jul 2019 - 4 Aug 2019,Ituri | Bunia,Confirmed,0,0,0,7
2019-08-11,2019-08-04,4 Aug 2019 - 11 Aug 2019,Ituri | Bunia,Confirmed,0,0,0,7
2019-08-18,2019-08-11,11 Aug 2019 - 18 Aug 2019,Ituri | Bunia,Confirmed,0,0,0,7
2019-08-25,2019-08-18,18 Aug 2019 - 25 Aug 2019,Ituri | Bunia,Confirmed,0,0,0,7
2019-09-01,2019-08-25,25 Aug 2019 - 1 Sep 2019,Ituri | Bunia,Confirmed,0,0,0,7
2019-09-08,2019-09-01,1 Sep 2019 - 8 Sep 2019,Ituri | Bunia,Confirmed,0,0,0,7
2019-09-15,2019-09-08,8 Sep 2019 - 15 Sep 2019,Ituri | Bunia,Confirmed,0,0,0,7
2019-09-22,2019-09-15,15 Sep 2019 - 22 Sep 2019,Ituri | Bunia,Confirmed,0,0,0,7
2019-09-29,2019-09-22,22 Sep 2019 - 29 Sep 2019,Ituri | Bunia,Confirmed,0,0,0,7
2019-10-06,2019-09-29,29 Sep 2019 - 6 Oct 2019,Ituri | Bunia,Confirmed,0,0,0,7
2019-10-13,2019-10-06,6 Oct 2019 - 13 Oct 2019,Ituri | Bunia,Confirmed,0,0,0,7
2019-10-20,2019-10-13,13 Oct 2019 - 20 Oct 2019,Ituri | Bunia,Confirmed,0,0,0,7
2019-10-27,2019-10-20,20 Oct 2019 - 27 Oct 2019,Ituri | Bunia,Confirmed,0,0,0,7
2019-11-03,2019-10-27,27 Oct 2019 - 3 Nov 2019,Ituri | Bunia,Confirmed,0,0,0,7
2019-11-10,2019-11-03,3 Nov 2019 - 10 Nov 2019,Ituri | Bunia,Confirmed,0,0,0,7
2019-11-17,2019-11-10,10 Nov 2019 - 17 Nov 2019,Ituri | Bunia,Confirmed,0,0,0,7
2019-11-24,2019-11-17,17 Nov 2019 - 24 Nov 2019,Ituri | Bunia,Confirmed,0,0,0,7
2019-12-01,2019-11-24,24 Nov 2019 - 1 Dec 2019,Ituri | Bunia,Confirmed,0,0,0,7
2019-12-08,2019-12-01,1 Dec 2019 - 8 Dec 2019,Ituri | Bunia,Confirmed,0,0,0,7
2019-12-15,2019-12-08,8 Dec 2019 - 15 Dec 2019,Ituri | Bunia,Confirmed,0,0,0,7
2019-12-22,2019-12-15,15 Dec 2019 - 22 Dec 2019,Ituri | Bunia,Confirmed,0,0,0,7
2020-01-05,2019-12-22,22 Dec 2019 - 5 Jan 2020,Ituri | Bunia,Confirmed,0,0,0,14
2020-01-12,2020-01-05,5 Jan 2020 - 12 Jan 2020,Ituri | Bunia,Confirmed,0,0,0,7
2020-01-19,2020-01-12,12 Jan 2020 - 19 Jan 2020,Ituri | Bunia,Confirmed,0,0,0,7
2020-01-26,2020-01-19,19 Jan 2020 - 26 Jan 2020,Ituri | Bunia,Confirmed,0,0,0,7
2018-08-05,,unknown - 5 August 2018,Ituri | Bunia,Probable,0,0,1,
2018-08-12,2018-08-05,5 Aug 2018 - 12 Aug 2018,Ituri | Bunia,Probable,0,0,0,7
2018-08-20,2018-08-12,12 Aug 2018 - 20 Aug 2018,Ituri | Bunia,Probable,0,0,0,8
2018-08-26,2018-08-20,20 Aug 2018 - 26 Aug 2018,Ituri | Bunia,Probable,0,0,0,6
2018-09-02,2018-08-26,26 Aug 2018 - 2 Sep 2018,Ituri | Bunia,Probable,0,0,0,7
2018-09-09,2018-09-02,2 Sep 2018 - 9 Sep 2018,Ituri | Bunia,Probable,0,0,0,7
2018-09-16,2018-09-09,9 Sep 2018 - 16 Sep 2018,Ituri | Bunia,Probable,0,0,0,7
2018-09-23,2018-09-16,16 Sep 2018 - 23 Sep 2018,Ituri | Bunia,Probable,0,0,0,7
2018-10-02,2018-09-23,23 Sep 2018 - 2 Oct 2018,Ituri | Bunia,Probable,0,0,0,9
2018-10-07,2018-10-02,2 Oct 2018 - 7 Oct 2018,Ituri | Bunia,Probable,0,0,0,5
2018-10-15,2018-10-07,7 Oct 2018 - 15 Oct 2018,Ituri | Bunia,Probable,0,0,0,8
2018-10-21,2018-10-15,15 Oct 2018 - 21 Oct 2018,Ituri | Bunia,Probable,0,0,0,6
2018-10-28,2018-10-21,21 Oct 2018 - 28 Oct 2018,Ituri | Bunia,Probable,0,0,0,7
2018-11-04,2018-10-28,28 Oct 2018 - 4 Nov 2018,Ituri | Bunia,Probable,0,0,0,7
2018-11-11,2018-11-04,4 Nov 2018 - 11 Nov 2018,Ituri | Bunia,Probable,0,0,0,7
2018-11-19,2018-11-11,11 Nov 2018 - 19 Nov 2018,Ituri | Bunia,Probable,0,0,0,8
2018-11-26,2018-11-19,19 Nov 2018 - 26 Nov 2018,Ituri | Bunia,Probable,0,0,0,7
2018-12-03,2018-11-26,26 Nov 2018 - 3 Dec 2018,Ituri | Bunia,Probable,0,0,0,7
2018-12-10,2018-12-03,3 Dec 2018 - 10 Dec 2018,Ituri | Bunia,Probable,0,0,0,7
2018-12-16,2018-12-10,10 Dec 2018 - 16 Dec 2018,Ituri | Bunia,Probable,0,0,0,6
2018-12-25,2018-12-16,16 Dec 2018 - 25 Dec 2018,Ituri | Bunia,Probable,0,0,0,9
2019-01-01,2018-12-25,25 Dec 2018 - 1 Jan 2019,Ituri | Bunia,Probable,0,0,0,7
2019-01-06,2019-01-01,1 Jan 2019 - 6 Jan 2019,Ituri | Bunia,Probable,0,0,0,5
2019-01-14,2019-01-06,6 Jan 2019 - 14 Jan 2019,Ituri | Bunia,Probable,0,0,0,8
2019-01-21,2019-01-14,14 Jan 2019 - 21 Jan 2019,Ituri | Bunia,Probable,0,0,0,7
2019-01-28,2019-01-21,21 Jan 2019 - 28 Jan 2019,Ituri | Bunia,Probable,0,0,0,7
2019-02-03,2019-01-28,28 Jan 2019 - 3 Feb 2019,Ituri | Bunia,Probable,0,0,0,6
2019-02-10,2019-02-03,3 Feb 2019 - 10 Feb 2019,Ituri | Bunia,Probable,0,0,0,7
2019-02-17,2019-02-10,10 Feb 2019 - 17 Feb 2019,Ituri | Bunia,Probable,0,0,0,7
2019-02-24,2019-02-17,17 Feb 2019 - 24 Feb 2019,Ituri | Bunia,Probable,0,0,0,7
2019-03-03,2019-02-24,24 Feb 2019 - 3 Mar 2019,Ituri | Bunia,Probable,0,0,0,7
2019-03-10,2019-03-03,3 Mar 2019 - 10 Mar 2019,Ituri | Bunia,Probable,0,0,0,7
2019-03-17,2019-03-10,10 Mar 2019 - 17 Mar 2019,Ituri | Bunia,Probable,0,0,0,7
2019-03-24,2019-03-17,17 Mar 2019 - 24 Mar 2019,Ituri | Bunia,Probable,0,0,0,7
2019-03-31,2019-03-24,24 Mar 2019 - 31 Mar 2019,Ituri | Bunia,Probable,0,0,0,7
2019-04-07,2019-03-31,31 Mar 2019 - 7 Apr 2019,Ituri | Bunia,Probable,0,0,0,7
2019-04-14,2019-04-07,7 Apr 2019 - 14 Apr 2019,Ituri | Bunia,Probable,0,0,0,7
2019-04-22,2019-04-14,14 Apr 2019 - 22 Apr 2019,Ituri | Bunia,Probable,0,0,0,8
2019-04-28,2019-04-22,22 Apr 2019 - 28 Apr 2019,Ituri | Bunia,Probable,0,0,0,6
2019-05-05,2019-04-28,28 Apr 2019 - 5 May 2019,Ituri | Bunia,Probable,0,0,0,7
2019-05-12,2019-05-05,5 May 2019 - 12 May 2019,Ituri | Bunia,Probable,0,0,0,7
2019-05-19,2019-05-12,12 May 2019 - 19 May 2019,Ituri | Bunia,Probable,0,0,0,7
2019-05-26,2019-05-19,19 May 2019 - 26 May 2019,Ituri | Bunia,Probable,0,0,0,7
2019-06-02,2019-05-26,26 May 2019 - 2 Jun 2019,Ituri | Bunia,Probable,0,0,0,7
2019-06-12,2019-06-02,2 Jun 2019 - 12 Jun 2019,Ituri | Bunia,Probable,0,0,0,10
2019-06-16,2019-06-12,12 Jun 2019 - 16 Jun 2019,Ituri | Bunia,Probable,0,0,0,4
2019-06-23,2019-06-16,16 Jun 2019 - 23 Jun 2019,Ituri | Bunia,Probable,0,0,0,7
2019-06-30,2019-06-23,23 Jun 2019 - 30 Jun 2019,Ituri | Bunia,Probable,0,0,0,7
2019-07-07,2019-06-30,30 Jun 2019 - 7 Jul 2019,Ituri | Bunia,Probable,0,0,0,7
2019-07-14,2019-07-07,7 Jul 2019 - 14 Jul 2019,Ituri | Bunia,Probable,0,0,0,7
2019-07-21,2019-07-14,14 Jul 2019 - 21 Jul 2019,Ituri | Bunia,Probable,0,0,0,7
2019-07-28,2019-07-21,21 Jul 2019 - 28 Jul 2019,Ituri | Bunia,Probable,0,0,0,7
2019-08-04,2019-07-28,28 Jul 2019 - 4 Aug 2019,Ituri | Bunia,Probable,0,0,0,7
2019-08-11,2019-08-04,4 Aug 2019 - 11 Aug 2019,Ituri | Bunia,Probable,0,0,0,7
2019-08-18,2019-08-11,11 Aug 2019 - 18 Aug 2019,Ituri | Bunia,Probable,0,0,0,7
2019-08-25,2019-08-18,18 Aug 2019 - 25 Aug 2019,Ituri | Bunia,Probable,0,0,0,7
2019-09-01,2019-08-25,25 Aug 2019 - 1 Sep 2019,Ituri | Bunia,Probable,0,0,0,7
2019-09-08,2019-09-01,1 Sep 2019 - 8 Sep 2019,Ituri | Bunia,Probable,0,0,0,7
2019-09-15,2019-09-08,8 Sep 2019 - 15 Sep 2019,Ituri | Bunia,Probable,0,0,0,7
2019-09-22,2019-09-15,15 Sep 2019 - 22 Sep 2019,Ituri | Bunia,Probable,0,0,0,7
2019-09-29,2019-09-22,22 Sep 2019 - 29 Sep 2019,Ituri | Bunia,Probable,0,0,0,7
2019-10-06,2019-09-29,29 Sep 2019 - 6 Oct 2019,Ituri | Bunia,Probable,0,0,0,7
2019-10-13,2019-10-06,6 Oct 2019 - 13 Oct 2019,Ituri | Bunia,Probable,0,0,0,7
2019-10-20,2019-10-13,13 Oct 2019 - 20 Oct 2019,Ituri | Bunia,Probable,0,0,0,7
2019-10-27,2019-10-20,20 Oct 2019 - 27 Oct 2019,Ituri | Bunia,Probable,0,0,0,7
2019-11-03,2019-10-27,27 Oct 2019 - 3 Nov 2019,Ituri | Bunia,Probable,0,0,0,7
2019-11-10,2019-11-03,3 Nov 2019 - 10 Nov 2019,Ituri | Bunia,Probable,0,0,0,7
2019-11-17,2019-11-10,10 Nov 2019 - 17 Nov 2019,Ituri | Bunia,Probable,0,0,0,7
2019-11-24,2019-11-17,17 Nov 2019 - 24 Nov 2019,Ituri | Bunia,Probable,0,0,0,7
2019-12-01,2019-11-24,24 Nov 2019 - 1 Dec 2019,Ituri | Bunia,Probable,0,0,0,7
2019-12-08,2019-12-01,1 Dec 2019 - 8 Dec 2019,Ituri | Bunia,Probable,0,0,0,7
2019-12-15,2019-12-08,8 Dec 2019 - 15 Dec 2019,Ituri | Bunia,Probable,0,0,0,7
2019-12-22,2019-12-15,15 Dec 2019 - 22 Dec 2019,Ituri | Bunia,Probable,0,0,0,7
2020-01-05,2019-12-22,22 Dec 2019 - 5 Jan 2020,Ituri | Bunia,Probable,0,0,0,14
2020-01-12,2020-01-05,5 Jan 2020 - 12 Jan 2020,Ituri | Bunia,Probable,0,0,0,7
2020-01-19,2020-01-12,12 Jan 2020 - 19 Jan 2020,Ituri | Bunia,Probable,0,0,0,7
2020-01-26,2020-01-19,19 Jan 2020 - 26 Jan 2020,Ituri | Bunia,Probable,0,0,0,7
2018-08-05,,unknown - 5 August 2018,Ituri | Komanda,Confirmed,0,0,1,
2018-08-12,2018-08-05,5 Aug 2018 - 12 Aug 2018,Ituri | Komanda,Confirmed,0,0,0,7
2018-08-20,2018-08-12,12 Aug 2018 - 20 Aug 2018,Ituri | Komanda,Confirmed,0,0,0,8
2018-08-26,2018-08-20,20 Aug 2018 - 26 Aug 2018,Ituri | Komanda,Confirmed,0,0,0,6
2018-09-02,2018-08-26,26 Aug 2018 - 2 Sep 2018,Ituri | Komanda,Confirmed,0,0,0,7
2018-09-09,2018-09-02,2 Sep 2018 - 9 Sep 2018,Ituri | Komanda,Confirmed,0,0,0,7
2018-09-16,2018-09-09,9 Sep 2018 - 16 Sep 2018,Ituri | Komanda,Confirmed,0,0,0,7
2018-09-23,2018-09-16,16 Sep 2018 - 23 Sep 2018,Ituri | Komanda,Confirmed,0,0,0,7
2018-10-02,2018-09-23,23 Sep 2018 - 2 Oct 2018,Ituri | Komanda,Confirmed,1,0,0,9
2018-10-07,2018-10-02,2 Oct 2018 - 7 Oct 2018,Ituri | Komanda,Confirmed,0,0,0,5
2018-10-15,2018-10-07,7 Oct 2018 - 15 Oct 2018,Ituri | Komanda,Confirmed,0,0,0,8
2018-10-21,2018-10-15,15 Oct 2018 - 21 Oct 2018,Ituri | Komanda,Confirmed,0,0,0,6
2018-10-28,2018-10-21,21 Oct 2018 - 28 Oct 2018,Ituri | Komanda,Confirmed,0,0,0,7
2018-11-04,2018-10-28,28 Oct 2018 - 4 Nov 2018,Ituri | Komanda,Confirmed,0,0,0,7
2018-11-11,2018-11-04,4 Nov 2018 - 11 Nov 2018,Ituri | Komanda,Confirmed,0,0,0,7
2018-11-19,2018-11-11,11 Nov 2018 - 19 Nov 2018,Ituri | Komanda,Confirmed,0,0,0,8
2018-11-26,2018-11-19,19 Nov 2018 - 26 Nov 2018,Ituri | Komanda,Confirmed,0,0,0,7
2018-12-03,2018-11-26,26 Nov 2018 - 3 Dec 2018,Ituri | Komanda,Confirmed,7,0,0,7
2018-12-10,2018-12-03,3 Dec 2018 - 10 Dec 2018,Ituri | Komanda,Confirmed,0,0,0,7
2018-12-16,2018-12-10,10 Dec 2018 - 16 Dec 2018,Ituri | Komanda,Confirmed,9,0,0,6
2018-12-25,2018-12-16,16 Dec 2018 - 25 Dec 2018,Ituri | Komanda,Confirmed,11,0,0,9
2019-01-01,2018-12-25,25 Dec 2018 - 1 Jan 2019,Ituri | Komanda,Confirmed,2,0,0,7
2019-01-06,2019-01-01,1 Jan 2019 - 6 Jan 2019,Ituri | Komanda,Confirmed,-7,1,0,5
2019-01-14,2019-01-06,6 Jan 2019 - 14 Jan 2019,Ituri | Komanda,Confirmed,4,0,0,8
2019-01-21,2019-01-14,14 Jan 2019 - 21 Jan 2019,Ituri | Komanda,Confirmed,0,0,0,7
2019-01-28,2019-01-21,21 Jan 2019 - 28 Jan 2019,Ituri | Komanda,Confirmed,0,0,0,7
2019-02-03,2019-01-28,28 Jan 2019 - 3 Feb 2019,Ituri | Komanda,Confirmed,0,0,0,6
2019-02-10,2019-02-03,3 Feb 2019 - 10 Feb 2019,Ituri | Komanda,Confirmed,0,0,0,7
2019-02-17,2019-02-10,10 Feb 2019 - 17 Feb 2019,Ituri | Komanda,Confirmed,1,0,0,7
2019-02-24,2019-02-17,17 Feb 2019 - 24 Feb 2019,Ituri | Komanda,Confirmed,0,0,0,7
2019-03-03,2019-02-24,24 Feb 2019 - 3 Mar 2019,Ituri | Komanda,Confirmed,-1,1,0,7
2019-03-10,2019-03-03,3 Mar 2019 - 10 Mar 2019,Ituri | Komanda,Confirmed,0,0,0,7
2019-03-17,2019-03-10,10 Mar 2019 - 17 Mar 2019,Ituri | Komanda,Confirmed,0,0,0,7
2019-03-24,2019-03-17,17 Mar 2019 - 24 Mar 2019,Ituri | Komanda,Confirmed,0,0,0,7
2019-03-31,2019-03-24,24 Mar 2019 - 31 Mar 2019,Ituri | Komanda,Confirmed,0,0,0,7
2019-04-07,2019-03-31,31 Mar 2019 - 7 Apr 2019,Ituri | Komanda,Confirmed,0,0,0,7
2019-04-14,2019-04-07,7 Apr 2019 - 14 Apr 2019,Ituri | Komanda,Confirmed,0,0,0,7
2019-04-22,2019-04-14,14 Apr 2019 - 22 Apr 2019,Ituri | Komanda,Confirmed,0,0,0,8
2019-04-28,2019-04-22,22 Apr 2019 - 28 Apr 2019,Ituri | Komanda,Confirmed,1,0,0,6
2019-05-05,2019-04-28,28 Apr 2019 - 5 May 2019,Ituri | Komanda,Confirmed,0,0,0,7
2019-05-12,2019-05-05,5 May 2019 - 12 May 2019,Ituri | Komanda,Confirmed,0,0,0,7
2019-05-19,2019-05-12,12 May 2019 - 19 May 2019,Ituri | Komanda,Confirmed,0,0,0,7
2019-05-26,2019-05-19,19 May 2019 - 26 May 2019,Ituri | Komanda,Confirmed,0,0,0,7
2019-06-02,2019-05-26,26 May 2019 - 2 Jun 2019,Ituri | Komanda,Confirmed,0,0,0,7
2019-06-12,2019-06-02,2 Jun 2019 - 12 Jun 2019,Ituri | Komanda,Confirmed,0,0,0,10
2019-06-16,2019-06-12,12 Jun 2019 - 16 Jun 2019,Ituri | Komanda,Confirmed,1,0,0,4
2019-06-23,2019-06-16,16 Jun 2019 - 23 Jun 2019,Ituri | Komanda,Confirmed,1,0,0,7
2019-06-30,2019-06-23,23 Jun 2019 - 30 Jun 2019,Ituri | Komanda,Confirmed,0,0,0,7
2019-07-07,2019-06-30,30 Jun 2019 - 7 Jul 2019,Ituri | Komanda,Confirmed,1,0,0,7
2019-07-14,2019-07-07,7 Jul 2019 - 14 Jul 2019,Ituri | Komanda,Confirmed,-30,1,0,7
2019-07-21,2019-07-14,14 Jul 2019 - 21 Jul 2019,Ituri | Komanda,Confirmed,31,0,0,7
2019-07-28,2019-07-21,21 Jul 2019 - 28 Jul 2019,Ituri | Komanda,Confirmed,2,0,0,7
2019-08-04,2019-07-28,28 Jul 2019 - 4 Aug 2019,Ituri | Komanda,Confirmed,2,0,0,7
2019-08-11,2019-08-04,4 Aug 2019 - 11 Aug 2019,Ituri | Komanda,Confirmed,1,0,0,7
2019-08-18,2019-08-11,11 Aug 2019 - 18 Aug 2019,Ituri | Komanda,Confirmed,3,0,0,7
2019-08-25,2019-08-18,18 Aug 2019 - 25 Aug 2019,Ituri | Komanda,Confirmed,1,0,0,7
2019-09-01,2019-08-25,25 Aug 2019 - 1 Sep 2019,Ituri | Komanda,Confirmed,2,0,0,7
2019-09-08,2019-09-01,1 Sep 2019 - 8 Sep 2019,Ituri | Komanda,Confirmed,0,0,0,7
2019-09-15,2019-09-08,8 Sep 2019 - 15 Sep 2019,Ituri | Komanda,Confirmed,6,0,0,7
2019-09-22,2019-09-15,15 Sep 2019 - 22 Sep 2019,Ituri | Komanda,Confirmed,4,0,0,7
2019-09-29,2019-09-22,22 Sep 2019 - 29 Sep 2019,Ituri | Komanda,Confirmed,3,0,0,7
2019-10-06,2019-09-29,29 Sep 2019 - 6 Oct 2019,Ituri | Komanda,Confirmed,0,0,0,7
2019-10-13,2019-10-06,6 Oct 2019 - 13 Oct 2019,Ituri | Komanda,Confirmed,0,0,0,7
2019-10-20,2019-10-13,13 Oct 2019 - 20 Oct 2019,Ituri | Komanda,Confirmed,0,0,0,7
2019-10-27,2019-10-20,20 Oct 2019 - 27 Oct 2019,Ituri | Komanda,Confirmed,0,0,0,7
2019-11-03,2019-10-27,27 Oct 2019 - 3 Nov 2019,Ituri | Komanda,Confirmed,0,0,0,7
2019-11-10,2019-11-03,3 Nov 2019 - 10 Nov 2019,Ituri | Komanda,Confirmed,0,0,0,7
2019-11-17,2019-11-10,10 Nov 2019 - 17 Nov 2019,Ituri | Komanda,Confirmed,0,0,0,7
2019-11-24,2019-11-17,17 Nov 2019 - 24 Nov 2019,Ituri | Komanda,Confirmed,0,0,0,7
2019-12-01,2019-11-24,24 Nov 2019 - 1 Dec 2019,Ituri | Komanda,Confirmed,0,0,0,7
2019-12-08,2019-12-01,1 Dec 2019 - 8 Dec 2019,Ituri | Komanda,Confirmed,0,0,0,7
2019-12-15,2019-12-08,8 Dec 2019 - 15 Dec 2019,Ituri | Komanda,Confirmed,0,0,0,7
2019-12-22,2019-12-15,15 Dec 2019 - 22 Dec 2019,Ituri | Komanda,Confirmed,0,0,0,7
2020-01-05,2019-12-22,22 Dec 2019 - 5 Jan 2020,Ituri | Komanda,Confirmed,0,0,0,14
2020-01-12,2020-01-05,5 Jan 2020 - 12 Jan 2020,Ituri | Komanda,Confirmed,0,0,0,7
2020-01-19,2020-01-12,12 Jan 2020 - 19 Jan 2020,Ituri | Komanda,Confirmed,0,0,0,7
2020-01-26,2020-01-19,19 Jan 2020 - 26 Jan 2020,Ituri | Komanda,Confirmed,0,0,0,7
2018-08-05,,unknown - 5 August 2018,Ituri | Komanda,Probable,0,0,1,
2018-08-12,2018-08-05,5 Aug 2018 - 12 Aug 2018,Ituri | Komanda,Probable,0,0,0,7
2018-08-20,2018-08-12,12 Aug 2018 - 20 Aug 2018,Ituri | Komanda,Probable,0,0,0,8
2018-08-26,2018-08-20,20 Aug 2018 - 26 Aug 2018,Ituri | Komanda,Probable,0,0,0,6
2018-09-02,2018-08-26,26 Aug 2018 - 2 Sep 2018,Ituri | Komanda,Probable,0,0,0,7
2018-09-09,2018-09-02,2 Sep 2018 - 9 Sep 2018,Ituri | Komanda,Probable,0,0,0,7
2018-09-16,2018-09-09,9 Sep 2018 - 16 Sep 2018,Ituri | Komanda,Probable,0,0,0,7
2018-09-23,2018-09-16,16 Sep 2018 - 23 Sep 2018,Ituri | Komanda,Probable,0,0,0,7
2018-10-02,2018-09-23,23 Sep 2018 - 2 Oct 2018,Ituri | Komanda,Probable,0,0,0,9
2018-10-07,2018-10-02,2 Oct 2018 - 7 Oct 2018,Ituri | Komanda,Probable,0,0,0,5
2018-10-15,2018-10-07,7 Oct 2018 - 15 Oct 2018,Ituri | Komanda,Probable,0,0,0,8
2018-10-21,2018-10-15,15 Oct 2018 - 21 Oct 2018,Ituri | Komanda,Probable,0,0,0,6
2018-10-28,2018-10-21,21 Oct 2018 - 28 Oct 2018,Ituri | Komanda,Probable,0,0,0,7
2018-11-04,2018-10-28,28 Oct 2018 - 4 Nov 2018,Ituri | Komanda,Probable,0,0,0,7
2018-11-11,2018-11-04,4 Nov 2018 - 11 Nov 2018,Ituri | Komanda,Probable,0,0,0,7
2018-11-19,2018-11-11,11 Nov 2018 - 19 Nov 2018,Ituri | Komanda,Probable,0,0,0,8
2018-11-26,2018-11-19,19 Nov 2018 - 26 Nov 2018,Ituri | Komanda,Probable,0,0,0,7
2018-12-03,2018-11-26,26 Nov 2018 - 3 Dec 2018,Ituri | Komanda,Probable,0,0,0,7
2018-12-10,2018-12-03,3 Dec 2018 - 10 Dec 2018,Ituri | Komanda,Probable,0,0,0,7
2018-12-16,2018-12-10,10 Dec 2018 - 16 Dec 2018,Ituri | Komanda,Probable,0,0,0,6
2018-12-25,2018-12-16,16 Dec 2018 - 25 Dec 2018,Ituri | Komanda,Probable,0,0,0,9
2019-01-01,2018-12-25,25 Dec 2018 - 1 Jan 2019,Ituri | Komanda,Probable,0,0,0,7
2019-01-06,2019-01-01,1 Jan 2019 - 6 Jan 2019,Ituri | Komanda,Probable,0,0,0,5
2019-01-14,2019-01-06,6 Jan 2019 - 14 Jan 2019,Ituri | Komanda,Probable,0,0,0,8
2019-01-21,2019-01-14,14 Jan 2019 - 21 Jan 2019,Ituri | Komanda,Probable,0,0,0,7
2019-01-28,2019-01-21,21 Jan 2019 - 28 Jan 2019,Ituri | Komanda,Probable,5,0,0,7
2019-02-03,2019-01-28,28 Jan 2019 - 3 Feb 2019,Ituri | Komanda,Probable,0,0,0,6
2019-02-10,2019-02-03,3 Feb 2019 - 10 Feb 2019,Ituri | Komanda,Probable,0,0,0,7
2019-02-17,2019-02-10,10 Feb 2019 - 17 Feb 2019,Ituri | Komanda,Probable,4,0,0,7
2019-02-24,2019-02-17,17 Feb 2019 - 24 Feb 2019,Ituri | Komanda,Probable,0,0,0,7
2019-03-03,2019-02-24,24 Feb 2019 - 3 Mar 2019,Ituri | Komanda,Probable,0,0,0,7
2019-03-10,2019-03-03,3 Mar 2019 - 10 Mar 2019,Ituri | Komanda,Probable,0,0,0,7
2019-03-17,2019-03-10,10 Mar 2019 - 17 Mar 2019,Ituri | Komanda,Probable,0,0,0,7
2019-03-24,2019-03-17,17 Mar 2019 - 24 Mar 2019,Ituri | Komanda,Probable,0,0,0,7
2019-03-31,2019-03-24,24 Mar 2019 - 31 Mar 2019,Ituri | Komanda,Probable,0,0,0,7
2019-04-07,2019-03-31,31 Mar 2019 - 7 Apr 2019,Ituri | Komanda,Probable,0,0,0,7
2019-04-14,2019-04-07,7 Apr 2019 - 14 Apr 2019,Ituri | Komanda,Probable,0,0,0,7
2019-04-22,2019-04-14,14 Apr 2019 - 22 Apr 2019,Ituri | Komanda,Probable,0,0,0,8
2019-04-28,2019-04-22,22 Apr 2019 - 28 Apr 2019,Ituri | Komanda,Probable,0,0,0,6
2019-05-05,2019-04-28,28 Apr 2019 - 5 May 2019,Ituri | Komanda,Probable,0,0,0,7
2019-05-12,2019-05-05,5 May 2019 - 12 May 2019,Ituri | Komanda,Probable,0,0,0,7
2019-05-19,2019-05-12,12 May 2019 - 19 May 2019,Ituri | Komanda,Probable,0,0,0,7
2019-05-26,2019-05-19,19 May 2019 - 26 May 2019,Ituri | Komanda,Probable,0,0,0,7
2019-06-02,2019-05-26,26 May 2019 - 2 Jun 2019,Ituri | Komanda,Probable,0,0,0,7
2019-06-12,2019-06-02,2 Jun 2019 - 12 Jun 2019,Ituri | Komanda,Probable,0,0,0,10
2019-06-16,2019-06-12,12 Jun 2019 - 16 Jun 2019,Ituri | Komanda,Probable,0,0,0,4
2019-06-23,2019-06-16,16 Jun 2019 - 23 Jun 2019,Ituri | Komanda,Probable,0,0,0,7
2019-06-30,2019-06-23,23 Jun 2019 - 30 Jun 2019,Ituri | Komanda,Probable,0,0,0,7
2019-07-07,2019-06-30,30 Jun 2019 - 7 Jul 2019,Ituri | Komanda,Probable,0,0,0,7
2019-07-14,2019-07-07,7 Jul 2019 - 14 Jul 2019,Ituri | Komanda,Probable,-9,1,0,7
2019-07-21,2019-07-14,14 Jul 2019 - 21 Jul 2019,Ituri | Komanda,Probable,9,0,0,7
2019-07-28,2019-07-21,21 Jul 2019 - 28 Jul 2019,Ituri | Komanda,Probable,0,0,0,7
2019-08-04,2019-07-28,28 Jul 2019 - 4 Aug 2019,Ituri | Komanda,Probable,0,0,0,7
2019-08-11,2019-08-04,4 Aug 2019 - 11 Aug 2019,Ituri | Komanda,Probable,0,0,0,7
2019-08-18,2019-08-11,11 Aug 2019 - 18 Aug 2019,Ituri | Komanda,Probable,0,0,0,7
2019-08-25,2019-08-18,18 Aug 2019 - 25 Aug 2019,Ituri | Komanda,Probable,0,0,0,7
2019-09-01,2019-08-25,25 Aug 2019 - 1 Sep 2019,Ituri | Komanda,Probable,0,0,0,7
2019-09-08,2019-09-01,1 Sep 2019 - 8 Sep 2019,Ituri | Komanda,Probable,0,0,0,7
2019-09-15,2019-09-08,8 Sep 2019 - 15 Sep 2019,Ituri | Komanda,Probable,0,0,0,7
2019-09-22,2019-09-15,15 Sep 2019 - 22 Sep 2019,Ituri | Komanda,Probable,0,0,0,7
2019-09-29,2019-09-22,22 Sep 2019 - 29 Sep 2019,Ituri | Komanda,Probable,0,0,0,7
2019-10-06,2019-09-29,29 Sep 2019 - 6 Oct 2019,Ituri | Komanda,Probable,1,0,0,7
2019-10-13,2019-10-06,6 Oct 2019 - 13 Oct 2019,Ituri | Komanda,Probable,0,0,0,7
2019-10-20,2019-10-13,13 Oct 2019 - 20 Oct 2019,Ituri | Komanda,Probable,0,0,0,7
2019-10-27,2019-10-20,20 Oct 2019 - 27 Oct 2019,Ituri | Komanda,Probable,0,0,0,7
2019-11-03,2019-10-27,27 Oct 2019 - 3 Nov 2019,Ituri | Komanda,Probable,0,0,0,7
2019-11-10,2019-11-03,3 Nov 2019 - 10 Nov 2019,Ituri | Komanda,Probable,0,0,0,7
2019-11-17,2019-11-10,10 Nov 2019 - 17 Nov 2019,Ituri | Komanda,Probable,0,0,0,7
2019-11-24,2019-11-17,17 Nov 2019 - 24 Nov 2019,Ituri | Komanda,Probable,0,0,0,7
2019-12-01,2019-11-24,24 Nov 2019 - 1 Dec 2019,Ituri | Komanda,Probable,0,0,0,7
2019-12-08,2019-12-01,1 Dec 2019 - 8 Dec 2019,Ituri | Komanda,Probable,0,0,0,7
2019-12-15,2019-12-08,8 Dec 2019 - 15 Dec 2019,Ituri | Komanda,Probable,0,0,0,7
2019-12-22,2019-12-15,15 Dec 2019 - 22 Dec 2019,Ituri | Komanda,Probable,0,0,0,7
2020-01-05,2019-12-22,22 Dec 2019 - 5 Jan 2020,Ituri | Komanda,Probable,0,0,0,14
2020-01-12,2020-01-05,5 Jan 2020 - 12 Jan 2020,Ituri | Komanda,Probable,0,0,0,7
2020-01-19,2020-01-12,12 Jan 2020 - 19 Jan 2020,Ituri | Komanda,Probable,0,0,0,7
2020-01-26,2020-01-19,19 Jan 2020 - 26 Jan 2020,Ituri | Komanda,Probable,0,0,0,7
2018-08-05,,unknown - 5 August 2018,Ituri | Lolwa,Confirmed,0,0,1,
2018-08-12,2018-08-05,5 Aug 2018 - 12 Aug 2018,Ituri | Lolwa,Confirmed,0,0,0,7
2018-08-20,2018-08-12,12 Aug 2018 - 20 Aug 2018,Ituri | Lolwa,Confirmed,0,0,0,8
2018-08-26,2018-08-20,20 Aug 2018 - 26 Aug 2018,Ituri | Lolwa,Confirmed,0,0,0,6
2018-09-02,2018-08-26,26 Aug 2018 - 2 Sep 2018,Ituri | Lolwa,Confirmed,0,0,0,7
2018-09-09,2018-09-02,2 Sep 2018 - 9 Sep 2018,Ituri | Lolwa,Confirmed,0,0,0,7
2018-09-16,2018-09-09,9 Sep 2018 - 16 Sep 2018,Ituri | Lolwa,Confirmed,0,0,0,7
2018-09-23,2018-09-16,16 Sep 2018 - 23 Sep 2018,Ituri | Lolwa,Confirmed,0,0,0,7
2018-10-02,2018-09-23,23 Sep 2018 - 2 Oct 2018,Ituri | Lolwa,Confirmed,0,0,0,9
2018-10-07,2018-10-02,2 Oct 2018 - 7 Oct 2018,Ituri | Lolwa,Confirmed,0,0,0,5
2018-10-15,2018-10-07,7 Oct 2018 - 15 Oct 2018,Ituri | Lolwa,Confirmed,0,0,0,8
2018-10-21,2018-10-15,15 Oct 2018 - 21 Oct 2018,Ituri | Lolwa,Confirmed,0,0,0,6
2018-10-28,2018-10-21,21 Oct 2018 - 28 Oct 2018,Ituri | Lolwa,Confirmed,0,0,0,7
2018-11-04,2018-10-28,28 Oct 2018 - 4 Nov 2018,Ituri | Lolwa,Confirmed,0,0,0,7
2018-11-11,2018-11-04,4 Nov 2018 - 11 Nov 2018,Ituri | Lolwa,Confirmed,0,0,0,7
2018-11-19,2018-11-11,11 Nov 2018 - 19 Nov 2018,Ituri | Lolwa,Confirmed,0,0,0,8
2018-11-26,2018-11-19,19 Nov 2018 - 26 Nov 2018,Ituri | Lolwa,Confirmed,0,0,0,7
2018-12-03,2018-11-26,26 Nov 2018 - 3 Dec 2018,Ituri | Lolwa,Confirmed,0,0,0,7
2018-12-10,2018-12-03,3 Dec 2018 - 10 Dec 2018,Ituri | Lolwa,Confirmed,0,0,0,7
2018-12-16,2018-12-10,10 Dec 2018 - 16 Dec 2018,Ituri | Lolwa,Confirmed,0,0,0,6
2018-12-25,2018-12-16,16 Dec 2018 - 25 Dec 2018,Ituri | Lolwa,Confirmed,0,0,0,9
2019-01-01,2018-12-25,25 Dec 2018 - 1 Jan 2019,Ituri | Lolwa,Confirmed,0,0,0,7
2019-01-06,2019-01-01,1 Jan 2019 - 6 Jan 2019,Ituri | Lolwa,Confirmed,0,0,0,5
2019-01-14,2019-01-06,6 Jan 2019 - 14 Jan 2019,Ituri | Lolwa,Confirmed,0,0,0,8
2019-01-21,2019-01-14,14 Jan 2019 - 21 Jan 2019,Ituri | Lolwa,Confirmed,0,0,0,7
2019-01-28,2019-01-21,21 Jan 2019 - 28 Jan 2019,Ituri | Lolwa,Confirmed,0,0,0,7
2019-02-03,2019-01-28,28 Jan 2019 - 3 Feb 2019,Ituri | Lolwa,Confirmed,0,0,0,6
2019-02-10,2019-02-03,3 Feb 2019 - 10 Feb 2019,Ituri | Lolwa,Confirmed,0,0,0,7
2019-02-17,2019-02-10,10 Feb 2019 - 17 Feb 2019,Ituri | Lolwa,Confirmed,0,0,0,7
2019-02-24,2019-02-17,17 Feb 2019 - 24 Feb 2019,Ituri | Lolwa,Confirmed,0,0,0,7
2019-03-03,2019-02-24,24 Feb 2019 - 3 Mar 2019,Ituri | Lolwa,Confirmed,0,0,0,7
2019-03-10,2019-03-03,3 Mar 2019 - 10 Mar 2019,Ituri | Lolwa,Confirmed,0,0,0,7
2019-03-17,2019-03-10,10 Mar 2019 - 17 Mar 2019,Ituri | Lolwa,Confirmed,0,0,0,7
2019-03-24,2019-03-17,17 Mar 2019 - 24 Mar 2019,Ituri | Lolwa,Confirmed,0,0,0,7
2019-03-31,2019-03-24,24 Mar 2019 - 31 Mar 2019,Ituri | Lolwa,Confirmed,0,0,0,7
2019-04-07,2019-03-31,31 Mar 2019 - 7 Apr 2019,Ituri | Lolwa,Confirmed,0,0,0,7
2019-04-14,2019-04-07,7 Apr 2019 - 14 Apr 2019,Ituri | Lolwa,Confirmed,0,0,0,7
2019-04-22,2019-04-14,14 Apr 2019 - 22 Apr 2019,Ituri | Lolwa,Confirmed,0,0,0,8
2019-04-28,2019-04-22,22 Apr 2019 - 28 Apr 2019,Ituri | Lolwa,Confirmed,0,0,0,6
2019-05-05,2019-04-28,28 Apr 2019 - 5 May 2019,Ituri | Lolwa,Confirmed,0,0,0,7
2019-05-12,2019-05-05,5 May 2019 - 12 May 2019,Ituri | Lolwa,Confirmed,0,0,0,7
2019-05-19,2019-05-12,12 May 2019 - 19 May 2019,Ituri | Lolwa,Confirmed,0,0,0,7
2019-05-26,2019-05-19,19 May 2019 - 26 May 2019,Ituri | Lolwa,Confirmed,0,0,0,7
2019-06-02,2019-05-26,26 May 2019 - 2 Jun 2019,Ituri | Lolwa,Confirmed,0,0,0,7
2019-06-12,2019-06-02,2 Jun 2019 - 12 Jun 2019,Ituri | Lolwa,Confirmed,0,0,0,10
2019-06-16,2019-06-12,12 Jun 2019 - 16 Jun 2019,Ituri | Lolwa,Confirmed,0,0,0,4
2019-06-23,2019-06-16,16 Jun 2019 - 23 Jun 2019,Ituri | Lolwa,Confirmed,0,0,0,7
2019-06-30,2019-06-23,23 Jun 2019 - 30 Jun 2019,Ituri | Lolwa,Confirmed,0,0,0,7
2019-07-07,2019-06-30,30 Jun 2019 - 7 Jul 2019,Ituri | Lolwa,Confirmed,0,0,0,7
2019-07-14,2019-07-07,7 Jul 2019 - 14 Jul 2019,Ituri | Lolwa,Confirmed,0,0,0,7
2019-07-21,2019-07-14,14 Jul 2019 - 21 Jul 2019,Ituri | Lolwa,Confirmed,0,0,0,7
2019-07-28,2019-07-21,21 Jul 2019 - 28 Jul 2019,Ituri | Lolwa,Confirmed,0,0,0,7
2019-08-04,2019-07-28,28 Jul 2019 - 4 Aug 2019,Ituri | Lolwa,Confirmed,0,0,0,7
2019-08-11,2019-08-04,4 Aug 2019 - 11 Aug 2019,Ituri | Lolwa,Confirmed,1,0,0,7
2019-08-18,2019-08-11,11 Aug 2019 - 18 Aug 2019,Ituri | Lolwa,Confirmed,1,0,0,7
2019-08-25,2019-08-18,18 Aug 2019 - 25 Aug 2019,Ituri | Lolwa,Confirmed,1,0,0,7
2019-09-01,2019-08-25,25 Aug 2019 - 1 Sep 2019,Ituri | Lolwa,Confirmed,0,0,0,7
2019-09-08,2019-09-01,1 Sep 2019 - 8 Sep 2019,Ituri | Lolwa,Confirmed,0,0,0,7
2019-09-15,2019-09-08,8 Sep 2019 - 15 Sep 2019,Ituri | Lolwa,Confirmed,0,0,0,7
2019-09-22,2019-09-15,15 Sep 2019 - 22 Sep 2019,Ituri | Lolwa,Confirmed,0,0,0,7
2019-09-29,2019-09-22,22 Sep 2019 - 29 Sep 2019,Ituri | Lolwa,Confirmed,1,0,0,7
2019-10-06,2019-09-29,29 Sep 2019 - 6 Oct 2019,Ituri | Lolwa,Confirmed,1,0,0,7
2019-10-13,2019-10-06,6 Oct 2019 - 13 Oct 2019,Ituri | Lolwa,Confirmed,1,0,0,7
2019-10-20,2019-10-13,13 Oct 2019 - 20 Oct 2019,Ituri | Lolwa,Confirmed,0,0,0,7
2019-10-27,2019-10-20,20 Oct 2019 - 27 Oct 2019,Ituri | Lolwa,Confirmed,0,0,0,7
2019-11-03,2019-10-27,27 Oct 2019 - 3 Nov 2019,Ituri | Lolwa,Confirmed,0,0,0,7
2019-11-10,2019-11-03,3 Nov 2019 - 10 Nov 2019,Ituri | Lolwa,Confirmed,0,0,0,7
2019-11-17,2019-11-10,10 Nov 2019 - 17 Nov 2019,Ituri | Lolwa,Confirmed,0,0,0,7
2019-11-24,2019-11-17,17 Nov 2019 - 24 Nov 2019,Ituri | Lolwa,Confirmed,0,0,0,7
2019-12-01,2019-11-24,24 Nov 2019 - 1 Dec 2019,Ituri | Lolwa,Confirmed,0,0,0,7
2019-12-08,2019-12-01,1 Dec 2019 - 8 Dec 2019,Ituri | Lolwa,Confirmed,0,0,0,7
2019-12-15,2019-12-08,8 Dec 2019 - 15 Dec 2019,Ituri | Lolwa,Confirmed,0,0,0,7
2019-12-22,2019-12-15,15 Dec 2019 - 22 Dec 2019,Ituri | Lolwa,Confirmed,0,0,0,7
2020-01-05,2019-12-22,22 Dec 2019 - 5 Jan 2020,Ituri | Lolwa,Confirmed,0,0,0,14
2020-01-12,2020-01-05,5 Jan 2020 - 12 Jan 2020,Ituri | Lolwa,Confirmed,0,0,0,7
2020-01-19,2020-01-12,12 Jan 2020 - 19 Jan 2020,Ituri | Lolwa,Confirmed,0,0,0,7
2020-01-26,2020-01-19,19 Jan 2020 - 26 Jan 2020,Ituri | Lolwa,Confirmed,0,0,0,7
2018-08-05,,unknown - 5 August 2018,Ituri | Lolwa,Probable,0,0,1,
2018-08-12,2018-08-05,5 Aug 2018 - 12 Aug 2018,Ituri | Lolwa,Probable,0,0,0,7
2018-08-20,2018-08-12,12 Aug 2018 - 20 Aug 2018,Ituri | Lolwa,Probable,0,0,0,8
2018-08-26,2018-08-20,20 Aug 2018 - 26 Aug 2018,Ituri | Lolwa,Probable,0,0,0,6
2018-09-02,2018-08-26,26 Aug 2018 - 2 Sep 2018,Ituri | Lolwa,Probable,0,0,0,7
2018-09-09,2018-09-02,2 Sep 2018 - 9 Sep 2018,Ituri | Lolwa,Probable,0,0,0,7
2018-09-16,2018-09-09,9 Sep 2018 - 16 Sep 2018,Ituri | Lolwa,Probable,0,0,0,7
2018-09-23,2018-09-16,16 Sep 2018 - 23 Sep 2018,Ituri | Lolwa,Probable,0,0,0,7
2018-10-02,2018-09-23,23 Sep 2018 - 2 Oct 2018,Ituri | Lolwa,Probable,0,0,0,9
2018-10-07,2018-10-02,2 Oct 2018 - 7 Oct 2018,Ituri | Lolwa,Probable,0,0,0,5
2018-10-15,2018-10-07,7 Oct 2018 - 15 Oct 2018,Ituri | Lolwa,Probable,0,0,0,8
2018-10-21,2018-10-15,15 Oct 2018 - 21 Oct 2018,Ituri | Lolwa,Probable,0,0,0,6
2018-10-28,2018-10-21,21 Oct 2018 - 28 Oct 2018,Ituri | Lolwa,Probable,0,0,0,7
2018-11-04,2018-10-28,28 Oct 2018 - 4 Nov 2018,Ituri | Lolwa,Probable,0,0,0,7
2018-11-11,2018-11-04,4 Nov 2018 - 11 Nov 2018,Ituri | Lolwa,Probable,0,0,0,7
2018-11-19,2018-11-11,11 Nov 2018 - 19 Nov 2018,Ituri | Lolwa,Probable,0,0,0,8
2018-11-26,2018-11-19,19 Nov 2018 - 26 Nov 2018,Ituri | Lolwa,Probable,0,0,0,7
2018-12-03,2018-11-26,26 Nov 2018 - 3 Dec 2018,Ituri | Lolwa,Probable,0,0,0,7
2018-12-10,2018-12-03,3 Dec 2018 - 10 Dec 2018,Ituri | Lolwa,Probable,0,0,0,7
2018-12-16,2018-12-10,10 Dec 2018 - 16 Dec 2018,Ituri | Lolwa,Probable,0,0,0,6
2018-12-25,2018-12-16,16 Dec 2018 - 25 Dec 2018,Ituri | Lolwa,Probable,0,0,0,9
2019-01-01,2018-12-25,25 Dec 2018 - 1 Jan 2019,Ituri | Lolwa,Probable,0,0,0,7
2019-01-06,2019-01-01,1 Jan 2019 - 6 Jan 2019,Ituri | Lolwa,Probable,0,0,0,5
2019-01-14,2019-01-06,6 Jan 2019 - 14 Jan 2019,Ituri | Lolwa,Probable,0,0,0,8
2019-01-21,2019-01-14,14 Jan 2019 - 21 Jan 2019,Ituri | Lolwa,Probable,0,0,0,7
2019-01-28,2019-01-21,21 Jan 2019 - 28 Jan 2019,Ituri | Lolwa,Probable,0,0,0,7
2019-02-03,2019-01-28,28 Jan 2019 - 3 Feb 2019,Ituri | Lolwa,Probable,0,0,0,6
2019-02-10,2019-02-03,3 Feb 2019 - 10 Feb 2019,Ituri | Lolwa,Probable,0,0,0,7
2019-02-17,2019-02-10,10 Feb 2019 - 17 Feb 2019,Ituri | Lolwa,Probable,0,0,0,7
2019-02-24,2019-02-17,17 Feb 2019 - 24 Feb 2019,Ituri | Lolwa,Probable,0,0,0,7
2019-03-03,2019-02-24,24 Feb 2019 - 3 Mar 2019,Ituri | Lolwa,Probable,0,0,0,7
2019-03-10,2019-03-03,3 Mar 2019 - 10 Mar 2019,Ituri | Lolwa,Probable,0,0,0,7
2019-03-17,2019-03-10,10 Mar 2019 - 17 Mar 2019,Ituri | Lolwa,Probable,0,0,0,7
2019-03-24,2019-03-17,17 Mar 2019 - 24 Mar 2019,Ituri | Lolwa,Probable,0,0,0,7
2019-03-31,2019-03-24,24 Mar 2019 - 31 Mar 2019,Ituri | Lolwa,Probable,0,0,0,7
2019-04-07,2019-03-31,31 Mar 2019 - 7 Apr 2019,Ituri | Lolwa,Probable,0,0,0,7
2019-04-14,2019-04-07,7 Apr 2019 - 14 Apr 2019,Ituri | Lolwa,Probable,0,0,0,7
2019-04-22,2019-04-14,14 Apr 2019 - 22 Apr 2019,Ituri | Lolwa,Probable,0,0,0,8
2019-04-28,2019-04-22,22 Apr 2019 - 28 Apr 2019,Ituri | Lolwa,Probable,0,0,0,6
2019-05-05,2019-04-28,28 Apr 2019 - 5 May 2019,Ituri | Lolwa,Probable,0,0,0,7
2019-05-12,2019-05-05,5 May 2019 - 12 May 2019,Ituri | Lolwa,Probable,0,0,0,7
2019-05-19,2019-05-12,12 May 2019 - 19 May 2019,Ituri | Lolwa,Probable,0,0,0,7
2019-05-26,2019-05-19,19 May 2019 - 26 May 2019,Ituri | Lolwa,Probable,0,0,0,7
2019-06-02,2019-05-26,26 May 2019 - 2 Jun 2019,Ituri | Lolwa,Probable,0,0,0,7
2019-06-12,2019-06-02,2 Jun 2019 - 12 Jun 2019,Ituri | Lolwa,Probable,0,0,0,10
2019-06-16,2019-06-12,12 Jun 2019 - 16 Jun 2019,Ituri | Lolwa,Probable,0,0,0,4
2019-06-23,2019-06-16,16 Jun 2019 - 23 Jun 2019,Ituri | Lolwa,Probable,0,0,0,7
2019-06-30,2019-06-23,23 Jun 2019 - 30 Jun 2019,Ituri | Lolwa,Probable,0,0,0,7
2019-07-07,2019-06-30,30 Jun 2019 - 7 Jul 2019,Ituri | Lolwa,Probable,0,0,0,7
2019-07-14,2019-07-07,7 Jul 2019 - 14 Jul 2019,Ituri | Lolwa,Probable,0,0,0,7
2019-07-21,2019-07-14,14 Jul 2019 - 21 Jul 2019,Ituri | Lolwa,Probable,0,0,0,7
2019-07-28,2019-07-21,21 Jul 2019 - 28 Jul 2019,Ituri | Lolwa,Probable,0,0,0,7
2019-08-04,2019-07-28,28 Jul 2019 - 4 Aug 2019,Ituri | Lolwa,Probable,0,0,0,7
2019-08-11,2019-08-04,4 Aug 2019 - 11 Aug 2019,Ituri | Lolwa,Probable,0,0,0,7
2019-08-18,2019-08-11,11 Aug 2019 - 18 Aug 2019,Ituri | Lolwa,Probable,0,0,0,7
2019-08-25,2019-08-18,18 Aug 2019 - 25 Aug 2019,Ituri | Lolwa,Probable,0,0,0,7
2019-09-01,2019-08-25,25 Aug 2019 - 1 Sep 2019,Ituri | Lolwa,Probable,0,0,0,7
2019-09-08,2019-09-01,1 Sep 2019 - 8 Sep 2019,Ituri | Lolwa,Probable,0,0,0,7
2019-09-15,2019-09-08,8 Sep 2019 - 15 Sep 2019,Ituri | Lolwa,Probable,0,0,0,7
2019-09-22,2019-09-15,15 Sep 2019 - 22 Sep 2019,Ituri | Lolwa,Probable,0,0,0,7
2019-09-29,2019-09-22,22 Sep 2019 - 29 Sep 2019,Ituri | Lolwa,Probable,0,0,0,7
2019-10-06,2019-09-29,29 Sep 2019 - 6 Oct 2019,Ituri | Lolwa,Probable,0,0,0,7
2019-10-13,2019-10-06,6 Oct 2019 - 13 Oct 2019,Ituri | Lolwa,Probable,0,0,0,7
2019-10-20,2019-10-13,13 Oct 2019 - 20 Oct 2019,Ituri | Lolwa,Probable,0,0,0,7
2019-10-27,2019-10-20,20 Oct 2019 - 27 Oct 2019,Ituri | Lolwa,Probable,0,0,0,7
2019-11-03,2019-10-27,27 Oct 2019 - 3 Nov 2019,Ituri | Lolwa,Probable,0,0,0,7
2019-11-10,2019-11-03,3 Nov 2019 - 10 Nov 2019,Ituri | Lolwa,Probable,0,0,0,7
2019-11-17,2019-11-10,10 Nov 2019 - 17 Nov 2019,Ituri | Lolwa,Probable,0,0,0,7
2019-11-24,2019-11-17,17 Nov 2019 - 24 Nov 2019,Ituri | Lolwa,Probable,0,0,0,7
2019-12-01,2019-11-24,24 Nov 2019 - 1 Dec 2019,Ituri | Lolwa,Probable,0,0,0,7
2019-12-08,2019-12-01,1 Dec 2019 - 8 Dec 2019,Ituri | Lolwa,Probable,0,0,0,7
2019-12-15,2019-12-08,8 Dec 2019 - 15 Dec 2019,Ituri | Lolwa,Probable,0,0,0,7
2019-12-22,2019-12-15,15 Dec 2019 - 22 Dec 2019,Ituri | Lolwa,Probable,0,0,0,7
2020-01-05,2019-12-22,22 Dec 2019 - 5 Jan 2020,Ituri | Lolwa,Probable,0,0,0,14
2020-01-12,2020-01-05,5 Jan 2020 - 12 Jan 2020,Ituri | Lolwa,Probable,0,0,0,7
2020-01-19,2020-01-12,12 Jan 2020 - 19 Jan 2020,Ituri | Lolwa,Probable,0,0,0,7
2020-01-26,2020-01-19,19 Jan 2020 - 26 Jan 2020,Ituri | Lolwa,Probable,0,0,0,7
2018-08-05,,unknown - 5 August 2018,Ituri | Mambasa,Confirmed,0,0,1,
2018-08-12,2018-08-05,5 Aug 2018 - 12 Aug 2018,Ituri | Mambasa,Confirmed,0,0,0,7
2018-08-20,2018-08-12,12 Aug 2018 - 20 Aug 2018,Ituri | Mambasa,Confirmed,0,0,0,8
2018-08-26,2018-08-20,20 Aug 2018 - 26 Aug 2018,Ituri | Mambasa,Confirmed,0,0,0,6
2018-09-02,2018-08-26,26 Aug 2018 - 2 Sep 2018,Ituri | Mambasa,Confirmed,0,0,0,7
2018-09-09,2018-09-02,2 Sep 2018 - 9 Sep 2018,Ituri | Mambasa,Confirmed,0,0,0,7
2018-09-16,2018-09-09,9 Sep 2018 - 16 Sep 2018,Ituri | Mambasa,Confirmed,0,0,0,7
2018-09-23,2018-09-16,16 Sep 2018 - 23 Sep 2018,Ituri | Mambasa,Confirmed,0,0,0,7
2018-10-02,2018-09-23,23 Sep 2018 - 2 Oct 2018,Ituri | Mambasa,Confirmed,0,0,0,9
2018-10-07,2018-10-02,2 Oct 2018 - 7 Oct 2018,Ituri | Mambasa,Confirmed,0,0,0,5
2018-10-15,2018-10-07,7 Oct 2018 - 15 Oct 2018,Ituri | Mambasa,Confirmed,0,0,0,8
2018-10-21,2018-10-15,15 Oct 2018 - 21 Oct 2018,Ituri | Mambasa,Confirmed,0,0,0,6
2018-10-28,2018-10-21,21 Oct 2018 - 28 Oct 2018,Ituri | Mambasa,Confirmed,0,0,0,7
2018-11-04,2018-10-28,28 Oct 2018 - 4 Nov 2018,Ituri | Mambasa,Confirmed,0,0,0,7
2018-11-11,2018-11-04,4 Nov 2018 - 11 Nov 2018,Ituri | Mambasa,Confirmed,0,0,0,7
2018-11-19,2018-11-11,11 Nov 2018 - 19 Nov 2018,Ituri | Mambasa,Confirmed,0,0,0,8
2018-11-26,2018-11-19,19 Nov 2018 - 26 Nov 2018,Ituri | Mambasa,Confirmed,0,0,0,7
2018-12-03,2018-11-26,26 Nov 2018 - 3 Dec 2018,Ituri | Mambasa,Confirmed,0,0,0,7
2018-12-10,2018-12-03,3 Dec 2018 - 10 Dec 2018,Ituri | Mambasa,Confirmed,0,0,0,7
2018-12-16,2018-12-10,10 Dec 2018 - 16 Dec 2018,Ituri | Mambasa,Confirmed,0,0,0,6
2018-12-25,2018-12-16,16 Dec 2018 - 25 Dec 2018,Ituri | Mambasa,Confirmed,0,0,0,9
2019-01-01,2018-12-25,25 Dec 2018 - 1 Jan 2019,Ituri | Mambasa,Confirmed,0,0,0,7
2019-01-06,2019-01-01,1 Jan 2019 - 6 Jan 2019,Ituri | Mambasa,Confirmed,0,0,0,5
2019-01-14,2019-01-06,6 Jan 2019 - 14 Jan 2019,Ituri | Mambasa,Confirmed,0,0,0,8
2019-01-21,2019-01-14,14 Jan 2019 - 21 Jan 2019,Ituri | Mambasa,Confirmed,0,0,0,7
2019-01-28,2019-01-21,21 Jan 2019 - 28 Jan 2019,Ituri | Mambasa,Confirmed,0,0,0,7
2019-02-03,2019-01-28,28 Jan 2019 - 3 Feb 2019,Ituri | Mambasa,Confirmed,0,0,0,6
2019-02-10,2019-02-03,3 Feb 2019 - 10 Feb 2019,Ituri | Mambasa,Confirmed,0,0,0,7
2019-02-17,2019-02-10,10 Feb 2019 - 17 Feb 2019,Ituri | Mambasa,Confirmed,0,0,0,7
2019-02-24,2019-02-17,17 Feb 2019 - 24 Feb 2019,Ituri | Mambasa,Confirmed,0,0,0,7
2019-03-03,2019-02-24,24 Feb 2019 - 3 Mar 2019,Ituri | Mambasa,Confirmed,0,0,0,7
2019-03-10,2019-03-03,3 Mar 2019 - 10 Mar 2019,Ituri | Mambasa,Confirmed,0,0,0,7
2019-03-17,2019-03-10,10 Mar 2019 - 17 Mar 2019,Ituri | Mambasa,Confirmed,0,0,0,7
2019-03-24,2019-03-17,17 Mar 2019 - 24 Mar 2019,Ituri | Mambasa,Confirmed,0,0,0,7
2019-03-31,2019-03-24,24 Mar 2019 - 31 Mar 2019,Ituri | Mambasa,Confirmed,0,0,0,7
2019-04-07,2019-03-31,31 Mar 2019 - 7 Apr 2019,Ituri | Mambasa,Confirmed,0,0,0,7
2019-04-14,2019-04-07,7 Apr 2019 - 14 Apr 2019,Ituri | Mambasa,Confirmed,0,0,0,7
2019-04-22,2019-04-14,14 Apr 2019 - 22 Apr 2019,Ituri | Mambasa,Confirmed,0,0,0,8
2019-04-28,2019-04-22,22 Apr 2019 - 28 Apr 2019,Ituri | Mambasa,Confirmed,0,0,0,6
2019-05-05,2019-04-28,28 Apr 2019 - 5 May 2019,Ituri | Mambasa,Confirmed,0,0,0,7
2019-05-12,2019-05-05,5 May 2019 - 12 May 2019,Ituri | Mambasa,Confirmed,0,0,0,7
2019-05-19,2019-05-12,12 May 2019 - 19 May 2019,Ituri | Mambasa,Confirmed,0,0,0,7
2019-05-26,2019-05-19,19 May 2019 - 26 May 2019,Ituri | Mambasa,Confirmed,0,0,0,7
2019-06-02,2019-05-26,26 May 2019 - 2 Jun 2019,Ituri | Mambasa,Confirmed,0,0,0,7
2019-06-12,2019-06-02,2 Jun 2019 - 12 Jun 2019,Ituri | Mambasa,Confirmed,0,0,0,10
2019-06-16,2019-06-12,12 Jun 2019 - 16 Jun 2019,Ituri | Mambasa,Confirmed,0,0,0,4
2019-06-23,2019-06-16,16 Jun 2019 - 23 Jun 2019,Ituri | Mambasa,Confirmed,0,0,0,7
2019-06-30,2019-06-23,23 Jun 2019 - 30 Jun 2019,Ituri | Mambasa,Confirmed,0,0,0,7
2019-07-07,2019-06-30,30 Jun 2019 - 7 Jul 2019,Ituri | Mambasa,Confirmed,0,0,0,7
2019-07-14,2019-07-07,7 Jul 2019 - 14 Jul 2019,Ituri | Mambasa,Confirmed,31,0,0,7
2019-07-21,2019-07-14,14 Jul 2019 - 21 Jul 2019,Ituri | Mambasa,Confirmed,-28,1,0,7
2019-07-28,2019-07-21,21 Jul 2019 - 28 Jul 2019,Ituri | Mambasa,Confirmed,2,0,0,7
2019-08-04,2019-07-28,28 Jul 2019 - 4 Aug 2019,Ituri | Mambasa,Confirmed,2,0,0,7
2019-08-11,2019-08-04,4 Aug 2019 - 11 Aug 2019,Ituri | Mambasa,Confirmed,8,0,0,7
2019-08-18,2019-08-11,11 Aug 2019 - 18 Aug 2019,Ituri | Mambasa,Confirmed,3,0,0,7
2019-08-25,2019-08-18,18 Aug 2019 - 25 Aug 2019,Ituri | Mambasa,Confirmed,3,0,0,7
2019-09-01,2019-08-25,25 Aug 2019 - 1 Sep 2019,Ituri | Mambasa,Confirmed,13,0,0,7
2019-09-08,2019-09-01,1 Sep 2019 - 8 Sep 2019,Ituri | Mambasa,Confirmed,7,0,0,7
2019-09-15,2019-09-08,8 Sep 2019 - 15 Sep 2019,Ituri | Mambasa,Confirmed,9,0,0,7
2019-09-22,2019-09-15,15 Sep 2019 - 22 Sep 2019,Ituri | Mambasa,Confirmed,16,0,0,7
2019-09-29,2019-09-22,22 Sep 2019 - 29 Sep 2019,Ituri | Mambasa,Confirmed,5,0,0,7
2019-10-06,2019-09-29,29 Sep 2019 - 6 Oct 2019,Ituri | Mambasa,Confirmed,1,0,0,7
2019-10-13,2019-10-06,6 Oct 2019 - 13 Oct 2019,Ituri | Mambasa,Confirmed,0,0,0,7
2019-10-20,2019-10-13,13 Oct 2019 - 20 Oct 2019,Ituri | Mambasa,Confirmed,4,0,0,7
2019-10-27,2019-10-20,20 Oct 2019 - 27 Oct 2019,Ituri | Mambasa,Confirmed,1,0,0,7
2019-11-03,2019-10-27,27 Oct 2019 - 3 Nov 2019,Ituri | Mambasa,Confirmed,1,0,0,7
2019-11-10,2019-11-03,3 Nov 2019 - 10 Nov 2019,Ituri | Mambasa,Confirmed,0,0,0,7
2019-11-17,2019-11-10,10 Nov 2019 - 17 Nov 2019,Ituri | Mambasa,Confirmed,0,0,0,7
2019-11-24,2019-11-17,17 Nov 2019 - 24 Nov 2019,Ituri | Mambasa,Confirmed,0,0,0,7
2019-12-01,2019-11-24,24 Nov 2019 - 1 Dec 2019,Ituri | Mambasa,Confirmed,0,0,0,7
2019-12-08,2019-12-01,1 Dec 2019 - 8 Dec 2019,Ituri | Mambasa,Confirmed,0,0,0,7
2019-12-15,2019-12-08,8 Dec 2019 - 15 Dec 2019,Ituri | Mambasa,Confirmed,0,0,0,7
2019-12-22,2019-12-15,15 Dec 2019 - 22 Dec 2019,Ituri | Mambasa,Confirmed,0,0,0,7
2020-01-05,2019-12-22,22 Dec 2019 - 5 Jan 2020,Ituri | Mambasa,Confirmed,4,0,0,14
2020-01-12,2020-01-05,5 Jan 2020 - 12 Jan 2020,Ituri | Mambasa,Confirmed,0,0,0,7
2020-01-19,2020-01-12,12 Jan 2020 - 19 Jan 2020,Ituri | Mambasa,Confirmed,0,0,0,7
2020-01-26,2020-01-19,19 Jan 2020 - 26 Jan 2020,Ituri | Mambasa,Confirmed,0,0,0,7
2018-08-05,,unknown - 5 August 2018,Ituri | Mambasa,Probable,0,0,1,
2018-08-12,2018-08-05,5 Aug 2018 - 12 Aug 2018,Ituri | Mambasa,Probable,0,0,0,7
2018-08-20,2018-08-12,12 Aug 2018 - 20 Aug 2018,Ituri | Mambasa,Probable,0,0,0,8
2018-08-26,2018-08-20,20 Aug 2018 - 26 Aug 2018,Ituri | Mambasa,Probable,0,0,0,6
2018-09-02,2018-08-26,26 Aug 2018 - 2 Sep 2018,Ituri | Mambasa,Probable,0,0,0,7
2018-09-09,2018-09-02,2 Sep 2018 - 9 Sep 2018,Ituri | Mambasa,Probable,0,0,0,7
2018-09-16,2018-09-09,9 Sep 2018 - 16 Sep 2018,Ituri | Mambasa,Probable,0,0,0,7
2018-09-23,2018-09-16,16 Sep 2018 - 23 Sep 2018,Ituri | Mambasa,Probable,0,0,0,7
2018-10-02,2018-09-23,23 Sep 2018 - 2 Oct 2018,Ituri | Mambasa,Probable,0,0,0,9
2018-10-07,2018-10-02,2 Oct 2018 - 7 Oct 2018,Ituri | Mambasa,Probable,0,0,0,5
2018-10-15,2018-10-07,7 Oct 2018 - 15 Oct 2018,Ituri | Mambasa,Probable,0,0,0,8
2018-10-21,2018-10-15,15 Oct 2018 - 21 Oct 2018,Ituri | Mambasa,Probable,0,0,0,6
2018-10-28,2018-10-21,21 Oct 2018 - 28 Oct 2018,Ituri | Mambasa,Probable,0,0,0,7
2018-11-04,2018-10-28,28 Oct 2018 - 4 Nov 2018,Ituri | Mambasa,Probable,0,0,0,7
2018-11-11,2018-11-04,4 Nov 2018 - 11 Nov 2018,Ituri | Mambasa,Probable,0,0,0,7
2018-11-19,2018-11-11,11 Nov 2018 - 19 Nov 2018,Ituri | Mambasa,Probable,0,0,0,8
2018-11-26,2018-11-19,19 Nov 2018 - 26 Nov 2018,Ituri | Mambasa,Probable,0,0,0,7
2018-12-03,2018-11-26,26 Nov 2018 - 3 Dec 2018,Ituri | Mambasa,Probable,0,0,0,7
2018-12-10,2018-12-03,3 Dec 2018 - 10 Dec 2018,Ituri | Mambasa,Probable,0,0,0,7
2018-12-16,2018-12-10,10 Dec 2018 - 16 Dec 2018,Ituri | Mambasa,Probable,0,0,0,6
2018-12-25,2018-12-16,16 Dec 2018 - 25 Dec 2018,Ituri | Mambasa,Probable,0,0,0,9
2019-01-01,2018-12-25,25 Dec 2018 - 1 Jan 2019,Ituri | Mambasa,Probable,0,0,0,7
2019-01-06,2019-01-01,1 Jan 2019 - 6 Jan 2019,Ituri | Mambasa,Probable,0,0,0,5
2019-01-14,2019-01-06,6 Jan 2019 - 14 Jan 2019,Ituri | Mambasa,Probable,0,0,0,8
2019-01-21,2019-01-14,14 Jan 2019 - 21 Jan 2019,Ituri | Mambasa,Probable,0,0,0,7
2019-01-28,2019-01-21,21 Jan 2019 - 28 Jan 2019,Ituri | Mambasa,Probable,0,0,0,7
2019-02-03,2019-01-28,28 Jan 2019 - 3 Feb 2019,Ituri | Mambasa,Probable,0,0,0,6
2019-02-10,2019-02-03,3 Feb 2019 - 10 Feb 2019,Ituri | Mambasa,Probable,0,0,0,7
2019-02-17,2019-02-10,10 Feb 2019 - 17 Feb 2019,Ituri | Mambasa,Probable,0,0,0,7
2019-02-24,2019-02-17,17 Feb 2019 - 24 Feb 2019,Ituri | Mambasa,Probable,0,0,0,7
2019-03-03,2019-02-24,24 Feb 2019 - 3 Mar 2019,Ituri | Mambasa,Probable,0,0,0,7
2019-03-10,2019-03-03,3 Mar 2019 - 10 Mar 2019,Ituri | Mambasa,Probable,0,0,0,7
2019-03-17,2019-03-10,10 Mar 2019 - 17 Mar 2019,Ituri | Mambasa,Probable,0,0,0,7
2019-03-24,2019-03-17,17 Mar 2019 - 24 Mar 2019,Ituri | Mambasa,Probable,0,0,0,7
2019-03-31,2019-03-24,24 Mar 2019 - 31 Mar 2019,Ituri | Mambasa,Probable,0,0,0,7
2019-04-07,2019-03-31,31 Mar 2019 - 7 Apr 2019,Ituri | Mambasa,Probable,0,0,0,7
2019-04-14,2019-04-07,7 Apr 2019 - 14 Apr 2019,Ituri | Mambasa,Probable,0,0,0,7
2019-04-22,2019-04-14,14 Apr 2019 - 22 Apr 2019,Ituri | Mambasa,Probable,0,0,0,8
2019-04-28,2019-04-22,22 Apr 2019 - 28 Apr 2019,Ituri | Mambasa,Probable,0,0,0,6
2019-05-05,2019-04-28,28 Apr 2019 - 5 May 2019,Ituri | Mambasa,Probable,0,0,0,7
2019-05-12,2019-05-05,5 May 2019 - 12 May 2019,Ituri | Mambasa,Probable,0,0,0,7
2019-05-19,2019-05-12,12 May 2019 - 19 May 2019,Ituri | Mambasa,Probable,0,0,0,7
2019-05-26,2019-05-19,19 May 2019 - 26 May 2019,Ituri | Mambasa,Probable,0,0,0,7
2019-06-02,2019-05-26,26 May 2019 - 2 Jun 2019,Ituri | Mambasa,Probable,0,0,0,7
2019-06-12,2019-06-02,2 Jun 2019 - 12 Jun 2019,Ituri | Mambasa,Probable,0,0,0,10
2019-06-16,2019-06-12,12 Jun 2019 - 16 Jun 2019,Ituri | Mambasa,Probable,0,0,0,4
2019-06-23,2019-06-16,16 Jun 2019 - 23 Jun 2019,Ituri | Mambasa,Probable,0,0,0,7
2019-06-30,2019-06-23,23 Jun 2019 - 30 Jun 2019,Ituri | Mambasa,Probable,0,0,0,7
2019-07-07,2019-06-30,30 Jun 2019 - 7 Jul 2019,Ituri | Mambasa,Probable,0,0,0,7
2019-07-14,2019-07-07,7 Jul 2019 - 14 Jul 2019,Ituri | Mambasa,Probable,9,0,0,7
2019-07-21,2019-07-14,14 Jul 2019 - 21 Jul 2019,Ituri | Mambasa,Probable,-9,1,0,7
2019-07-28,2019-07-21,21 Jul 2019 - 28 Jul 2019,Ituri | Mambasa,Probable,0,0,0,7
2019-08-04,2019-07-28,28 Jul 2019 - 4 Aug 2019,Ituri | Mambasa,Probable,0,0,0,7
2019-08-11,2019-08-04,4 Aug 2019 - 11 Aug 2019,Ituri | Mambasa,Probable,0,0,0,7
2019-08-18,2019-08-11,11 Aug 2019 - 18 Aug 2019,Ituri | Mambasa,Probable,0,0,0,7
2019-08-25,2019-08-18,18 Aug 2019 - 25 Aug 2019,Ituri | Mambasa,Probable,0,0,0,7
2019-09-01,2019-08-25,25 Aug 2019 - 1 Sep 2019,Ituri | Mambasa,Probable,0,0,0,7
2019-09-08,2019-09-01,1 Sep 2019 - 8 Sep 2019,Ituri | Mambasa,Probable,0,0,0,7
2019-09-15,2019-09-08,8 Sep 2019 - 15 Sep 2019,Ituri | Mambasa,Probable,0,0,0,7
2019-09-22,2019-09-15,15 Sep 2019 - 22 Sep 2019,Ituri | Mambasa,Probable,0,0,0,7
2019-09-29,2019-09-22,22 Sep 2019 - 29 Sep 2019,Ituri | Mambasa,Probable,0,0,0,7
2019-10-06,2019-09-29,29 Sep 2019 - 6 Oct 2019,Ituri | Mambasa,Probable,2,0,0,7
2019-10-13,2019-10-06,6 Oct 2019 - 13 Oct 2019,Ituri | Mambasa,Probable,0,0,0,7
2019-10-20,2019-10-13,13 Oct 2019 - 20 Oct 2019,Ituri | Mambasa,Probable,1,0,0,7
2019-10-27,2019-10-20,20 Oct 2019 - 27 Oct 2019,Ituri | Mambasa,Probable,0,0,0,7
2019-11-03,2019-10-27,27 Oct 2019 - 3 Nov 2019,Ituri | Mambasa,Probable,0,0,0,7
2019-11-10,2019-11-03,3 Nov 2019 - 10 Nov 2019,Ituri | Mambasa,Probable,0,0,0,7
2019-11-17,2019-11-10,10 Nov 2019 - 17 Nov 2019,Ituri | Mambasa,Probable,0,0,0,7
2019-11-24,2019-11-17,17 Nov 2019 - 24 Nov 2019,Ituri | Mambasa,Probable,0,0,0,7
2019-12-01,2019-11-24,24 Nov 2019 - 1 Dec 2019,Ituri | Mambasa,Probable,0,0,0,7
2019-12-08,2019-12-01,1 Dec 2019 - 8 Dec 2019,Ituri | Mambasa,Probable,0,0,0,7
2019-12-15,2019-12-08,8 Dec 2019 - 15 Dec 2019,Ituri | Mambasa,Probable,0,0,0,7
2019-12-22,2019-12-15,15 Dec 2019 - 22 Dec 2019,Ituri | Mambasa,Probable,0,0,0,7
2020-01-05,2019-12-22,22 Dec 2019 - 5 Jan 2020,Ituri | Mambasa,Probable,0,0,0,14
2020-01-12,2020-01-05,5 Jan 2020 - 12 Jan 2020,Ituri | Mambasa,Probable,0,0,0,7
2020-01-19,2020-01-12,12 Jan 2020 - 19 Jan 2020,Ituri | Mambasa,Probable,0,0,0,7
2020-01-26,2020-01-19,19 Jan 2020 - 26 Jan 2020,Ituri | Mambasa,Probable,0,0,0,7
2018-08-05,,unknown - 5 August 2018,Ituri | Mandima,Confirmed,0,0,1,
2018-08-12,2018-08-05,5 Aug 2018 - 12 Aug 2018,Ituri | Mandima,Confirmed,1,0,0,7
2018-08-20,2018-08-12,12 Aug 2018 - 20 Aug 2018,Ituri | Mandima,Confirmed,6,0,0,8
2018-08-26,2018-08-20,20 Aug 2018 - 26 Aug 2018,Ituri | Mandima,Confirmed,0,0,0,6
2018-09-02,2018-08-26,26 Aug 2018 - 2 Sep 2018,Ituri | Mandima,Confirmed,1,0,0,7
2018-09-09,2018-09-02,2 Sep 2018 - 9 Sep 2018,Ituri | Mandima,Confirmed,1,0,0,7
2018-09-16,2018-09-09,9 Sep 2018 - 16 Sep 2018,Ituri | Mandima,Confirmed,0,0,0,7
2018-09-23,2018-09-16,16 Sep 2018 - 23 Sep 2018,Ituri | Mandima,Confirmed,0,0,0,7
2018-10-02,2018-09-23,23 Sep 2018 - 2 Oct 2018,Ituri | Mandima,Confirmed,0,0,0,9
2018-10-07,2018-10-02,2 Oct 2018 - 7 Oct 2018,Ituri | Mandima,Confirmed,0,0,0,5
2018-10-15,2018-10-07,7 Oct 2018 - 15 Oct 2018,Ituri | Mandima,Confirmed,0,0,0,8
2018-10-21,2018-10-15,15 Oct 2018 - 21 Oct 2018,Ituri | Mandima,Confirmed,0,0,0,6
2018-10-28,2018-10-21,21 Oct 2018 - 28 Oct 2018,Ituri | Mandima,Confirmed,0,0,0,7
2018-11-04,2018-10-28,28 Oct 2018 - 4 Nov 2018,Ituri | Mandima,Confirmed,0,0,0,7
2018-11-11,2018-11-04,4 Nov 2018 - 11 Nov 2018,Ituri | Mandima,Confirmed,7,0,0,7
2018-11-19,2018-11-11,11 Nov 2018 - 19 Nov 2018,Ituri | Mandima,Confirmed,0,0,0,8
2018-11-26,2018-11-19,19 Nov 2018 - 26 Nov 2018,Ituri | Mandima,Confirmed,0,0,0,7
2018-12-03,2018-11-26,26 Nov 2018 - 3 Dec 2018,Ituri | Mandima,Confirmed,0,0,0,7
2018-12-10,2018-12-03,3 Dec 2018 - 10 Dec 2018,Ituri | Mandima,Confirmed,1,0,0,7
2018-12-16,2018-12-10,10 Dec 2018 - 16 Dec 2018,Ituri | Mandima,Confirmed,0,0,0,6
2018-12-25,2018-12-16,16 Dec 2018 - 25 Dec 2018,Ituri | Mandima,Confirmed,0,0,0,9
2019-01-01,2018-12-25,25 Dec 2018 - 1 Jan 2019,Ituri | Mandima,Confirmed,0,0,0,7
2019-01-06,2019-01-01,1 Jan 2019 - 6 Jan 2019,Ituri | Mandima,Confirmed,0,0,0,5
2019-01-14,2019-01-06,6 Jan 2019 - 14 Jan 2019,Ituri | Mandima,Confirmed,0,0,0,8
2019-01-21,2019-01-14,14 Jan 2019 - 21 Jan 2019,Ituri | Mandima,Confirmed,0,0,0,7
2019-01-28,2019-01-21,21 Jan 2019 - 28 Jan 2019,Ituri | Mandima,Confirmed,0,0,0,7
2019-02-03,2019-01-28,28 Jan 2019 - 3 Feb 2019,Ituri | Mandima,Confirmed,0,0,0,6
2019-02-10,2019-02-03,3 Feb 2019 - 10 Feb 2019,Ituri | Mandima,Confirmed,0,0,0,7
2019-02-17,2019-02-10,10 Feb 2019 - 17 Feb 2019,Ituri | Mandima,Confirmed,0,0,0,7
2019-02-24,2019-02-17,17 Feb 2019 - 24 Feb 2019,Ituri | Mandima,Confirmed,0,0,0,7
2019-03-03,2019-02-24,24 Feb 2019 - 3 Mar 2019,Ituri | Mandima,Confirmed,4,0,0,7
2019-03-10,2019-03-03,3 Mar 2019 - 10 Mar 2019,Ituri | Mandima,Confirmed,3,0,0,7
2019-03-17,2019-03-10,10 Mar 2019 - 17 Mar 2019,Ituri | Mandima,Confirmed,5,0,0,7
2019-03-24,2019-03-17,17 Mar 2019 - 24 Mar 2019,Ituri | Mandima,Confirmed,9,0,0,7
2019-03-31,2019-03-24,24 Mar 2019 - 31 Mar 2019,Ituri | Mandima,Confirmed,10,0,0,7
2019-04-07,2019-03-31,31 Mar 2019 - 7 Apr 2019,Ituri | Mandima,Confirmed,10,0,0,7
2019-04-14,2019-04-07,7 Apr 2019 - 14 Apr 2019,Ituri | Mandima,Confirmed,9,0,0,7
2019-04-22,2019-04-14,14 Apr 2019 - 22 Apr 2019,Ituri | Mandima,Confirmed,7,0,0,8
2019-04-28,2019-04-22,22 Apr 2019 - 28 Apr 2019,Ituri | Mandima,Confirmed,20,0,0,6
2019-05-05,2019-04-28,28 Apr 2019 - 5 May 2019,Ituri | Mandima,Confirmed,15,0,0,7
2019-05-12,2019-05-05,5 May 2019 - 12 May 2019,Ituri | Mandima,Confirmed,10,0,0,7
2019-05-19,2019-05-12,12 May 2019 - 19 May 2019,Ituri | Mandima,Confirmed,7,0,0,7
2019-05-26,2019-05-19,19 May 2019 - 26 May 2019,Ituri | Mandima,Confirmed,6,0,0,7
2019-06-02,2019-05-26,26 May 2019 - 2 Jun 2019,Ituri | Mandima,Confirmed,4,0,0,7
2019-06-12,2019-06-02,2 Jun 2019 - 12 Jun 2019,Ituri | Mandima,Confirmed,14,0,0,10
2019-06-16,2019-06-12,12 Jun 2019 - 16 Jun 2019,Ituri | Mandima,Confirmed,8,0,0,4
2019-06-23,2019-06-16,16 Jun 2019 - 23 Jun 2019,Ituri | Mandima,Confirmed,11,0,0,7
2019-06-30,2019-06-23,23 Jun 2019 - 30 Jun 2019,Ituri | Mandima,Confirmed,2,0,0,7
2019-07-07,2019-06-30,30 Jun 2019 - 7 Jul 2019,Ituri | Mandima,Confirmed,6,0,0,7
2019-07-14,2019-07-07,7 Jul 2019 - 14 Jul 2019,Ituri | Mandima,Confirmed,2,0,0,7
2019-07-21,2019-07-14,14 Jul 2019 - 21 Jul 2019,Ituri | Mandima,Confirmed,14,0,0,7
2019-07-28,2019-07-21,21 Jul 2019 - 28 Jul 2019,Ituri | Mandima,Confirmed,14,0,0,7
2019-08-04,2019-07-28,28 Jul 2019 - 4 Aug 2019,Ituri | Mandima,Confirmed,24,0,0,7
2019-08-11,2019-08-04,4 Aug 2019 - 11 Aug 2019,Ituri | Mandima,Confirmed,11,0,0,7
2019-08-18,2019-08-11,11 Aug 2019 - 18 Aug 2019,Ituri | Mandima,Confirmed,7,0,0,7
2019-08-25,2019-08-18,18 Aug 2019 - 25 Aug 2019,Ituri | Mandima,Confirmed,9,0,0,7
2019-09-01,2019-08-25,25 Aug 2019 - 1 Sep 2019,Ituri | Mandima,Confirmed,8,0,0,7
2019-09-08,2019-09-01,1 Sep 2019 - 8 Sep 2019,Ituri | Mandima,Confirmed,6,0,0,7
2019-09-15,2019-09-08,8 Sep 2019 - 15 Sep 2019,Ituri | Mandima,Confirmed,14,0,0,7
2019-09-22,2019-09-15,15 Sep 2019 - 22 Sep 2019,Ituri | Mandima,Confirmed,5,0,0,7
2019-09-29,2019-09-22,22 Sep 2019 - 29 Sep 2019,Ituri | Mandima,Confirmed,6,0,0,7
2019-10-06,2019-09-29,29 Sep 2019 - 6 Oct 2019,Ituri | Mandima,Confirmed,6,0,0,7
2019-10-13,2019-10-06,6 Oct 2019 - 13 Oct 2019,Ituri | Mandima,Confirmed,9,0,0,7
2019-10-20,2019-10-13,13 Oct 2019 - 20 Oct 2019,Ituri | Mandima,Confirmed,12,0,0,7
2019-10-27,2019-10-20,20 Oct 2019 - 27 Oct 2019,Ituri | Mandima,Confirmed,9,0,0,7
2019-11-03,2019-10-27,27 Oct 2019 - 3 Nov 2019,Ituri | Mandima,Confirmed,5,0,0,7
2019-11-10,2019-11-03,3 Nov 2019 - 10 Nov 2019,Ituri | Mandima,Confirmed,1,0,0,7
2019-11-17,2019-11-10,10 Nov 2019 - 17 Nov 2019,Ituri | Mandima,Confirmed,0,0,0,7
2019-11-24,2019-11-17,17 Nov 2019 - 24 Nov 2019,Ituri | Mandima,Confirmed,1,0,0,7
2019-12-01,2019-11-24,24 Nov 2019 - 1 Dec 2019,Ituri | Mandima,Confirmed,5,0,0,7
2019-12-08,2019-12-01,1 Dec 2019 - 8 Dec 2019,Ituri | Mandima,Confirmed,1,0,0,7
2019-12-15,2019-12-08,8 Dec 2019 - 15 Dec 2019,Ituri | Mandima,Confirmed,1,0,0,7
2019-12-22,2019-12-15,15 Dec 2019 - 22 Dec 2019,Ituri | Mandima,Confirmed,0,0,0,7
2020-01-05,2019-12-22,22 Dec 2019 - 5 Jan 2020,Ituri | Mandima,Confirmed,0,0,0,14
2020-01-12,2020-01-05,5 Jan 2020 - 12 Jan 2020,Ituri | Mandima,Confirmed,0,0,0,7
2020-01-19,2020-01-12,12 Jan 2020 - 19 Jan 2020,Ituri | Mandima,Confirmed,0,0,0,7
2020-01-26,2020-01-19,19 Jan 2020 - 26 Jan 2020,Ituri | Mandima,Confirmed,0,0,0,7
2018-08-05,,unknown - 5 August 2018,Ituri | Mandima,Probable,2,0,1,
2018-08-12,2018-08-05,5 Aug 2018 - 12 Aug 2018,Ituri | Mandima,Probable,0,0,0,7
2018-08-20,2018-08-12,12 Aug 2018 - 20 Aug 2018,Ituri | Mandima,Probable,0,0,0,8
2018-08-26,2018-08-20,20 Aug 2018 - 26 Aug 2018,Ituri | Mandima,Probable,0,0,0,6
2018-09-02,2018-08-26,26 Aug 2018 - 2 Sep 2018,Ituri | Mandima,Probable,0,0,0,7
2018-09-09,2018-09-02,2 Sep 2018 - 9 Sep 2018,Ituri | Mandima,Probable,0,0,0,7
2018-09-16,2018-09-09,9 Sep 2018 - 16 Sep 2018,Ituri | Mandima,Probable,0,0,0,7
2018-09-23,2018-09-16,16 Sep 2018 - 23 Sep 2018,Ituri | Mandima,Probable,0,0,0,7
2018-10-02,2018-09-23,23 Sep 2018 - 2 Oct 2018,Ituri | Mandima,Probable,0,0,0,9
2018-10-07,2018-10-02,2 Oct 2018 - 7 Oct 2018,Ituri | Mandima,Probable,0,0,0,5
2018-10-15,2018-10-07,7 Oct 2018 - 15 Oct 2018,Ituri | Mandima,Probable,0,0,0,8
2018-10-21,2018-10-15,15 Oct 2018 - 21 Oct 2018,Ituri | Mandima,Probable,0,0,0,6
2018-10-28,2018-10-21,21 Oct 2018 - 28 Oct 2018,Ituri | Mandima,Probable,0,0,0,7
2018-11-04,2018-10-28,28 Oct 2018 - 4 Nov 2018,Ituri | Mandima,Probable,0,0,0,7
2018-11-11,2018-11-04,4 Nov 2018 - 11 Nov 2018,Ituri | Mandima,Probable,1,0,0,7
2018-11-19,2018-11-11,11 Nov 2018 - 19 Nov 2018,Ituri | Mandima,Probable,0,0,0,8
2018-11-26,2018-11-19,19 Nov 2018 - 26 Nov 2018,Ituri | Mandima,Probable,0,0,0,7
2018-12-03,2018-11-26,26 Nov 2018 - 3 Dec 2018,Ituri | Mandima,Probable,0,0,0,7
2018-12-10,2018-12-03,3 Dec 2018 - 10 Dec 2018,Ituri | Mandima,Probable,0,0,0,7
2018-12-16,2018-12-10,10 Dec 2018 - 16 Dec 2018,Ituri | Mandima,Probable,0,0,0,6
2018-12-25,2018-12-16,16 Dec 2018 - 25 Dec 2018,Ituri | Mandima,Probable,0,0,0,9
2019-01-01,2018-12-25,25 Dec 2018 - 1 Jan 2019,Ituri | Mandima,Probable,0,0,0,7
2019-01-06,2019-01-01,1 Jan 2019 - 6 Jan 2019,Ituri | Mandima,Probable,0,0,0,5
2019-01-14,2019-01-06,6 Jan 2019 - 14 Jan 2019,Ituri | Mandima,Probable,0,0,0,8
2019-01-21,2019-01-14,14 Jan 2019 - 21 Jan 2019,Ituri | Mandima,Probable,0,0,0,7
2019-01-28,2019-01-21,21 Jan 2019 - 28 Jan 2019,Ituri | Mandima,Probable,0,0,0,7
2019-02-03,2019-01-28,28 Jan 2019 - 3 Feb 2019,Ituri | Mandima,Probable,0,0,0,6
2019-02-10,2019-02-03,3 Feb 2019 - 10 Feb 2019,Ituri | Mandima,Probable,0,0,0,7
2019-02-17,2019-02-10,10 Feb 2019 - 17 Feb 2019,Ituri | Mandima,Probable,0,0,0,7
2019-02-24,2019-02-17,17 Feb 2019 - 24 Feb 2019,Ituri | Mandima,Probable,0,0,0,7
2019-03-03,2019-02-24,24 Feb 2019 - 3 Mar 2019,Ituri | Mandima,Probable,0,0,0,7
2019-03-10,2019-03-03,3 Mar 2019 - 10 Mar 2019,Ituri | Mandima,Probable,0,0,0,7
2019-03-17,2019-03-10,10 Mar 2019 - 17 Mar 2019,Ituri | Mandima,Probable,0,0,0,7
2019-03-24,2019-03-17,17 Mar 2019 - 24 Mar 2019,Ituri | Mandima,Probable,0,0,0,7
2019-03-31,2019-03-24,24 Mar 2019 - 31 Mar 2019,Ituri | Mandima,Probable,0,0,0,7
2019-04-07,2019-03-31,31 Mar 2019 - 7 Apr 2019,Ituri | Mandima,Probable,0,0,0,7
2019-04-14,2019-04-07,7 Apr 2019 - 14 Apr 2019,Ituri | Mandima,Probable,0,0,0,7
2019-04-22,2019-04-14,14 Apr 2019 - 22 Apr 2019,Ituri | Mandima,Probable,1,0,0,8
2019-04-28,2019-04-22,22 Apr 2019 - 28 Apr 2019,Ituri | Mandima,Probable,0,0,0,6
2019-05-05,2019-04-28,28 Apr 2019 - 5 May 2019,Ituri | Mandima,Probable,0,0,0,7
2019-05-12,2019-05-05,5 May 2019 - 12 May 2019,Ituri | Mandima,Probable,-1,1,0,7
2019-05-19,2019-05-12,12 May 2019 - 19 May 2019,Ituri | Mandima,Probable,1,0,0,7
2019-05-26,2019-05-19,19 May 2019 - 26 May 2019,Ituri | Mandima,Probable,0,0,0,7
2019-06-02,2019-05-26,26 May 2019 - 2 Jun 2019,Ituri | Mandima,Probable,0,0,0,7
2019-06-12,2019-06-02,2 Jun 2019 - 12 Jun 2019,Ituri | Mandima,Probable,0,0,0,10
2019-06-16,2019-06-12,12 Jun 2019 - 16 Jun 2019,Ituri | Mandima,Probable,0,0,0,4
2019-06-23,2019-06-16,16 Jun 2019 - 23 Jun 2019,Ituri | Mandima,Probable,0,0,0,7
2019-06-30,2019-06-23,23 Jun 2019 - 30 Jun 2019,Ituri | Mandima,Probable,0,0,0,7
2019-07-07,2019-06-30,30 Jun 2019 - 7 Jul 2019,Ituri | Mandima,Probable,0,0,0,7
2019-07-14,2019-07-07,7 Jul 2019 - 14 Jul 2019,Ituri | Mandima,Probable,0,0,0,7
2019-07-21,2019-07-14,14 Jul 2019 - 21 Jul 2019,Ituri | Mandima,Probable,0,0,0,7
2019-07-28,2019-07-21,21 Jul 2019 - 28 Jul 2019,Ituri | Mandima,Probable,0,0,0,7
2019-08-04,2019-07-28,28 Jul 2019 - 4 Aug 2019,Ituri | Mandima,Probable,0,0,0,7
2019-08-11,2019-08-04,4 Aug 2019 - 11 Aug 2019,Ituri | Mandima,Probable,0,0,0,7
2019-08-18,2019-08-11,11 Aug 2019 - 18 Aug 2019,Ituri | Mandima,Probable,0,0,0,7
2019-08-25,2019-08-18,18 Aug 2019 - 25 Aug 2019,Ituri | Mandima,Probable,0,0,0,7
2019-09-01,2019-08-25,25 Aug 2019 - 1 Sep 2019,Ituri | Mandima,Probable,0,0,0,7
2019-09-08,2019-09-01,1 Sep 2019 - 8 Sep 2019,Ituri | Mandima,Probable,0,0,0,7
2019-09-15,2019-09-08,8 Sep 2019 - 15 Sep 2019,Ituri | Mandima,Probable,0,0,0,7
2019-09-22,2019-09-15,15 Sep 2019 - 22 Sep 2019,Ituri | Mandima,Probable,0,0,0,7
2019-09-29,2019-09-22,22 Sep 2019 - 29 Sep 2019,Ituri | Mandima,Probable,0,0,0,7
2019-10-06,2019-09-29,29 Sep 2019 - 6 Oct 2019,Ituri | Mandima,Probable,0,0,0,7
2019-10-13,2019-10-06,6 Oct 2019 - 13 Oct 2019,Ituri | Mandima,Probable,0,0,0,7
2019-10-20,2019-10-13,13 Oct 2019 - 20 Oct 2019,Ituri | Mandima,Probable,0,0,0,7
2019-10-27,2019-10-20,20 Oct 2019 - 27 Oct 2019,Ituri | Mandima,Probable,1,0,0,7
2019-11-03,2019-10-27,27 Oct 2019 - 3 Nov 2019,Ituri | Mandima,Probable,0,0,0,7
2019-11-10,2019-11-03,3 Nov 2019 - 10 Nov 2019,Ituri | Mandima,Probable,0,0,0,7
2019-11-17,2019-11-10,10 Nov 2019 - 17 Nov 2019,Ituri | Mandima,Probable,0,0,0,7
2019-11-24,2019-11-17,17 Nov 2019 - 24 Nov 2019,Ituri | Mandima,Probable,0,0,0,7
2019-12-01,2019-11-24,24 Nov 2019 - 1 Dec 2019,Ituri | Mandima,Probable,0,0,0,7
2019-12-08,2019-12-01,1 Dec 2019 - 8 Dec 2019,Ituri | Mandima,Probable,0,0,0,7
2019-12-15,2019-12-08,8 Dec 2019 - 15 Dec 2019,Ituri | Mandima,Probable,0,0,0,7
2019-12-22,2019-12-15,15 Dec 2019 - 22 Dec 2019,Ituri | Mandima,Probable,0,0,0,7
2020-01-05,2019-12-22,22 Dec 2019 - 5 Jan 2020,Ituri | Mandima,Probable,0,0,0,14
2020-01-12,2020-01-05,5 Jan 2020 - 12 Jan 2020,Ituri | Mandima,Probable,0,0,0,7
2020-01-19,2020-01-12,12 Jan 2020 - 19 Jan 2020,Ituri | Mandima,Probable,0,0,0,7
2020-01-26,2020-01-19,19 Jan 2020 - 26 Jan 2020,Ituri | Mandima,Probable,0,0,0,7
2018-08-05,,unknown - 5 August 2018,Ituri | Nyankunde,Confirmed,0,0,1,
2018-08-12,2018-08-05,5 Aug 2018 - 12 Aug 2018,Ituri | Nyankunde,Confirmed,0,0,0,7
2018-08-20,2018-08-12,12 Aug 2018 - 20 Aug 2018,Ituri | Nyankunde,Confirmed,0,0,0,8
2018-08-26,2018-08-20,20 Aug 2018 - 26 Aug 2018,Ituri | Nyankunde,Confirmed,0,0,0,6
2018-09-02,2018-08-26,26 Aug 2018 - 2 Sep 2018,Ituri | Nyankunde,Confirmed,0,0,0,7
2018-09-09,2018-09-02,2 Sep 2018 - 9 Sep 2018,Ituri | Nyankunde,Confirmed,0,0,0,7
2018-09-16,2018-09-09,9 Sep 2018 - 16 Sep 2018,Ituri | Nyankunde,Confirmed,0,0,0,7
2018-09-23,2018-09-16,16 Sep 2018 - 23 Sep 2018,Ituri | Nyankunde,Confirmed,0,0,0,7
2018-10-02,2018-09-23,23 Sep 2018 - 2 Oct 2018,Ituri | Nyankunde,Confirmed,0,0,0,9
2018-10-07,2018-10-02,2 Oct 2018 - 7 Oct 2018,Ituri | Nyankunde,Confirmed,0,0,0,5
2018-10-15,2018-10-07,7 Oct 2018 - 15 Oct 2018,Ituri | Nyankunde,Confirmed,0,0,0,8
2018-10-21,2018-10-15,15 Oct 2018 - 21 Oct 2018,Ituri | Nyankunde,Confirmed,0,0,0,6
2018-10-28,2018-10-21,21 Oct 2018 - 28 Oct 2018,Ituri | Nyankunde,Confirmed,0,0,0,7
2018-11-04,2018-10-28,28 Oct 2018 - 4 Nov 2018,Ituri | Nyankunde,Confirmed,0,0,0,7
2018-11-11,2018-11-04,4 Nov 2018 - 11 Nov 2018,Ituri | Nyankunde,Confirmed,0,0,0,7
2018-11-19,2018-11-11,11 Nov 2018 - 19 Nov 2018,Ituri | Nyankunde,Confirmed,0,0,0,8
2018-11-26,2018-11-19,19 Nov 2018 - 26 Nov 2018,Ituri | Nyankunde,Confirmed,0,0,0,7
2018-12-03,2018-11-26,26 Nov 2018 - 3 Dec 2018,Ituri | Nyankunde,Confirmed,0,0,0,7
2018-12-10,2018-12-03,3 Dec 2018 - 10 Dec 2018,Ituri | Nyankunde,Confirmed,0,0,0,7
2018-12-16,2018-12-10,10 Dec 2018 - 16 Dec 2018,Ituri | Nyankunde,Confirmed,0,0,0,6
2018-12-25,2018-12-16,16 Dec 2018 - 25 Dec 2018,Ituri | Nyankunde,Confirmed,1,0,0,9
2019-01-01,2018-12-25,25 Dec 2018 - 1 Jan 2019,Ituri | Nyankunde,Confirmed,0,0,0,7
2019-01-06,2019-01-01,1 Jan 2019 - 6 Jan 2019,Ituri | Nyankunde,Confirmed,0,0,0,5
2019-01-14,2019-01-06,6 Jan 2019 - 14 Jan 2019,Ituri | Nyankunde,Confirmed,0,0,0,8
2019-01-21,2019-01-14,14 Jan 2019 - 21 Jan 2019,Ituri | Nyankunde,Confirmed,0,0,0,7
2019-01-28,2019-01-21,21 Jan 2019 - 28 Jan 2019,Ituri | Nyankunde,Confirmed,0,0,0,7
2019-02-03,2019-01-28,28 Jan 2019 - 3 Feb 2019,Ituri | Nyankunde,Confirmed,0,0,0,6
2019-02-10,2019-02-03,3 Feb 2019 - 10 Feb 2019,Ituri | Nyankunde,Confirmed,0,0,0,7
2019-02-17,2019-02-10,10 Feb 2019 - 17 Feb 2019,Ituri | Nyankunde,Confirmed,0,0,0,7
2019-02-24,2019-02-17,17 Feb 2019 - 24 Feb 2019,Ituri | Nyankunde,Confirmed,0,0,0,7
2019-03-03,2019-02-24,24 Feb 2019 - 3 Mar 2019,Ituri | Nyankunde,Confirmed,0,0,0,7
2019-03-10,2019-03-03,3 Mar 2019 - 10 Mar 2019,Ituri | Nyankunde,Confirmed,0,0,0,7
2019-03-17,2019-03-10,10 Mar 2019 - 17 Mar 2019,Ituri | Nyankunde,Confirmed,0,0,0,7
2019-03-24,2019-03-17,17 Mar 2019 - 24 Mar 2019,Ituri | Nyankunde,Confirmed,0,0,0,7
2019-03-31,2019-03-24,24 Mar 2019 - 31 Mar 2019,Ituri | Nyankunde,Confirmed,0,0,0,7
2019-04-07,2019-03-31,31 Mar 2019 - 7 Apr 2019,Ituri | Nyankunde,Confirmed,0,0,0,7
2019-04-14,2019-04-07,7 Apr 2019 - 14 Apr 2019,Ituri | Nyankunde,Confirmed,0,0,0,7
2019-04-22,2019-04-14,14 Apr 2019 - 22 Apr 2019,Ituri | Nyankunde,Confirmed,0,0,0,8
2019-04-28,2019-04-22,22 Apr 2019 - 28 Apr 2019,Ituri | Nyankunde,Confirmed,0,0,0,6
2019-05-05,2019-04-28,28 Apr 2019 - 5 May 2019,Ituri | Nyankunde,Confirmed,0,0,0,7
2019-05-12,2019-05-05,5 May 2019 - 12 May 2019,Ituri | Nyankunde,Confirmed,0,0,0,7
2019-05-19,2019-05-12,12 May 2019 - 19 May 2019,Ituri | Nyankunde,Confirmed,0,0,0,7
2019-05-26,2019-05-19,19 May 2019 - 26 May 2019,Ituri | Nyankunde,Confirmed,0,0,0,7
2019-06-02,2019-05-26,26 May 2019 - 2 Jun 2019,Ituri | Nyankunde,Confirmed,0,0,0,7
2019-06-12,2019-06-02,2 Jun 2019 - 12 Jun 2019,Ituri | Nyankunde,Confirmed,0,0,0,10
2019-06-16,2019-06-12,12 Jun 2019 - 16 Jun 2019,Ituri | Nyankunde,Confirmed,0,0,0,4
2019-06-23,2019-06-16,16 Jun 2019 - 23 Jun 2019,Ituri | Nyankunde,Confirmed,0,0,0,7
2019-06-30,2019-06-23,23 Jun 2019 - 30 Jun 2019,Ituri | Nyankunde,Confirmed,0,0,0,7
2019-07-07,2019-06-30,30 Jun 2019 - 7 Jul 2019,Ituri | Nyankunde,Confirmed,0,0,0,7
2019-07-14,2019-07-07,7 Jul 2019 - 14 Jul 2019,Ituri | Nyankunde,Confirmed,0,0,0,7
2019-07-21,2019-07-14,14 Jul 2019 - 21 Jul 2019,Ituri | Nyankunde,Confirmed,0,0,0,7
2019-07-28,2019-07-21,21 Jul 2019 - 28 Jul 2019,Ituri | Nyankunde,Confirmed,0,0,0,7
2019-08-04,2019-07-28,28 Jul 2019 - 4 Aug 2019,Ituri | Nyankunde,Confirmed,0,0,0,7
2019-08-11,2019-08-04,4 Aug 2019 - 11 Aug 2019,Ituri | Nyankunde,Confirmed,0,0,0,7
2019-08-18,2019-08-11,11 Aug 2019 - 18 Aug 2019,Ituri | Nyankunde,Confirmed,0,0,0,7
2019-08-25,2019-08-18,18 Aug 2019 - 25 Aug 2019,Ituri | Nyankunde,Confirmed,0,0,0,7
2019-09-01,2019-08-25,25 Aug 2019 - 1 Sep 2019,Ituri | Nyankunde,Confirmed,0,0,0,7
2019-09-08,2019-09-01,1 Sep 2019 - 8 Sep 2019,Ituri | Nyankunde,Confirmed,0,0,0,7
2019-09-15,2019-09-08,8 Sep 2019 - 15 Sep 2019,Ituri | Nyankunde,Confirmed,0,0,0,7
2019-09-22,2019-09-15,15 Sep 2019 - 22 Sep 2019,Ituri | Nyankunde,Confirmed,0,0,0,7
2019-09-29,2019-09-22,22 Sep 2019 - 29 Sep 2019,Ituri | Nyankunde,Confirmed,0,0,0,7
2019-10-06,2019-09-29,29 Sep 2019 - 6 Oct 2019,Ituri | Nyankunde,Confirmed,0,0,0,7
2019-10-13,2019-10-06,6 Oct 2019 - 13 Oct 2019,Ituri | Nyankunde,Confirmed,1,0,0,7
2019-10-20,2019-10-13,13 Oct 2019 - 20 Oct 2019,Ituri | Nyankunde,Confirmed,0,0,0,7
2019-10-27,2019-10-20,20 Oct 2019 - 27 Oct 2019,Ituri | Nyankunde,Confirmed,0,0,0,7
2019-11-03,2019-10-27,27 Oct 2019 - 3 Nov 2019,Ituri | Nyankunde,Confirmed,0,0,0,7
2019-11-10,2019-11-03,3 Nov 2019 - 10 Nov 2019,Ituri | Nyankunde,Confirmed,0,0,0,7
2019-11-17,2019-11-10,10 Nov 2019 - 17 Nov 2019,Ituri | Nyankunde,Confirmed,0,0,0,7
2019-11-24,2019-11-17,17 Nov 2019 - 24 Nov 2019,Ituri | Nyankunde,Confirmed,0,0,0,7
2019-12-01,2019-11-24,24 Nov 2019 - 1 Dec 2019,Ituri | Nyankunde,Confirmed,0,0,0,7
2019-12-08,2019-12-01,1 Dec 2019 - 8 Dec 2019,Ituri | Nyankunde,Confirmed,0,0,0,7
2019-12-15,2019-12-08,8 Dec 2019 - 15 Dec 2019,Ituri | Nyankunde,Confirmed,0,0,0,7
2019-12-22,2019-12-15,15 Dec 2019 - 22 Dec 2019,Ituri | Nyankunde,Confirmed,0,0,0,7
2020-01-05,2019-12-22,22 Dec 2019 - 5 Jan 2020,Ituri | Nyankunde,Confirmed,0,0,0,14
2020-01-12,2020-01-05,5 Jan 2020 - 12 Jan 2020,Ituri | Nyankunde,Confirmed,0,0,0,7
2020-01-19,2020-01-12,12 Jan 2020 - 19 Jan 2020,Ituri | Nyankunde,Confirmed,0,0,0,7
2020-01-26,2020-01-19,19 Jan 2020 - 26 Jan 2020,Ituri | Nyankunde,Confirmed,0,0,0,7
2018-08-05,,unknown - 5 August 2018,Ituri | Nyankunde,Probable,0,0,1,
2018-08-12,2018-08-05,5 Aug 2018 - 12 Aug 2018,Ituri | Nyankunde,Probable,0,0,0,7
2018-08-20,2018-08-12,12 Aug 2018 - 20 Aug 2018,Ituri | Nyankunde,Probable,0,0,0,8
2018-08-26,2018-08-20,20 Aug 2018 - 26 Aug 2018,Ituri | Nyankunde,Probable,0,0,0,6
2018-09-02,2018-08-26,26 Aug 2018 - 2 Sep 2018,Ituri | Nyankunde,Probable,0,0,0,7
2018-09-09,2018-09-02,2 Sep 2018 - 9 Sep 2018,Ituri | Nyankunde,Probable,0,0,0,7
2018-09-16,2018-09-09,9 Sep 2018 - 16 Sep 2018,Ituri | Nyankunde,Probable,0,0,0,7
2018-09-23,2018-09-16,16 Sep 2018 - 23 Sep 2018,Ituri | Nyankunde,Probable,0,0,0,7
2018-10-02,2018-09-23,23 Sep 2018 - 2 Oct 2018,Ituri | Nyankunde,Probable,0,0,0,9
2018-10-07,2018-10-02,2 Oct 2018 - 7 Oct 2018,Ituri | Nyankunde,Probable,0,0,0,5
2018-10-15,2018-10-07,7 Oct 2018 - 15 Oct 2018,Ituri | Nyankunde,Probable,0,0,0,8
2018-10-21,2018-10-15,15 Oct 2018 - 21 Oct 2018,Ituri | Nyankunde,Probable,0,0,0,6
2018-10-28,2018-10-21,21 Oct 2018 - 28 Oct 2018,Ituri | Nyankunde,Probable,0,0,0,7
2018-11-04,2018-10-28,28 Oct 2018 - 4 Nov 2018,Ituri | Nyankunde,Probable,0,0,0,7
2018-11-11,2018-11-04,4 Nov 2018 - 11 Nov 2018,Ituri | Nyankunde,Probable,0,0,0,7
2018-11-19,2018-11-11,11 Nov 2018 - 19 Nov 2018,Ituri | Nyankunde,Probable,0,0,0,8
2018-11-26,2018-11-19,19 Nov 2018 - 26 Nov 2018,Ituri | Nyankunde,Probable,0,0,0,7
2018-12-03,2018-11-26,26 Nov 2018 - 3 Dec 2018,Ituri | Nyankunde,Probable,0,0,0,7
2018-12-10,2018-12-03,3 Dec 2018 - 10 Dec 2018,Ituri | Nyankunde,Probable,0,0,0,7
2018-12-16,2018-12-10,10 Dec 2018 - 16 Dec 2018,Ituri | Nyankunde,Probable,0,0,0,6
2018-12-25,2018-12-16,16 Dec 2018 - 25 Dec 2018,Ituri | Nyankunde,Probable,0,0,0,9
2019-01-01,2018-12-25,25 Dec 2018 - 1 Jan 2019,Ituri | Nyankunde,Probable,0,0,0,7
2019-01-06,2019-01-01,1 Jan 2019 - 6 Jan 2019,Ituri | Nyankunde,Probable,0,0,0,5
2019-01-14,2019-01-06,6 Jan 2019 - 14 Jan 2019,Ituri | Nyankunde,Probable,0,0,0,8
2019-01-21,2019-01-14,14 Jan 2019 - 21 Jan 2019,Ituri | Nyankunde,Probable,0,0,0,7
2019-01-28,2019-01-21,21 Jan 2019 - 28 Jan 2019,Ituri | Nyankunde,Probable,0,0,0,7
2019-02-03,2019-01-28,28 Jan 2019 - 3 Feb 2019,Ituri | Nyankunde,Probable,0,0,0,6
2019-02-10,2019-02-03,3 Feb 2019 - 10 Feb 2019,Ituri | Nyankunde,Probable,0,0,0,7
2019-02-17,2019-02-10,10 Feb 2019 - 17 Feb 2019,Ituri | Nyankunde,Probable,0,0,0,7
2019-02-24,2019-02-17,17 Feb 2019 - 24 Feb 2019,Ituri | Nyankunde,Probable,0,0,0,7
2019-03-03,2019-02-24,24 Feb 2019 - 3 Mar 2019,Ituri | Nyankunde,Probable,0,0,0,7
2019-03-10,2019-03-03,3 Mar 2019 - 10 Mar 2019,Ituri | Nyankunde,Probable,0,0,0,7
2019-03-17,2019-03-10,10 Mar 2019 - 17 Mar 2019,Ituri | Nyankunde,Probable,0,0,0,7
2019-03-24,2019-03-17,17 Mar 2019 - 24 Mar 2019,Ituri | Nyankunde,Probable,0,0,0,7
2019-03-31,2019-03-24,24 Mar 2019 - 31 Mar 2019,Ituri | Nyankunde,Probable,0,0,0,7
2019-04-07,2019-03-31,31 Mar 2019 - 7 Apr 2019,Ituri | Nyankunde,Probable,0,0,0,7
2019-04-14,2019-04-07,7 Apr 2019 - 14 Apr 2019,Ituri | Nyankunde,Probable,0,0,0,7
2019-04-22,2019-04-14,14 Apr 2019 - 22 Apr 2019,Ituri | Nyankunde,Probable,0,0,0,8
2019-04-28,2019-04-22,22 Apr 2019 - 28 Apr 2019,Ituri | Nyankunde,Probable,0,0,0,6
2019-05-05,2019-04-28,28 Apr 2019 - 5 May 2019,Ituri | Nyankunde,Probable,0,0,0,7
2019-05-12,2019-05-05,5 May 2019 - 12 May 2019,Ituri | Nyankunde,Probable,0,0,0,7
2019-05-19,2019-05-12,12 May 2019 - 19 May 2019,Ituri | Nyankunde,Probable,0,0,0,7
2019-05-26,2019-05-19,19 May 2019 - 26 May 2019,Ituri | Nyankunde,Probable,0,0,0,7
2019-06-02,2019-05-26,26 May 2019 - 2 Jun 2019,Ituri | Nyankunde,Probable,0,0,0,7
2019-06-12,2019-06-02,2 Jun 2019 - 12 Jun 2019,Ituri | Nyankunde,Probable,0,0,0,10
2019-06-16,2019-06-12,12 Jun 2019 - 16 Jun 2019,Ituri | Nyankunde,Probable,0,0,0,4
2019-06-23,2019-06-16,16 Jun 2019 - 23 Jun 2019,Ituri | Nyankunde,Probable,0,0,0,7
2019-06-30,2019-06-23,23 Jun 2019 - 30 Jun 2019,Ituri | Nyankunde,Probable,0,0,0,7
2019-07-07,2019-06-30,30 Jun 2019 - 7 Jul 2019,Ituri | Nyankunde,Probable,0,0,0,7
2019-07-14,2019-07-07,7 Jul 2019 - 14 Jul 2019,Ituri | Nyankunde,Probable,0,0,0,7
2019-07-21,2019-07-14,14 Jul 2019 - 21 Jul 2019,Ituri | Nyankunde,Probable,0,0,0,7
2019-07-28,2019-07-21,21 Jul 2019 - 28 Jul 2019,Ituri | Nyankunde,Probable,0,0,0,7
2019-08-04,2019-07-28,28 Jul 2019 - 4 Aug 2019,Ituri | Nyankunde,Probable,0,0,0,7
2019-08-11,2019-08-04,4 Aug 2019 - 11 Aug 2019,Ituri | Nyankunde,Probable,0,0,0,7
2019-08-18,2019-08-11,11 Aug 2019 - 18 Aug 2019,Ituri | Nyankunde,Probable,0,0,0,7
2019-08-25,2019-08-18,18 Aug 2019 - 25 Aug 2019,Ituri | Nyankunde,Probable,0,0,0,7
2019-09-01,2019-08-25,25 Aug 2019 - 1 Sep 2019,Ituri | Nyankunde,Probable,0,0,0,7
2019-09-08,2019-09-01,1 Sep 2019 - 8 Sep 2019,Ituri | Nyankunde,Probable,0,0,0,7
2019-09-15,2019-09-08,8 Sep 2019 - 15 Sep 2019,Ituri | Nyankunde,Probable,0,0,0,7
2019-09-22,2019-09-15,15 Sep 2019 - 22 Sep 2019,Ituri | Nyankunde,Probable,0,0,0,7
2019-09-29,2019-09-22,22 Sep 2019 - 29 Sep 2019,Ituri | Nyankunde,Probable,0,0,0,7
2019-10-06,2019-09-29,29 Sep 2019 - 6 Oct 2019,Ituri | Nyankunde,Probable,0,0,0,7
2019-10-13,2019-10-06,6 Oct 2019 - 13 Oct 2019,Ituri | Nyankunde,Probable,0,0,0,7
2019-10-20,2019-10-13,13 Oct 2019 - 20 Oct 2019,Ituri | Nyankunde,Probable,0,0,0,7
2019-10-27,2019-10-20,20 Oct 2019 - 27 Oct 2019,Ituri | Nyankunde,Probable,0,0,0,7
2019-11-03,2019-10-27,27 Oct 2019 - 3 Nov 2019,Ituri | Nyankunde,Probable,0,0,0,7
2019-11-10,2019-11-03,3 Nov 2019 - 10 Nov 2019,Ituri | Nyankunde,Probable,0,0,0,7
2019-11-17,2019-11-10,10 Nov 2019 - 17 Nov 2019,Ituri | Nyankunde,Probable,0,0,0,7
2019-11-24,2019-11-17,17 Nov 2019 - 24 Nov 2019,Ituri | Nyankunde,Probable,0,0,0,7
2019-12-01,2019-11-24,24 Nov 2019 - 1 Dec 2019,Ituri | Nyankunde,Probable,0,0,0,7
2019-12-08,2019-12-01,1 Dec 2019 - 8 Dec 2019,Ituri | Nyankunde,Probable,0,0,0,7
2019-12-15,2019-12-08,8 Dec 2019 - 15 Dec 2019,Ituri | Nyankunde,Probable,0,0,0,7
2019-12-22,2019-12-15,15 Dec 2019 - 22 Dec 2019,Ituri | Nyankunde,Probable,0,0,0,7
2020-01-05,2019-12-22,22 Dec 2019 - 5 Jan 2020,Ituri | Nyankunde,Probable,0,0,0,14
2020-01-12,2020-01-05,5 Jan 2020 - 12 Jan 2020,Ituri | Nyankunde,Probable,0,0,0,7
2020-01-19,2020-01-12,12 Jan 2020 - 19 Jan 2020,Ituri | Nyankunde,Probable,0,0,0,7
2020-01-26,2020-01-19,19 Jan 2020 - 26 Jan 2020,Ituri | Nyankunde,Probable,0,0,0,7
2018-08-05,,unknown - 5 August 2018,Ituri | Rwampara,Confirmed,0,0,1,
2018-08-12,2018-08-05,5 Aug 2018 - 12 Aug 2018,Ituri | Rwampara,Confirmed,0,0,0,7
2018-08-20,2018-08-12,12 Aug 2018 - 20 Aug 2018,Ituri | Rwampara,Confirmed,0,0,0,8
2018-08-26,2018-08-20,20 Aug 2018 - 26 Aug 2018,Ituri | Rwampara,Confirmed,0,0,0,6
2018-09-02,2018-08-26,26 Aug 2018 - 2 Sep 2018,Ituri | Rwampara,Confirmed,0,0,0,7
2018-09-09,2018-09-02,2 Sep 2018 - 9 Sep 2018,Ituri | Rwampara,Confirmed,0,0,0,7
2018-09-16,2018-09-09,9 Sep 2018 - 16 Sep 2018,Ituri | Rwampara,Confirmed,0,0,0,7
2018-09-23,2018-09-16,16 Sep 2018 - 23 Sep 2018,Ituri | Rwampara,Confirmed,0,0,0,7
2018-10-02,2018-09-23,23 Sep 2018 - 2 Oct 2018,Ituri | Rwampara,Confirmed,0,0,0,9
2018-10-07,2018-10-02,2 Oct 2018 - 7 Oct 2018,Ituri | Rwampara,Confirmed,0,0,0,5
2018-10-15,2018-10-07,7 Oct 2018 - 15 Oct 2018,Ituri | Rwampara,Confirmed,0,0,0,8
2018-10-21,2018-10-15,15 Oct 2018 - 21 Oct 2018,Ituri | Rwampara,Confirmed,0,0,0,6
2018-10-28,2018-10-21,21 Oct 2018 - 28 Oct 2018,Ituri | Rwampara,Confirmed,0,0,0,7
2018-11-04,2018-10-28,28 Oct 2018 - 4 Nov 2018,Ituri | Rwampara,Confirmed,0,0,0,7
2018-11-11,2018-11-04,4 Nov 2018 - 11 Nov 2018,Ituri | Rwampara,Confirmed,0,0,0,7
2018-11-19,2018-11-11,11 Nov 2018 - 19 Nov 2018,Ituri | Rwampara,Confirmed,0,0,0,8
2018-11-26,2018-11-19,19 Nov 2018 - 26 Nov 2018,Ituri | Rwampara,Confirmed,0,0,0,7
2018-12-03,2018-11-26,26 Nov 2018 - 3 Dec 2018,Ituri | Rwampara,Confirmed,0,0,0,7
2018-12-10,2018-12-03,3 Dec 2018 - 10 Dec 2018,Ituri | Rwampara,Confirmed,0,0,0,7
2018-12-16,2018-12-10,10 Dec 2018 - 16 Dec 2018,Ituri | Rwampara,Confirmed,0,0,0,6
2018-12-25,2018-12-16,16 Dec 2018 - 25 Dec 2018,Ituri | Rwampara,Confirmed,0,0,0,9
2019-01-01,2018-12-25,25 Dec 2018 - 1 Jan 2019,Ituri | Rwampara,Confirmed,0,0,0,7
2019-01-06,2019-01-01,1 Jan 2019 - 6 Jan 2019,Ituri | Rwampara,Confirmed,0,0,0,5
2019-01-14,2019-01-06,6 Jan 2019 - 14 Jan 2019,Ituri | Rwampara,Confirmed,0,0,0,8
2019-01-21,2019-01-14,14 Jan 2019 - 21 Jan 2019,Ituri | Rwampara,Confirmed,0,0,0,7
2019-01-28,2019-01-21,21 Jan 2019 - 28 Jan 2019,Ituri | Rwampara,Confirmed,0,0,0,7
2019-02-03,2019-01-28,28 Jan 2019 - 3 Feb 2019,Ituri | Rwampara,Confirmed,0,0,0,6
2019-02-10,2019-02-03,3 Feb 2019 - 10 Feb 2019,Ituri | Rwampara,Confirmed,0,0,0,7
2019-02-17,2019-02-10,10 Feb 2019 - 17 Feb 2019,Ituri | Rwampara,Confirmed,0,0,0,7
2019-02-24,2019-02-17,17 Feb 2019 - 24 Feb 2019,Ituri | Rwampara,Confirmed,1,0,0,7
2019-03-03,2019-02-24,24 Feb 2019 - 3 Mar 2019,Ituri | Rwampara,Confirmed,0,0,0,7
2019-03-10,2019-03-03,3 Mar 2019 - 10 Mar 2019,Ituri | Rwampara,Confirmed,0,0,0,7
2019-03-17,2019-03-10,10 Mar 2019 - 17 Mar 2019,Ituri | Rwampara,Confirmed,0,0,0,7
2019-03-24,2019-03-17,17 Mar 2019 - 24 Mar 2019,Ituri | Rwampara,Confirmed,0,0,0,7
2019-03-31,2019-03-24,24 Mar 2019 - 31 Mar 2019,Ituri | Rwampara,Confirmed,1,0,0,7
2019-04-07,2019-03-31,31 Mar 2019 - 7 Apr 2019,Ituri | Rwampara,Confirmed,-1,1,0,7
2019-04-14,2019-04-07,7 Apr 2019 - 14 Apr 2019,Ituri | Rwampara,Confirmed,0,0,0,7
2019-04-22,2019-04-14,14 Apr 2019 - 22 Apr 2019,Ituri | Rwampara,Confirmed,0,0,0,8
2019-04-28,2019-04-22,22 Apr 2019 - 28 Apr 2019,Ituri | Rwampara,Confirmed,0,0,0,6
2019-05-05,2019-04-28,28 Apr 2019 - 5 May 2019,Ituri | Rwampara,Confirmed,0,0,0,7
2019-05-12,2019-05-05,5 May 2019 - 12 May 2019,Ituri | Rwampara,Confirmed,0,0,0,7
2019-05-19,2019-05-12,12 May 2019 - 19 May 2019,Ituri | Rwampara,Confirmed,0,0,0,7
2019-05-26,2019-05-19,19 May 2019 - 26 May 2019,Ituri | Rwampara,Confirmed,0,0,0,7
2019-06-02,2019-05-26,26 May 2019 - 2 Jun 2019,Ituri | Rwampara,Confirmed,0,0,0,7
2019-06-12,2019-06-02,2 Jun 2019 - 12 Jun 2019,Ituri | Rwampara,Confirmed,1,0,0,10
2019-06-16,2019-06-12,12 Jun 2019 - 16 Jun 2019,Ituri | Rwampara,Confirmed,4,0,0,4
2019-06-23,2019-06-16,16 Jun 2019 - 23 Jun 2019,Ituri | Rwampara,Confirmed,1,0,0,7
2019-06-30,2019-06-23,23 Jun 2019 - 30 Jun 2019,Ituri | Rwampara,Confirmed,1,0,0,7
2019-07-07,2019-06-30,30 Jun 2019 - 7 Jul 2019,Ituri | Rwampara,Confirmed,0,0,0,7
2019-07-14,2019-07-07,7 Jul 2019 - 14 Jul 2019,Ituri | Rwampara,Confirmed,0,0,0,7
2019-07-21,2019-07-14,14 Jul 2019 - 21 Jul 2019,Ituri | Rwampara,Confirmed,0,0,0,7
2019-07-28,2019-07-21,21 Jul 2019 - 28 Jul 2019,Ituri | Rwampara,Confirmed,0,0,0,7
2019-08-04,2019-07-28,28 Jul 2019 - 4 Aug 2019,Ituri | Rwampara,Confirmed,0,0,0,7
2019-08-11,2019-08-04,4 Aug 2019 - 11 Aug 2019,Ituri | Rwampara,Confirmed,0,0,0,7
2019-08-18,2019-08-11,11 Aug 2019 - 18 Aug 2019,Ituri | Rwampara,Confirmed,0,0,0,7
2019-08-25,2019-08-18,18 Aug 2019 - 25 Aug 2019,Ituri | Rwampara,Confirmed,0,0,0,7
2019-09-01,2019-08-25,25 Aug 2019 - 1 Sep 2019,Ituri | Rwampara,Confirmed,0,0,0,7
2019-09-08,2019-09-01,1 Sep 2019 - 8 Sep 2019,Ituri | Rwampara,Confirmed,0,0,0,7
2019-09-15,2019-09-08,8 Sep 2019 - 15 Sep 2019,Ituri | Rwampara,Confirmed,0,0,0,7
2019-09-22,2019-09-15,15 Sep 2019 - 22 Sep 2019,Ituri | Rwampara,Confirmed,0,0,0,7
2019-09-29,2019-09-22,22 Sep 2019 - 29 Sep 2019,Ituri | Rwampara,Confirmed,0,0,0,7
2019-10-06,2019-09-29,29 Sep 2019 - 6 Oct 2019,Ituri | Rwampara,Confirmed,0,0,0,7
2019-10-13,2019-10-06,6 Oct 2019 - 13 Oct 2019,Ituri | Rwampara,Confirmed,0,0,0,7
2019-10-20,2019-10-13,13 Oct 2019 - 20 Oct 2019,Ituri | Rwampara,Confirmed,0,0,0,7
2019-10-27,2019-10-20,20 Oct 2019 - 27 Oct 2019,Ituri | Rwampara,Confirmed,0,0,0,7
2019-11-03,2019-10-27,27 Oct 2019 - 3 Nov 2019,Ituri | Rwampara,Confirmed,0,0,0,7
2019-11-10,2019-11-03,3 Nov 2019 - 10 Nov 2019,Ituri | Rwampara,Confirmed,0,0,0,7
2019-11-17,2019-11-10,10 Nov 2019 - 17 Nov 2019,Ituri | Rwampara,Confirmed,0,0,0,7
2019-11-24,2019-11-17,17 Nov 2019 - 24 Nov 2019,Ituri | Rwampara,Confirmed,0,0,0,7
2019-12-01,2019-11-24,24 Nov 2019 - 1 Dec 2019,Ituri | Rwampara,Confirmed,0,0,0,7
2019-12-08,2019-12-01,1 Dec 2019 - 8 Dec 2019,Ituri | Rwampara,Confirmed,0,0,0,7
2019-12-15,2019-12-08,8 Dec 2019 - 15 Dec 2019,Ituri | Rwampara,Confirmed,0,0,0,7
2019-12-22,2019-12-15,15 Dec 2019 - 22 Dec 2019,Ituri | Rwampara,Confirmed,0,0,0,7
2020-01-05,2019-12-22,22 Dec 2019 - 5 Jan 2020,Ituri | Rwampara,Confirmed,0,0,0,14
2020-01-12,2020-01-05,5 Jan 2020 - 12 Jan 2020,Ituri | Rwampara,Confirmed,0,0,0,7
2020-01-19,2020-01-12,12 Jan 2020 - 19 Jan 2020,Ituri | Rwampara,Confirmed,0,0,0,7
2020-01-26,2020-01-19,19 Jan 2020 - 26 Jan 2020,Ituri | Rwampara,Confirmed,0,0,0,7
2018-08-05,,unknown - 5 August 2018,Ituri | Rwampara,Probable,0,0,1,
2018-08-12,2018-08-05,5 Aug 2018 - 12 Aug 2018,Ituri | Rwampara,Probable,0,0,0,7
2018-08-20,2018-08-12,12 Aug 2018 - 20 Aug 2018,Ituri | Rwampara,Probable,0,0,0,8
2018-08-26,2018-08-20,20 Aug 2018 - 26 Aug 2018,Ituri | Rwampara,Probable,0,0,0,6
2018-09-02,2018-08-26,26 Aug 2018 - 2 Sep 2018,Ituri | Rwampara,Probable,0,0,0,7
2018-09-09,2018-09-02,2 Sep 2018 - 9 Sep 2018,Ituri | Rwampara,Probable,0,0,0,7
2018-09-16,2018-09-09,9 Sep 2018 - 16 Sep 2018,Ituri | Rwampara,Probable,0,0,0,7
2018-09-23,2018-09-16,16 Sep 2018 - 23 Sep 2018,Ituri | Rwampara,Probable,0,0,0,7
2018-10-02,2018-09-23,23 Sep 2018 - 2 Oct 2018,Ituri | Rwampara,Probable,0,0,0,9
2018-10-07,2018-10-02,2 Oct 2018 - 7 Oct 2018,Ituri | Rwampara,Probable,0,0,0,5
2018-10-15,2018-10-07,7 Oct 2018 - 15 Oct 2018,Ituri | Rwampara,Probable,0,0,0,8
2018-10-21,2018-10-15,15 Oct 2018 - 21 Oct 2018,Ituri | Rwampara,Probable,0,0,0,6
2018-10-28,2018-10-21,21 Oct 2018 - 28 Oct 2018,Ituri | Rwampara,Probable,0,0,0,7
2018-11-04,2018-10-28,28 Oct 2018 - 4 Nov 2018,Ituri | Rwampara,Probable,0,0,0,7
2018-11-11,2018-11-04,4 Nov 2018 - 11 Nov 2018,Ituri | Rwampara,Probable,0,0,0,7
2018-11-19,2018-11-11,11 Nov 2018 - 19 Nov 2018,Ituri | Rwampara,Probable,0,0,0,8
2018-11-26,2018-11-19,19 Nov 2018 - 26 Nov 2018,Ituri | Rwampara,Probable,0,0,0,7
2018-12-03,2018-11-26,26 Nov 2018 - 3 Dec 2018,Ituri | Rwampara,Probable,0,0,0,7
2018-12-10,2018-12-03,3 Dec 2018 - 10 Dec 2018,Ituri | Rwampara,Probable,0,0,0,7
2018-12-16,2018-12-10,10 Dec 2018 - 16 Dec 2018,Ituri | Rwampara,Probable,0,0,0,6
2018-12-25,2018-12-16,16 Dec 2018 - 25 Dec 2018,Ituri | Rwampara,Probable,0,0,0,9
2019-01-01,2018-12-25,25 Dec 2018 - 1 Jan 2019,Ituri | Rwampara,Probable,0,0,0,7
2019-01-06,2019-01-01,1 Jan 2019 - 6 Jan 2019,Ituri | Rwampara,Probable,0,0,0,5
2019-01-14,2019-01-06,6 Jan 2019 - 14 Jan 2019,Ituri | Rwampara,Probable,0,0,0,8
2019-01-21,2019-01-14,14 Jan 2019 - 21 Jan 2019,Ituri | Rwampara,Probable,0,0,0,7
2019-01-28,2019-01-21,21 Jan 2019 - 28 Jan 2019,Ituri | Rwampara,Probable,0,0,0,7
2019-02-03,2019-01-28,28 Jan 2019 - 3 Feb 2019,Ituri | Rwampara,Probable,0,0,0,6
2019-02-10,2019-02-03,3 Feb 2019 - 10 Feb 2019,Ituri | Rwampara,Probable,0,0,0,7
2019-02-17,2019-02-10,10 Feb 2019 - 17 Feb 2019,Ituri | Rwampara,Probable,0,0,0,7
2019-02-24,2019-02-17,17 Feb 2019 - 24 Feb 2019,Ituri | Rwampara,Probable,0,0,0,7
2019-03-03,2019-02-24,24 Feb 2019 - 3 Mar 2019,Ituri | Rwampara,Probable,0,0,0,7
2019-03-10,2019-03-03,3 Mar 2019 - 10 Mar 2019,Ituri | Rwampara,Probable,0,0,0,7
2019-03-17,2019-03-10,10 Mar 2019 - 17 Mar 2019,Ituri | Rwampara,Probable,0,0,0,7
2019-03-24,2019-03-17,17 Mar 2019 - 24 Mar 2019,Ituri | Rwampara,Probable,0,0,0,7
2019-03-31,2019-03-24,24 Mar 2019 - 31 Mar 2019,Ituri | Rwampara,Probable,0,0,0,7
2019-04-07,2019-03-31,31 Mar 2019 - 7 Apr 2019,Ituri | Rwampara,Probable,0,0,0,7
2019-04-14,2019-04-07,7 Apr 2019 - 14 Apr 2019,Ituri | Rwampara,Probable,0,0,0,7
2019-04-22,2019-04-14,14 Apr 2019 - 22 Apr 2019,Ituri | Rwampara,Probable,0,0,0,8
2019-04-28,2019-04-22,22 Apr 2019 - 28 Apr 2019,Ituri | Rwampara,Probable,0,0,0,6
2019-05-05,2019-04-28,28 Apr 2019 - 5 May 2019,Ituri | Rwampara,Probable,0,0,0,7
2019-05-12,2019-05-05,5 May 2019 - 12 May 2019,Ituri | Rwampara,Probable,0,0,0,7
2019-05-19,2019-05-12,12 May 2019 - 19 May 2019,Ituri | Rwampara,Probable,0,0,0,7
2019-05-26,2019-05-19,19 May 2019 - 26 May 2019,Ituri | Rwampara,Probable,0,0,0,7
2019-06-02,2019-05-26,26 May 2019 - 2 Jun 2019,Ituri | Rwampara,Probable,0,0,0,7
2019-06-12,2019-06-02,2 Jun 2019 - 12 Jun 2019,Ituri | Rwampara,Probable,0,0,0,10
2019-06-16,2019-06-12,12 Jun 2019 - 16 Jun 2019,Ituri | Rwampara,Probable,0,0,0,4
2019-06-23,2019-06-16,16 Jun 2019 - 23 Jun 2019,Ituri | Rwampara,Probable,0,0,0,7
2019-06-30,2019-06-23,23 Jun 2019 - 30 Jun 2019,Ituri | Rwampara,Probable,0,0,0,7
2019-07-07,2019-06-30,30 Jun 2019 - 7 Jul 2019,Ituri | Rwampara,Probable,0,0,0,7
2019-07-14,2019-07-07,7 Jul 2019 - 14 Jul 2019,Ituri | Rwampara,Probable,0,0,0,7
2019-07-21,2019-07-14,14 Jul 2019 - 21 Jul 2019,Ituri | Rwampara,Probable,0,0,0,7
2019-07-28,2019-07-21,21 Jul 2019 - 28 Jul 2019,Ituri | Rwampara,Probable,0,0,0,7
2019-08-04,2019-07-28,28 Jul 2019 - 4 Aug 2019,Ituri | Rwampara,Probable,0,0,0,7
2019-08-11,2019-08-04,4 Aug 2019 - 11 Aug 2019,Ituri | Rwampara,Probable,0,0,0,7
2019-08-18,2019-08-11,11 Aug 2019 - 18 Aug 2019,Ituri | Rwampara,Probable,0,0,0,7
2019-08-25,2019-08-18,18 Aug 2019 - 25 Aug 2019,Ituri | Rwampara,Probable,0,0,0,7
2019-09-01,2019-08-25,25 Aug 2019 - 1 Sep 2019,Ituri | Rwampara,Probable,0,0,0,7
2019-09-08,2019-09-01,1 Sep 2019 - 8 Sep 2019,Ituri | Rwampara,Probable,0,0,0,7
2019-09-15,2019-09-08,8 Sep 2019 - 15 Sep 2019,Ituri | Rwampara,Probable,0,0,0,7
2019-09-22,2019-09-15,15 Sep 2019 - 22 Sep 2019,Ituri | Rwampara,Probable,0,0,0,7
2019-09-29,2019-09-22,22 Sep 2019 - 29 Sep 2019,Ituri | Rwampara,Probable,0,0,0,7
2019-10-06,2019-09-29,29 Sep 2019 - 6 Oct 2019,Ituri | Rwampara,Probable,0,0,0,7
2019-10-13,2019-10-06,6 Oct 2019 - 13 Oct 2019,Ituri | Rwampara,Probable,0,0,0,7
2019-10-20,2019-10-13,13 Oct 2019 - 20 Oct 2019,Ituri | Rwampara,Probable,0,0,0,7
2019-10-27,2019-10-20,20 Oct 2019 - 27 Oct 2019,Ituri | Rwampara,Probable,0,0,0,7
2019-11-03,2019-10-27,27 Oct 2019 - 3 Nov 2019,Ituri | Rwampara,Probable,0,0,0,7
2019-11-10,2019-11-03,3 Nov 2019 - 10 Nov 2019,Ituri | Rwampara,Probable,0,0,0,7
2019-11-17,2019-11-10,10 Nov 2019 - 17 Nov 2019,Ituri | Rwampara,Probable,0,0,0,7
2019-11-24,2019-11-17,17 Nov 2019 - 24 Nov 2019,Ituri | Rwampara,Probable,0,0,0,7
2019-12-01,2019-11-24,24 Nov 2019 - 1 Dec 2019,Ituri | Rwampara,Probable,0,0,0,7
2019-12-08,2019-12-01,1 Dec 2019 - 8 Dec 2019,Ituri | Rwampara,Probable,0,0,0,7
2019-12-15,2019-12-08,8 Dec 2019 - 15 Dec 2019,Ituri | Rwampara,Probable,0,0,0,7
2019-12-22,2019-12-15,15 Dec 2019 - 22 Dec 2019,Ituri | Rwampara,Probable,0,0,0,7
2020-01-05,2019-12-22,22 Dec 2019 - 5 Jan 2020,Ituri | Rwampara,Probable,0,0,0,14
2020-01-12,2020-01-05,5 Jan 2020 - 12 Jan 2020,Ituri | Rwampara,Probable,0,0,0,7
2020-01-19,2020-01-12,12 Jan 2020 - 19 Jan 2020,Ituri | Rwampara,Probable,0,0,0,7
2020-01-26,2020-01-19,19 Jan 2020 - 26 Jan 2020,Ituri | Rwampara,Probable,0,0,0,7
2018-08-05,,unknown - 5 August 2018,Ituri | Tchomia,Confirmed,0,0,1,
2018-08-12,2018-08-05,5 Aug 2018 - 12 Aug 2018,Ituri | Tchomia,Confirmed,0,0,0,7
2018-08-20,2018-08-12,12 Aug 2018 - 20 Aug 2018,Ituri | Tchomia,Confirmed,0,0,0,8
2018-08-26,2018-08-20,20 Aug 2018 - 26 Aug 2018,Ituri | Tchomia,Confirmed,0,0,0,6
2018-09-02,2018-08-26,26 Aug 2018 - 2 Sep 2018,Ituri | Tchomia,Confirmed,0,0,0,7
2018-09-09,2018-09-02,2 Sep 2018 - 9 Sep 2018,Ituri | Tchomia,Confirmed,0,0,0,7
2018-09-16,2018-09-09,9 Sep 2018 - 16 Sep 2018,Ituri | Tchomia,Confirmed,0,0,0,7
2018-09-23,2018-09-16,16 Sep 2018 - 23 Sep 2018,Ituri | Tchomia,Confirmed,2,0,0,7
2018-10-02,2018-09-23,23 Sep 2018 - 2 Oct 2018,Ituri | Tchomia,Confirmed,0,0,0,9
2018-10-07,2018-10-02,2 Oct 2018 - 7 Oct 2018,Ituri | Tchomia,Confirmed,0,0,0,5
2018-10-15,2018-10-07,7 Oct 2018 - 15 Oct 2018,Ituri | Tchomia,Confirmed,0,0,0,8
2018-10-21,2018-10-15,15 Oct 2018 - 21 Oct 2018,Ituri | Tchomia,Confirmed,0,0,0,6
2018-10-28,2018-10-21,21 Oct 2018 - 28 Oct 2018,Ituri | Tchomia,Confirmed,0,0,0,7
2018-11-04,2018-10-28,28 Oct 2018 - 4 Nov 2018,Ituri | Tchomia,Confirmed,0,0,0,7
2018-11-11,2018-11-04,4 Nov 2018 - 11 Nov 2018,Ituri | Tchomia,Confirmed,0,0,0,7
2018-11-19,2018-11-11,11 Nov 2018 - 19 Nov 2018,Ituri | Tchomia,Confirmed,0,0,0,8
2018-11-26,2018-11-19,19 Nov 2018 - 26 Nov 2018,Ituri | Tchomia,Confirmed,0,0,0,7
2018-12-03,2018-11-26,26 Nov 2018 - 3 Dec 2018,Ituri | Tchomia,Confirmed,0,0,0,7
2018-12-10,2018-12-03,3 Dec 2018 - 10 Dec 2018,Ituri | Tchomia,Confirmed,0,0,0,7
2018-12-16,2018-12-10,10 Dec 2018 - 16 Dec 2018,Ituri | Tchomia,Confirmed,0,0,0,6
2018-12-25,2018-12-16,16 Dec 2018 - 25 Dec 2018,Ituri | Tchomia,Confirmed,0,0,0,9
2019-01-01,2018-12-25,25 Dec 2018 - 1 Jan 2019,Ituri | Tchomia,Confirmed,0,0,0,7
2019-01-06,2019-01-01,1 Jan 2019 - 6 Jan 2019,Ituri | Tchomia,Confirmed,0,0,0,5
2019-01-14,2019-01-06,6 Jan 2019 - 14 Jan 2019,Ituri | Tchomia,Confirmed,0,0,0,8
2019-01-21,2019-01-14,14 Jan 2019 - 21 Jan 2019,Ituri | Tchomia,Confirmed,0,0,0,7
2019-01-28,2019-01-21,21 Jan 2019 - 28 Jan 2019,Ituri | Tchomia,Confirmed,0,0,0,7
2019-02-03,2019-01-28,28 Jan 2019 - 3 Feb 2019,Ituri | Tchomia,Confirmed,0,0,0,6
2019-02-10,2019-02-03,3 Feb 2019 - 10 Feb 2019,Ituri | Tchomia,Confirmed,0,0,0,7
2019-02-17,2019-02-10,10 Feb 2019 - 17 Feb 2019,Ituri | Tchomia,Confirmed,0,0,0,7
2019-02-24,2019-02-17,17 Feb 2019 - 24 Feb 2019,Ituri | Tchomia,Confirmed,0,0,0,7
2019-03-03,2019-02-24,24 Feb 2019 - 3 Mar 2019,Ituri | Tchomia,Confirmed,0,0,0,7
2019-03-10,2019-03-03,3 Mar 2019 - 10 Mar 2019,Ituri | Tchomia,Confirmed,0,0,0,7
2019-03-17,2019-03-10,10 Mar 2019 - 17 Mar 2019,Ituri | Tchomia,Confirmed,0,0,0,7
2019-03-24,2019-03-17,17 Mar 2019 - 24 Mar 2019,Ituri | Tchomia,Confirmed,0,0,0,7
2019-03-31,2019-03-24,24 Mar 2019 - 31 Mar 2019,Ituri | Tchomia,Confirmed,-1,1,0,7
2019-04-07,2019-03-31,31 Mar 2019 - 7 Apr 2019,Ituri | Tchomia,Confirmed,1,0,0,7
2019-04-14,2019-04-07,7 Apr 2019 - 14 Apr 2019,Ituri | Tchomia,Confirmed,0,0,0,7
2019-04-22,2019-04-14,14 Apr 2019 - 22 Apr 2019,Ituri | Tchomia,Confirmed,0,0,0,8
2019-04-28,2019-04-22,22 Apr 2019 - 28 Apr 2019,Ituri | Tchomia,Confirmed,0,0,0,6
2019-05-05,2019-04-28,28 Apr 2019 - 5 May 2019,Ituri | Tchomia,Confirmed,0,0,0,7
2019-05-12,2019-05-05,5 May 2019 - 12 May 2019,Ituri | Tchomia,Confirmed,0,0,0,7
2019-05-19,2019-05-12,12 May 2019 - 19 May 2019,Ituri | Tchomia,Confirmed,0,0,0,7
2019-05-26,2019-05-19,19 May 2019 - 26 May 2019,Ituri | Tchomia,Confirmed,0,0,0,7
2019-06-02,2019-05-26,26 May 2019 - 2 Jun 2019,Ituri | Tchomia,Confirmed,0,0,0,7
2019-06-12,2019-06-02,2 Jun 2019 - 12 Jun 2019,Ituri | Tchomia,Confirmed,0,0,0,10
2019-06-16,2019-06-12,12 Jun 2019 - 16 Jun 2019,Ituri | Tchomia,Confirmed,0,0,0,4
2019-06-23,2019-06-16,16 Jun 2019 - 23 Jun 2019,Ituri | Tchomia,Confirmed,0,0,0,7
2019-06-30,2019-06-23,23 Jun 2019 - 30 Jun 2019,Ituri | Tchomia,Confirmed,0,0,0,7
2019-07-07,2019-06-30,30 Jun 2019 - 7 Jul 2019,Ituri | Tchomia,Confirmed,0,0,0,7
2019-07-14,2019-07-07,7 Jul 2019 - 14 Jul 2019,Ituri | Tchomia,Confirmed,0,0,0,7
2019-07-21,2019-07-14,14 Jul 2019 - 21 Jul 2019,Ituri | Tchomia,Confirmed,0,0,0,7
2019-07-28,2019-07-21,21 Jul 2019 - 28 Jul 2019,Ituri | Tchomia,Confirmed,0,0,0,7
2019-08-04,2019-07-28,28 Jul 2019 - 4 Aug 2019,Ituri | Tchomia,Confirmed,0,0,0,7
2019-08-11,2019-08-04,4 Aug 2019 - 11 Aug 2019,Ituri | Tchomia,Confirmed,0,0,0,7
2019-08-18,2019-08-11,11 Aug 2019 - 18 Aug 2019,Ituri | Tchomia,Confirmed,0,0,0,7
2019-08-25,2019-08-18,18 Aug 2019 - 25 Aug 2019,Ituri | Tchomia,Confirmed,0,0,0,7
2019-09-01,2019-08-25,25 Aug 2019 - 1 Sep 2019,Ituri | Tchomia,Confirmed,0,0,0,7
2019-09-08,2019-09-01,1 Sep 2019 - 8 Sep 2019,Ituri | Tchomia,Confirmed,0,0,0,7
2019-09-15,2019-09-08,8 Sep 2019 - 15 Sep 2019,Ituri | Tchomia,Confirmed,0,0,0,7
2019-09-22,2019-09-15,15 Sep 2019 - 22 Sep 2019,Ituri | Tchomia,Confirmed,0,0,0,7
2019-09-29,2019-09-22,22 Sep 2019 - 29 Sep 2019,Ituri | Tchomia,Confirmed,0,0,0,7
2019-10-06,2019-09-29,29 Sep 2019 - 6 Oct 2019,Ituri | Tchomia,Confirmed,0,0,0,7
2019-10-13,2019-10-06,6 Oct 2019 - 13 Oct 2019,Ituri | Tchomia,Confirmed,0,0,0,7
2019-10-20,2019-10-13,13 Oct 2019 - 20 Oct 2019,Ituri | Tchomia,Confirmed,0,0,0,7
2019-10-27,2019-10-20,20 Oct 2019 - 27 Oct 2019,Ituri | Tchomia,Confirmed,0,0,0,7
2019-11-03,2019-10-27,27 Oct 2019 - 3 Nov 2019,Ituri | Tchomia,Confirmed,0,0,0,7
2019-11-10,2019-11-03,3 Nov 2019 - 10 Nov 2019,Ituri | Tchomia,Confirmed,0,0,0,7
2019-11-17,2019-11-10,10 Nov 2019 - 17 Nov 2019,Ituri | Tchomia,Confirmed,0,0,0,7
2019-11-24,2019-11-17,17 Nov 2019 - 24 Nov 2019,Ituri | Tchomia,Confirmed,0,0,0,7
2019-12-01,2019-11-24,24 Nov 2019 - 1 Dec 2019,Ituri | Tchomia,Confirmed,0,0,0,7
2019-12-08,2019-12-01,1 Dec 2019 - 8 Dec 2019,Ituri | Tchomia,Confirmed,0,0,0,7
2019-12-15,2019-12-08,8 Dec 2019 - 15 Dec 2019,Ituri | Tchomia,Confirmed,0,0,0,7
2019-12-22,2019-12-15,15 Dec 2019 - 22 Dec 2019,Ituri | Tchomia,Confirmed,0,0,0,7
2020-01-05,2019-12-22,22 Dec 2019 - 5 Jan 2020,Ituri | Tchomia,Confirmed,0,0,0,14
2020-01-12,2020-01-05,5 Jan 2020 - 12 Jan 2020,Ituri | Tchomia,Confirmed,0,0,0,7
2020-01-19,2020-01-12,12 Jan 2020 - 19 Jan 2020,Ituri | Tchomia,Confirmed,0,0,0,7
2020-01-26,2020-01-19,19 Jan 2020 - 26 Jan 2020,Ituri | Tchomia,Confirmed,0,0,0,7
2018-08-05,,unknown - 5 August 2018,Ituri | Tchomia,Probable,0,0,1,
2018-08-12,2018-08-05,5 Aug 2018 - 12 Aug 2018,Ituri | Tchomia,Probable,0,0,0,7
2018-08-20,2018-08-12,12 Aug 2018 - 20 Aug 2018,Ituri | Tchomia,Probable,0,0,0,8
2018-08-26,2018-08-20,20 Aug 2018 - 26 Aug 2018,Ituri | Tchomia,Probable,0,0,0,6
2018-09-02,2018-08-26,26 Aug 2018 - 2 Sep 2018,Ituri | Tchomia,Probable,0,0,0,7
2018-09-09,2018-09-02,2 Sep 2018 - 9 Sep 2018,Ituri | Tchomia,Probable,0,0,0,7
2018-09-16,2018-09-09,9 Sep 2018 - 16 Sep 2018,Ituri | Tchomia,Probable,0,0,0,7
2018-09-23,2018-09-16,16 Sep 2018 - 23 Sep 2018,Ituri | Tchomia,Probable,0,0,0,7
2018-10-02,2018-09-23,23 Sep 2018 - 2 Oct 2018,Ituri | Tchomia,Probable,0,0,0,9
2018-10-07,2018-10-02,2 Oct 2018 - 7 Oct 2018,Ituri | Tchomia,Probable,0,0,0,5
2018-10-15,2018-10-07,7 Oct 2018 - 15 Oct 2018,Ituri | Tchomia,Probable,0,0,0,8
2018-10-21,2018-10-15,15 Oct 2018 - 21 Oct 2018,Ituri | Tchomia,Probable,0,0,0,6
2018-10-28,2018-10-21,21 Oct 2018 - 28 Oct 2018,Ituri | Tchomia,Probable,0,0,0,7
2018-11-04,2018-10-28,28 Oct 2018 - 4 Nov 2018,Ituri | Tchomia,Probable,0,0,0,7
2018-11-11,2018-11-04,4 Nov 2018 - 11 Nov 2018,Ituri | Tchomia,Probable,0,0,0,7
2018-11-19,2018-11-11,11 Nov 2018 - 19 Nov 2018,Ituri | Tchomia,Probable,0,0,0,8
2018-11-26,2018-11-19,19 Nov 2018 - 26 Nov 2018,Ituri | Tchomia,Probable,0,0,0,7
2018-12-03,2018-11-26,26 Nov 2018 - 3 Dec 2018,Ituri | Tchomia,Probable,0,0,0,7
2018-12-10,2018-12-03,3 Dec 2018 - 10 Dec 2018,Ituri | Tchomia,Probable,0,0,0,7
2018-12-16,2018-12-10,10 Dec 2018 - 16 Dec 2018,Ituri | Tchomia,Probable,0,0,0,6
2018-12-25,2018-12-16,16 Dec 2018 - 25 Dec 2018,Ituri | Tchomia,Probable,0,0,0,9
2019-01-01,2018-12-25,25 Dec 2018 - 1 Jan 2019,Ituri | Tchomia,Probable,0,0,0,7
2019-01-06,2019-01-01,1 Jan 2019 - 6 Jan 2019,Ituri | Tchomia,Probable,0,0,0,5
2019-01-14,2019-01-06,6 Jan 2019 - 14 Jan 2019,Ituri | Tchomia,Probable,0,0,0,8
2019-01-21,2019-01-14,14 Jan 2019 - 21 Jan 2019,Ituri | Tchomia,Probable,0,0,0,7
2019-01-28,2019-01-21,21 Jan 2019 - 28 Jan 2019,Ituri | Tchomia,Probable,0,0,0,7
2019-02-03,2019-01-28,28 Jan 2019 - 3 Feb 2019,Ituri | Tchomia,Probable,0,0,0,6
2019-02-10,2019-02-03,3 Feb 2019 - 10 Feb 2019,Ituri | Tchomia,Probable,0,0,0,7
2019-02-17,2019-02-10,10 Feb 2019 - 17 Feb 2019,Ituri | Tchomia,Probable,0,0,0,7
2019-02-24,2019-02-17,17 Feb 2019 - 24 Feb 2019,Ituri | Tchomia,Probable,0,0,0,7
2019-03-03,2019-02-24,24 Feb 2019 - 3 Mar 2019,Ituri | Tchomia,Probable,0,0,0,7
2019-03-10,2019-03-03,3 Mar 2019 - 10 Mar 2019,Ituri | Tchomia,Probable,0,0,0,7
2019-03-17,2019-03-10,10 Mar 2019 - 17 Mar 2019,Ituri | Tchomia,Probable,0,0,0,7
2019-03-24,2019-03-17,17 Mar 2019 - 24 Mar 2019,Ituri | Tchomia,Probable,0,0,0,7
2019-03-31,2019-03-24,24 Mar 2019 - 31 Mar 2019,Ituri | Tchomia,Probable,0,0,0,7
2019-04-07,2019-03-31,31 Mar 2019 - 7 Apr 2019,Ituri | Tchomia,Probable,0,0,0,7
2019-04-14,2019-04-07,7 Apr 2019 - 14 Apr 2019,Ituri | Tchomia,Probable,0,0,0,7
2019-04-22,2019-04-14,14 Apr 2019 - 22 Apr 2019,Ituri | Tchomia,Probable,0,0,0,8
2019-04-28,2019-04-22,22 Apr 2019 - 28 Apr 2019,Ituri | Tchomia,Probable,0,0,0,6
2019-05-05,2019-04-28,28 Apr 2019 - 5 May 2019,Ituri | Tchomia,Probable,0,0,0,7
2019-05-12,2019-05-05,5 May 2019 - 12 May 2019,Ituri | Tchomia,Probable,0,0,0,7
2019-05-19,2019-05-12,12 May 2019 - 19 May 2019,Ituri | Tchomia,Probable,0,0,0,7
2019-05-26,2019-05-19,19 May 2019 - 26 May 2019,Ituri | Tchomia,Probable,0,0,0,7
2019-06-02,2019-05-26,26 May 2019 - 2 Jun 2019,Ituri | Tchomia,Probable,0,0,0,7
2019-06-12,2019-06-02,2 Jun 2019 - 12 Jun 2019,Ituri | Tchomia,Probable,0,0,0,10
2019-06-16,2019-06-12,12 Jun 2019 - 16 Jun 2019,Ituri | Tchomia,Probable,0,0,0,4
2019-06-23,2019-06-16,16 Jun 2019 - 23 Jun 2019,Ituri | Tchomia,Probable,0,0,0,7
2019-06-30,2019-06-23,23 Jun 2019 - 30 Jun 2019,Ituri | Tchomia,Probable,0,0,0,7
2019-07-07,2019-06-30,30 Jun 2019 - 7 Jul 2019,Ituri | Tchomia,Probable,0,0,0,7
2019-07-14,2019-07-07,7 Jul 2019 - 14 Jul 2019,Ituri | Tchomia,Probable,0,0,0,7
2019-07-21,2019-07-14,14 Jul 2019 - 21 Jul 2019,Ituri | Tchomia,Probable,0,0,0,7
2019-07-28,2019-07-21,21 Jul 2019 - 28 Jul 2019,Ituri | Tchomia,Probable,0,0,0,7
2019-08-04,2019-07-28,28 Jul 2019 - 4 Aug 2019,Ituri | Tchomia,Probable,0,0,0,7
2019-08-11,2019-08-04,4 Aug 2019 - 11 Aug 2019,Ituri | Tchomia,Probable,0,0,0,7
2019-08-18,2019-08-11,11 Aug 2019 - 18 Aug 2019,Ituri | Tchomia,Probable,0,0,0,7
2019-08-25,2019-08-18,18 Aug 2019 - 25 Aug 2019,Ituri | Tchomia,Probable,0,0,0,7
2019-09-01,2019-08-25,25 Aug 2019 - 1 Sep 2019,Ituri | Tchomia,Probable,0,0,0,7
2019-09-08,2019-09-01,1 Sep 2019 - 8 Sep 2019,Ituri | Tchomia,Probable,0,0,0,7
2019-09-15,2019-09-08,8 Sep 2019 - 15 Sep 2019,Ituri | Tchomia,Probable,0,0,0,7
2019-09-22,2019-09-15,15 Sep 2019 - 22 Sep 2019,Ituri | Tchomia,Probable,0,0,0,7
2019-09-29,2019-09-22,22 Sep 2019 - 29 Sep 2019,Ituri | Tchomia,Probable,0,0,0,7
2019-10-06,2019-09-29,29 Sep 2019 - 6 Oct 2019,Ituri | Tchomia,Probable,0,0,0,7
2019-10-13,2019-10-06,6 Oct 2019 - 13 Oct 2019,Ituri | Tchomia,Probable,0,0,0,7
2019-10-20,2019-10-13,13 Oct 2019 - 20 Oct 2019,Ituri | Tchomia,Probable,0,0,0,7
2019-10-27,2019-10-20,20 Oct 2019 - 27 Oct 2019,Ituri | Tchomia,Probable,0,0,0,7
2019-11-03,2019-10-27,27 Oct 2019 - 3 Nov 2019,Ituri | Tchomia,Probable,0,0,0,7
2019-11-10,2019-11-03,3 Nov 2019 - 10 Nov 2019,Ituri | Tchomia,Probable,0,0,0,7
2019-11-17,2019-11-10,10 Nov 2019 - 17 Nov 2019,Ituri | Tchomia,Probable,0,0,0,7
2019-11-24,2019-11-17,17 Nov 2019 - 24 Nov 2019,Ituri | Tchomia,Probable,0,0,0,7
2019-12-01,2019-11-24,24 Nov 2019 - 1 Dec 2019,Ituri | Tchomia,Probable,0,0,0,7
2019-12-08,2019-12-01,1 Dec 2019 - 8 Dec 2019,Ituri | Tchomia,Probable,0,0,0,7
2019-12-15,2019-12-08,8 Dec 2019 - 15 Dec 2019,Ituri | Tchomia,Probable,0,0,0,7
2019-12-22,2019-12-15,15 Dec 2019 - 22 Dec 2019,Ituri | Tchomia,Probable,0,0,0,7
2020-01-05,2019-12-22,22 Dec 2019 - 5 Jan 2020,Ituri | Tchomia,Probable,0,0,0,14
2020-01-12,2020-01-05,5 Jan 2020 - 12 Jan 2020,Ituri | Tchomia,Probable,0,0,0,7
2020-01-19,2020-01-12,12 Jan 2020 - 19 Jan 2020,Ituri | Tchomia,Probable,0,0,0,7
2020-01-26,2020-01-19,19 Jan 2020 - 26 Jan 2020,Ituri | Tchomia,Probable,0,0,0,7
